RegionID,SizeRank,RegionName,RegionType,StateName,2018-01-31,2018-02-28,2018-03-31,2018-04-30,2018-05-31,2018-06-30,2018-07-31,2018-08-31,2018-09-30,2018-10-31,2018-11-30,2018-12-31,2019-01-31,2019-02-28,2019-03-31,2019-04-30,2019-05-31,2019-06-30,2019-07-31,2019-08-31,2019-09-30,2019-10-31,2019-11-30,2019-12-31,2020-01-31,2020-02-29,2020-03-31,2020-04-30,2020-05-31,2020-06-30,2020-07-31,2020-08-31,2020-09-30,2020-10-31,2020-11-30,2020-12-31,2021-01-31,2021-02-28,2021-03-31,2021-04-30,2021-05-31,2021-06-30,2021-07-31,2021-08-31,2021-09-30,2021-10-31,2021-11-30,2021-12-31,2022-01-31,2022-02-28,2022-03-31,2022-04-30,2022-05-31,2022-06-30,2022-07-31,2022-08-31,2022-09-30,2022-10-31,2022-11-30,2022-12-31,2023-01-31,2023-02-28,2023-03-31,2023-04-30,2023-05-31,2023-06-30,2023-07-31,2023-08-31,2023-09-30,2023-10-31,2023-11-30,2023-12-31,2024-01-31,2024-02-29,2024-03-31,2024-04-30,2024-05-31,2024-06-30,2024-07-31,2024-08-31,2024-09-30,2024-10-31,2024-11-30,2024-12-31,2025-01-31,2025-02-28,2025-03-31,2025-04-30,2025-05-31,2025-06-30,2025-07-31,2025-08-31,2025-09-30,2025-10-31,2025-11-30,2025-12-31,2026-01-31,2026-02-28,2026-03-31,2026-04-30,2026-05-31
102001,0,United States,country,,45004.0,46922.0,61899.0,57902.0,64339.0,64371.0,57509.0,61717.0,52024.0,54045.0,52242.0,56128.0,42148.0,46213.0,58911.0,58647.0,63463.0,59420.0,58302.0,59347.0,53931.0,56201.0,53051.0,61844.0,46800.0,50066.0,62533.0,53847.0,55037.0,69079.0,72928.0,67452.0,67794.0,68685.0,61699.0,73265.0,53070.0,56619.0,74188.0,67391.0,63924.0,66650.0,57728.0,58739.0,59109.0,54696.0,56432.0,67522.0,54160.0,57495.0,74253.0,63959.0,66989.0,70052.0,57479.0,63611.0,61917.0,57102.0,55531.0,64014.0,44546.0,51996.0,71034.0,60605.0,69153.0,70628.0,60176.0,67727.0,62359.0,60036.0,58752.0,58883.0,45264.0,54613.0,63739.0,61373.0,66224.0,61001.0,59670.0,60474.0,56431.0,57401.0,54743.0,60633.0,40288.0,45255.0,54607.0,52239.0,56155.0,52369.0,47902.0,48518.0,48309.0,45380.0,40535.0,51001.0,30397.0,37087.0,48378.0,44680.0,47773.0
394913,1,"New York, NY",msa,NY,607.0,517.0,620.0,602.0,714.0,697.0,728.0,775.0,607.0,753.0,650.0,637.0,629.0,497.0,586.0,664.0,789.0,684.0,694.0,696.0,637.0,760.0,666.0,680.0,629.0,579.0,606.0,488.0,504.0,626.0,717.0,773.0,710.0,891.0,723.0,832.0,664.0,648.0,787.0,790.0,767.0,864.0,734.0,714.0,625.0,649.0,586.0,724.0,665.0,625.0,712.0,716.0,708.0,740.0,676.0,726.0,559.0,622.0,714.0,593.0,446.0,470.0,588.0,443.0,559.0,633.0,499.0,626.0,560.0,544.0,504.0,414.0,461.0,387.0,444.0,447.0,599.0,473.0,515.0,514.0,424.0,468.0,506.0,453.0,450.0,387.0,387.0,402.0,431.0,415.0,401.0,512.0,419.0,471.0,398.0,421.0,336.0,294.0,344.0,352.0,355.0
753899,2,"Los Angeles, CA",msa,CA,488.0,517.0,864.0,655.0,763.0,816.0,615.0,660.0,556.0,674.0,688.0,766.0,380.0,438.0,690.0,601.0,581.0,632.0,618.0,630.0,646.0,698.0,736.0,963.0,430.0,425.0,530.0,361.0,348.0,457.0,511.0,522.0,573.0,621.0,491.0,591.0,310.0,421.0,523.0,447.0,485.0,430.0,402.0,340.0,326.0,348.0,392.0,436.0,233.0,258.0,328.0,261.0,253.0,239.0,242.0,216.0,230.0,265.0,271.0,247.0,166.0,230.0,303.0,259.0,261.0,281.0,294.0,292.0,257.0,240.0,349.0,246.0,172.0,222.0,295.0,326.0,294.0,283.0,194.0,235.0,174.0,188.0,225.0,239.0,159.0,252.0,212.0,192.0,238.0,197.0,203.0,203.0,241.0,214.0,205.0,238.0,146.0,209.0,208.0,204.0,193.0
394463,3,"Chicago, IL",msa,IL,453.0,360.0,577.0,603.0,678.0,601.0,596.0,590.0,556.0,573.0,550.0,492.0,444.0,437.0,563.0,587.0,636.0,582.0,589.0,570.0,527.0,542.0,537.0,499.0,470.0,453.0,528.0,486.0,534.0,575.0,685.0,658.0,625.0,638.0,566.0,599.0,479.0,488.0,714.0,637.0,585.0,576.0,511.0,567.0,494.0,500.0,534.0,490.0,470.0,505.0,729.0,647.0,595.0,678.0,488.0,611.0,572.0,528.0,526.0,513.0,397.0,408.0,641.0,523.0,556.0,713.0,591.0,728.0,592.0,579.0,671.0,502.0,407.0,527.0,522.0,582.0,656.0,501.0,519.0,549.0,514.0,531.0,589.0,479.0,418.0,484.0,580.0,554.0,561.0,506.0,495.0,561.0,572.0,535.0,534.0,504.0,345.0,418.0,652.0,527.0,559.0
394514,4,"Dallas, TX",msa,TX,1575.0,1719.0,2402.0,2291.0,2401.0,2384.0,2242.0,2449.0,2144.0,1940.0,1757.0,2322.0,1366.0,1500.0,2168.0,2128.0,1909.0,1642.0,1757.0,1729.0,1642.0,1557.0,1431.0,1991.0,1195.0,1406.0,1848.0,1555.0,1696.0,2164.0,2223.0,1871.0,1959.0,2053.0,1901.0,2211.0,1389.0,1216.0,1586.0,1477.0,1498.0,1395.0,1182.0,1127.0,1363.0,1309.0,1378.0,1973.0,1214.0,1275.0,1762.0,1505.0,1581.0,1631.0,1318.0,1601.0,1633.0,1507.0,1619.0,2351.0,1438.0,2026.0,2562.0,2214.0,2284.0,2264.0,1885.0,2142.0,1936.0,1894.0,1783.0,2136.0,1524.0,1851.0,2209.0,2096.0,2244.0,2103.0,1985.0,2060.0,2144.0,2104.0,2247.0,2553.0,1613.0,1893.0,2302.0,2129.0,2552.0,2393.0,2272.0,2142.0,2267.0,2016.0,1951.0,2712.0,1418.0,1654.0,2425.0,2258.0,2239.0
394692,5,"Houston, TX",msa,TX,1514.0,1867.0,2253.0,2371.0,2598.0,2581.0,2407.0,2596.0,2027.0,2293.0,2225.0,2753.0,1583.0,1778.0,2376.0,2623.0,2377.0,2125.0,2026.0,1968.0,1894.0,1937.0,1792.0,2413.0,1337.0,1737.0,2083.0,1813.0,1975.0,2577.0,2587.0,2148.0,2436.0,2538.0,2475.0,2773.0,1494.0,1522.0,2389.0,2229.0,2075.0,1898.0,1592.0,1565.0,1460.0,1416.0,1435.0,2005.0,1523.0,1883.0,2422.0,1953.0,2070.0,2223.0,1647.0,1785.0,1878.0,1766.0,1809.0,2429.0,1419.0,1944.0,2450.0,2081.0,2304.0,2233.0,1846.0,2005.0,1991.0,1943.0,2347.0,2302.0,1638.0,2197.0,2386.0,2314.0,2465.0,2298.0,2183.0,2159.0,2335.0,2158.0,2354.0,2792.0,1600.0,2213.0,2494.0,2355.0,2685.0,2432.0,2340.0,2505.0,2402.0,2424.0,2295.0,2810.0,1624.0,1986.0,2496.0,2559.0,2601.0
395209,6,"Washington, DC",msa,VA,1176.0,1050.0,1427.0,1195.0,1408.0,1557.0,1239.0,1490.0,1218.0,1272.0,1191.0,1262.0,1160.0,925.0,1290.0,1302.0,1301.0,1311.0,1189.0,1312.0,1189.0,1303.0,1066.0,1332.0,1128.0,1052.0,1342.0,1109.0,1125.0,1340.0,1384.0,1182.0,1274.0,1353.0,1202.0,1292.0,1160.0,1168.0,1456.0,1380.0,1376.0,1476.0,1220.0,1317.0,1184.0,1193.0,1120.0,1395.0,1122.0,1030.0,1349.0,1161.0,1148.0,1220.0,981.0,1089.0,958.0,952.0,913.0,970.0,753.0,763.0,1010.0,837.0,913.0,982.0,1007.0,1015.0,919.0,955.0,878.0,871.0,711.0,783.0,865.0,832.0,847.0,806.0,872.0,840.0,747.0,847.0,800.0,1039.0,721.0,582.0,800.0,697.0,681.0,643.0,632.0,600.0,576.0,612.0,572.0,693.0,377.0,492.0,615.0,543.0,562.0
394974,7,"Philadelphia, PA",msa,PA,554.0,456.0,591.0,637.0,692.0,675.0,596.0,671.0,592.0,606.0,555.0,522.0,452.0,412.0,589.0,631.0,659.0,658.0,625.0,718.0,605.0,672.0,589.0,596.0,580.0,503.0,599.0,494.0,456.0,608.0,613.0,606.0,679.0,805.0,647.0,746.0,670.0,609.0,749.0,790.0,730.0,748.0,705.0,711.0,627.0,616.0,595.0,661.0,690.0,645.0,734.0,599.0,632.0,622.0,567.0,516.0,525.0,492.0,483.0,459.0,405.0,370.0,477.0,425.0,456.0,487.0,427.0,444.0,384.0,405.0,379.0,330.0,339.0,324.0,396.0,424.0,427.0,368.0,352.0,389.0,321.0,355.0,319.0,346.0,293.0,272.0,273.0,329.0,315.0,279.0,296.0,268.0,244.0,319.0,249.0,271.0,210.0,216.0,297.0,299.0,255.0
394856,8,"Miami, FL",msa,FL,600.0,790.0,1357.0,1272.0,1439.0,1667.0,1281.0,1314.0,1221.0,1027.0,981.0,1057.0,737.0,743.0,787.0,708.0,735.0,644.0,749.0,654.0,634.0,675.0,655.0,925.0,671.0,500.0,734.0,664.0,560.0,709.0,726.0,736.0,699.0,768.0,613.0,834.0,651.0,657.0,911.0,848.0,871.0,834.0,733.0,837.0,763.0,655.0,684.0,839.0,533.0,549.0,763.0,582.0,646.0,704.0,633.0,743.0,693.0,591.0,743.0,876.0,434.0,457.0,616.0,494.0,623.0,578.0,540.0,595.0,595.0,564.0,572.0,643.0,329.0,364.0,472.0,465.0,489.0,434.0,375.0,427.0,356.0,376.0,345.0,384.0,224.0,278.0,293.0,323.0,398.0,462.0,276.0,327.0,265.0,273.0,285.0,283.0,199.0,217.0,271.0,254.0,324.0
394347,9,"Atlanta, GA",msa,GA,1827.0,2188.0,2955.0,2573.0,2833.0,2817.0,2505.0,2636.0,2353.0,2146.0,2237.0,2683.0,1684.0,1891.0,2430.0,2419.0,2657.0,2542.0,2483.0,2612.0,2431.0,2327.0,2356.0,2860.0,1723.0,2135.0,2724.0,2344.0,2432.0,3205.0,3130.0,2957.0,2883.0,2959.0,2733.0,3344.0,2216.0,2599.0,3296.0,2826.0,2716.0,2632.0,2211.0,1930.0,2223.0,2042.0,2226.0,2273.0,1758.0,1747.0,2362.0,1932.0,2013.0,2138.0,1772.0,1824.0,1931.0,1720.0,1641.0,2048.0,1324.0,1585.0,2233.0,1831.0,2010.0,1898.0,1582.0,1650.0,1548.0,1500.0,1462.0,1549.0,1199.0,1401.0,1722.0,1509.0,1543.0,1412.0,1337.0,1309.0,1387.0,1374.0,1114.0,1394.0,965.0,1064.0,1261.0,1222.0,1252.0,1231.0,999.0,1071.0,1087.0,1092.0,872.0,1345.0,696.0,982.0,1319.0,1091.0,1115.0
394404,10,"Boston, MA",msa,MA,488.0,474.0,789.0,679.0,665.0,736.0,671.0,648.0,494.0,558.0,517.0,531.0,424.0,355.0,536.0,539.0,618.0,626.0,531.0,625.0,489.0,497.0,530.0,645.0,443.0,512.0,594.0,490.0,454.0,580.0,641.0,607.0,629.0,628.0,529.0,690.0,469.0,418.0,631.0,613.0,511.0,540.0,484.0,516.0,561.0,377.0,438.0,600.0,323.0,295.0,399.0,365.0,371.0,417.0,308.0,347.0,313.0,324.0,313.0,284.0,217.0,215.0,276.0,268.0,310.0,351.0,407.0,453.0,400.0,340.0,329.0,354.0,268.0,274.0,408.0,344.0,388.0,321.0,332.0,350.0,276.0,292.0,265.0,273.0,246.0,239.0,274.0,319.0,367.0,344.0,316.0,247.0,300.0,283.0,246.0,288.0,244.0,204.0,346.0,308.0,344.0
394976,11,"Phoenix, AZ",msa,AZ,1275.0,1440.0,1785.0,1593.0,1884.0,1785.0,1706.0,1847.0,1790.0,1641.0,1676.0,1936.0,1259.0,1539.0,1825.0,1855.0,2078.0,1827.0,1864.0,2028.0,2060.0,1968.0,2030.0,2262.0,1550.0,1868.0,2058.0,1796.0,2030.0,2168.0,2213.0,2165.0,2297.0,2275.0,2066.0,2423.0,1510.0,1879.0,2320.0,2005.0,2272.0,2220.0,1758.0,2015.0,2331.0,1767.0,1808.0,2319.0,1409.0,1754.0,2153.0,1812.0,2067.0,1968.0,1558.0,1938.0,1950.0,1558.0,1488.0,1793.0,1114.0,1402.0,1948.0,1666.0,2122.0,1937.0,1628.0,1868.0,1878.0,1611.0,1370.0,1555.0,1180.0,1477.0,1729.0,1549.0,1648.0,1604.0,1448.0,1444.0,1539.0,1418.0,1228.0,1301.0,1008.0,1234.0,1513.0,1454.0,2193.0,1277.0,1324.0,1147.0,1210.0,1088.0,1130.0,1239.0,944.0,980.0,1526.0,1038.0,1421.0
395057,12,"San Francisco, CA",msa,CA,299.0,288.0,418.0,367.0,348.0,387.0,273.0,290.0,281.0,305.0,279.0,281.0,118.0,169.0,202.0,211.0,268.0,223.0,212.0,208.0,228.0,253.0,275.0,340.0,198.0,264.0,255.0,195.0,155.0,267.0,301.0,288.0,300.0,301.0,301.0,439.0,187.0,191.0,271.0,309.0,292.0,326.0,270.0,281.0,283.0,298.0,277.0,370.0,152.0,266.0,296.0,224.0,221.0,249.0,157.0,205.0,178.0,242.0,213.0,278.0,111.0,192.0,241.0,210.0,204.0,190.0,138.0,205.0,187.0,195.0,222.0,202.0,105.0,154.0,177.0,201.0,215.0,164.0,137.0,206.0,135.0,194.0,139.0,162.0,80.0,68.0,96.0,104.0,92.0,87.0,74.0,103.0,100.0,118.0,74.0,123.0,59.0,86.0,104.0,91.0,76.0
395025,13,"Riverside, CA",msa,CA,558.0,688.0,890.0,787.0,912.0,880.0,669.0,881.0,869.0,839.0,991.0,905.0,463.0,579.0,851.0,699.0,764.0,643.0,620.0,729.0,586.0,717.0,885.0,830.0,622.0,662.0,788.0,571.0,708.0,838.0,850.0,771.0,807.0,739.0,1003.0,1126.0,720.0,854.0,1167.0,837.0,888.0,995.0,762.0,886.0,910.0,823.0,990.0,1103.0,657.0,797.0,928.0,693.0,837.0,772.0,577.0,766.0,798.0,756.0,939.0,972.0,590.0,584.0,747.0,562.0,687.0,716.0,584.0,784.0,763.0,707.0,991.0,878.0,549.0,600.0,825.0,672.0,726.0,600.0,607.0,650.0,612.0,612.0,707.0,638.0,323.0,480.0,563.0,467.0,526.0,532.0,414.0,513.0,526.0,424.0,521.0,483.0,275.0,336.0,414.0,320.0,357.0
394532,14,"Detroit, MI",msa,MI,310.0,284.0,351.0,314.0,385.0,350.0,379.0,391.0,288.0,330.0,320.0,254.0,261.0,250.0,292.0,304.0,346.0,290.0,315.0,345.0,284.0,297.0,238.0,247.0,205.0,231.0,264.0,149.0,131.0,234.0,301.0,319.0,321.0,356.0,281.0,344.0,333.0,316.0,413.0,363.0,360.0,425.0,310.0,302.0,353.0,311.0,327.0,328.0,276.0,243.0,330.0,275.0,234.0,300.0,242.0,254.0,241.0,206.0,179.0,202.0,131.0,140.0,293.0,239.0,245.0,296.0,251.0,284.0,231.0,246.0,190.0,241.0,195.0,218.0,239.0,229.0,231.0,200.0,226.0,219.0,160.0,213.0,187.0,215.0,163.0,142.0,192.0,195.0,203.0,192.0,220.0,191.0,179.0,232.0,179.0,231.0,127.0,134.0,160.0,178.0,201.0
395078,15,"Seattle, WA",msa,WA,785.0,888.0,1170.0,959.0,1110.0,1043.0,851.0,991.0,820.0,788.0,849.0,894.0,698.0,964.0,1164.0,1036.0,1115.0,991.0,920.0,987.0,850.0,905.0,949.0,1211.0,887.0,1119.0,1327.0,637.0,656.0,884.0,996.0,1050.0,1119.0,1113.0,1021.0,1161.0,850.0,964.0,1135.0,912.0,882.0,983.0,1059.0,1016.0,1093.0,1062.0,1091.0,1219.0,789.0,849.0,1083.0,856.0,918.0,801.0,673.0,786.0,877.0,695.0,816.0,728.0,568.0,885.0,1062.0,773.0,838.0,805.0,717.0,838.0,716.0,631.0,703.0,594.0,533.0,783.0,678.0,702.0,685.0,621.0,581.0,608.0,612.0,639.0,561.0,597.0,535.0,615.0,675.0,618.0,598.0,547.0,481.0,615.0,534.0,562.0,484.0,579.0,375.0,513.0,534.0,436.0,469.0
394865,16,"Minneapolis, MN",msa,MN,528.0,554.0,735.0,752.0,879.0,823.0,758.0,907.0,710.0,871.0,809.0,624.0,507.0,502.0,691.0,801.0,889.0,811.0,793.0,826.0,703.0,810.0,785.0,665.0,569.0,541.0,700.0,812.0,772.0,913.0,1008.0,985.0,908.0,954.0,817.0,852.0,643.0,797.0,989.0,957.0,809.0,898.0,855.0,805.0,774.0,798.0,778.0,788.0,536.0,674.0,809.0,829.0,927.0,825.0,705.0,682.0,719.0,587.0,628.0,653.0,397.0,493.0,765.0,748.0,797.0,794.0,572.0,793.0,622.0,687.0,681.0,556.0,446.0,622.0,690.0,638.0,710.0,575.0,556.0,602.0,502.0,611.0,518.0,489.0,396.0,449.0,583.0,598.0,593.0,535.0,451.0,556.0,489.0,488.0,386.0,450.0,289.0,367.0,451.0,444.0,461.0
395056,17,"San Diego, CA",msa,CA,192.0,171.0,214.0,234.0,244.0,199.0,152.0,211.0,139.0,155.0,176.0,181.0,70.0,119.0,159.0,171.0,139.0,129.0,138.0,149.0,138.0,132.0,154.0,211.0,86.0,122.0,123.0,110.0,87.0,122.0,156.0,130.0,132.0,162.0,124.0,157.0,74.0,95.0,122.0,77.0,83.0,73.0,62.0,44.0,45.0,56.0,54.0,68.0,25.0,30.0,48.0,38.0,26.0,39.0,31.0,49.0,37.0,37.0,90.0,71.0,42.0,56.0,62.0,66.0,55.0,76.0,58.0,74.0,66.0,69.0,69.0,53.0,45.0,59.0,62.0,55.0,68.0,55.0,67.0,121.0,72.0,98.0,131.0,84.0,46.0,62.0,55.0,64.0,49.0,47.0,48.0,71.0,58.0,72.0,67.0,96.0,28.0,56.0,60.0,61.0,78.0
395148,18,"Tampa, FL",msa,FL,933.0,841.0,1068.0,1042.0,1136.0,1095.0,1004.0,1084.0,937.0,956.0,1152.0,1071.0,999.0,1062.0,1247.0,1014.0,1214.0,1046.0,1009.0,1174.0,1007.0,1056.0,1209.0,1359.0,915.0,1020.0,1278.0,1135.0,1177.0,1342.0,1171.0,1101.0,1188.0,1184.0,1253.0,1522.0,1004.0,1233.0,1453.0,1386.0,1263.0,1246.0,1088.0,1151.0,1253.0,1055.0,1166.0,1330.0,1081.0,984.0,1366.0,956.0,1064.0,1177.0,909.0,1056.0,854.0,1177.0,1290.0,1226.0,1054.0,1120.0,1229.0,1115.0,1318.0,1209.0,982.0,1176.0,1028.0,1113.0,1172.0,863.0,856.0,1117.0,990.0,1029.0,1377.0,953.0,1018.0,1164.0,832.0,828.0,877.0,839.0,713.0,753.0,817.0,866.0,951.0,783.0,738.0,717.0,652.0,608.0,589.0,879.0,556.0,661.0,820.0,577.0,733.0
394530,19,"Denver, CO",msa,CO,666.0,638.0,987.0,878.0,997.0,1014.0,878.0,860.0,856.0,869.0,779.0,982.0,686.0,678.0,966.0,949.0,874.0,866.0,765.0,829.0,792.0,843.0,790.0,1046.0,692.0,658.0,867.0,762.0,749.0,874.0,1069.0,911.0,1006.0,998.0,890.0,1179.0,694.0,719.0,977.0,877.0,871.0,972.0,812.0,926.0,945.0,799.0,861.0,994.0,642.0,638.0,872.0,676.0,737.0,846.0,592.0,704.0,813.0,702.0,698.0,891.0,439.0,526.0,774.0,658.0,646.0,662.0,587.0,616.0,531.0,518.0,525.0,542.0,404.0,526.0,665.0,598.0,613.0,566.0,461.0,579.0,532.0,595.0,582.0,705.0,432.0,525.0,731.0,614.0,585.0,540.0,399.0,473.0,511.0,433.0,332.0,512.0,257.0,347.0,474.0,384.0,401.0
394358,20,"Baltimore, MD",msa,MD,424.0,305.0,380.0,413.0,456.0,534.0,390.0,526.0,416.0,490.0,414.0,363.0,427.0,359.0,470.0,442.0,424.0,506.0,409.0,492.0,479.0,462.0,382.0,422.0,392.0,371.0,480.0,372.0,397.0,547.0,465.0,413.0,483.0,494.0,435.0,430.0,463.0,399.0,543.0,485.0,557.0,615.0,435.0,456.0,444.0,394.0,385.0,378.0,343.0,320.0,411.0,347.0,372.0,375.0,301.0,364.0,305.0,232.0,251.0,206.0,205.0,205.0,257.0,197.0,235.0,237.0,221.0,285.0,268.0,221.0,200.0,207.0,192.0,164.0,235.0,205.0,271.0,247.0,187.0,214.0,248.0,298.0,337.0,301.0,230.0,252.0,293.0,257.0,271.0,272.0,206.0,183.0,204.0,173.0,170.0,169.0,114.0,146.0,179.0,139.0,132.0
395121,21,"St. Louis, MO",msa,MO,253.0,280.0,294.0,271.0,355.0,365.0,320.0,330.0,290.0,298.0,290.0,340.0,171.0,188.0,269.0,279.0,311.0,274.0,307.0,305.0,300.0,307.0,285.0,377.0,219.0,240.0,328.0,312.0,310.0,373.0,348.0,355.0,346.0,315.0,255.0,338.0,282.0,264.0,373.0,300.0,300.0,344.0,321.0,282.0,301.0,249.0,245.0,311.0,248.0,191.0,301.0,233.0,275.0,269.0,215.0,205.0,238.0,199.0,202.0,216.0,146.0,169.0,261.0,212.0,250.0,268.0,197.0,215.0,195.0,181.0,157.0,210.0,179.0,182.0,200.0,208.0,220.0,209.0,213.0,216.0,146.0,189.0,180.0,212.0,147.0,130.0,177.0,192.0,204.0,189.0,153.0,148.0,118.0,141.0,121.0,168.0,94.0,108.0,150.0,142.0,161.0
394943,22,"Orlando, FL",msa,FL,1118.0,891.0,1236.0,1175.0,1340.0,1282.0,1194.0,1224.0,1200.0,1198.0,1173.0,1338.0,1002.0,997.0,1234.0,1179.0,1440.0,1287.0,1252.0,1482.0,1200.0,1382.0,1156.0,1603.0,930.0,1047.0,1309.0,1009.0,1071.0,1259.0,1298.0,1254.0,1248.0,1208.0,1219.0,1465.0,1069.0,1235.0,1428.0,1425.0,1234.0,1196.0,944.0,1007.0,1060.0,863.0,960.0,1132.0,820.0,850.0,1141.0,840.0,1016.0,960.0,783.0,862.0,720.0,969.0,799.0,1038.0,722.0,743.0,995.0,889.0,1074.0,1018.0,894.0,957.0,1016.0,900.0,1020.0,1033.0,682.0,821.0,941.0,854.0,908.0,837.0,772.0,761.0,749.0,653.0,792.0,986.0,621.0,673.0,802.0,763.0,922.0,771.0,673.0,745.0,698.0,725.0,635.0,757.0,459.0,535.0,758.0,634.0,721.0
394458,23,"Charlotte, NC",msa,NC,943.0,1039.0,1391.0,1308.0,1343.0,1443.0,1198.0,1340.0,1110.0,1097.0,1117.0,1334.0,935.0,999.0,1386.0,1415.0,1435.0,1414.0,1299.0,1441.0,1361.0,1358.0,1240.0,1669.0,1089.0,1262.0,1675.0,1251.0,1453.0,1674.0,1630.0,1488.0,1555.0,1470.0,1262.0,1789.0,1199.0,1408.0,1814.0,1554.0,1431.0,1556.0,1277.0,1361.0,1360.0,1121.0,1155.0,1353.0,986.0,1021.0,1329.0,1008.0,1200.0,1345.0,1066.0,1256.0,1290.0,1143.0,1133.0,1309.0,869.0,976.0,1393.0,1268.0,1292.0,1364.0,1148.0,1313.0,1305.0,1101.0,1157.0,1068.0,802.0,992.0,1213.0,1124.0,1154.0,1072.0,1003.0,1001.0,964.0,1050.0,973.0,1130.0,734.0,825.0,1040.0,941.0,937.0,926.0,877.0,936.0,992.0,866.0,759.0,1039.0,544.0,682.0,896.0,818.0,929.0
395055,24,"San Antonio, TX",msa,TX,640.0,683.0,919.0,804.0,1001.0,1026.0,933.0,946.0,769.0,741.0,875.0,944.0,610.0,660.0,929.0,910.0,1089.0,937.0,795.0,822.0,616.0,661.0,674.0,729.0,499.0,558.0,803.0,741.0,860.0,1032.0,1109.0,988.0,974.0,909.0,966.0,1078.0,674.0,678.0,1102.0,981.0,911.0,729.0,620.0,702.0,635.0,455.0,523.0,741.0,551.0,696.0,929.0,857.0,863.0,834.0,744.0,843.0,898.0,740.0,780.0,968.0,661.0,1011.0,1232.0,1158.0,1390.0,1232.0,1076.0,1194.0,1003.0,1007.0,1209.0,1036.0,814.0,1185.0,1258.0,1116.0,1317.0,1233.0,1299.0,1315.0,1183.0,1311.0,1313.0,1220.0,1005.0,1147.0,1207.0,1224.0,1393.0,1093.0,1088.0,1141.0,967.0,952.0,986.0,1229.0,747.0,989.0,1209.0,1078.0,1323.0
394998,25,"Portland, OR",msa,OR,375.0,490.0,636.0,573.0,614.0,564.0,435.0,582.0,476.0,451.0,540.0,501.0,441.0,551.0,593.0,605.0,748.0,637.0,644.0,669.0,565.0,606.0,600.0,669.0,577.0,651.0,799.0,554.0,537.0,699.0,836.0,776.0,866.0,755.0,634.0,778.0,563.0,658.0,774.0,687.0,607.0,609.0,599.0,583.0,510.0,530.0,577.0,625.0,485.0,584.0,605.0,564.0,617.0,497.0,394.0,446.0,401.0,329.0,344.0,348.0,274.0,402.0,456.0,418.0,430.0,381.0,400.0,493.0,417.0,396.0,358.0,393.0,325.0,412.0,443.0,496.0,516.0,454.0,470.0,496.0,461.0,512.0,427.0,427.0,346.0,475.0,523.0,470.0,470.0,428.0,379.0,435.0,347.0,413.0,354.0,419.0,297.0,398.0,419.0,423.0,413.0
395045,26,"Sacramento, CA",msa,CA,392.0,447.0,524.0,485.0,493.0,432.0,403.0,484.0,403.0,396.0,423.0,355.0,277.0,400.0,491.0,455.0,516.0,426.0,437.0,433.0,455.0,526.0,497.0,563.0,376.0,426.0,442.0,442.0,412.0,490.0,556.0,597.0,581.0,537.0,536.0,554.0,365.0,491.0,534.0,542.0,510.0,553.0,565.0,594.0,576.0,567.0,572.0,682.0,456.0,503.0,684.0,612.0,600.0,620.0,543.0,560.0,510.0,519.0,527.0,502.0,383.0,451.0,581.0,502.0,520.0,434.0,435.0,529.0,454.0,500.0,533.0,473.0,419.0,508.0,542.0,464.0,526.0,480.0,483.0,561.0,515.0,497.0,502.0,509.0,382.0,481.0,441.0,411.0,371.0,358.0,304.0,328.0,357.0,351.0,322.0,373.0,219.0,296.0,300.0,254.0,276.0
394982,27,"Pittsburgh, PA",msa,PA,181.0,204.0,235.0,217.0,263.0,270.0,237.0,277.0,223.0,219.0,248.0,209.0,215.0,192.0,239.0,231.0,295.0,289.0,275.0,262.0,209.0,222.0,204.0,210.0,196.0,190.0,197.0,113.0,200.0,211.0,272.0,281.0,242.0,270.0,190.0,297.0,240.0,229.0,327.0,214.0,181.0,227.0,154.0,186.0,170.0,197.0,179.0,160.0,130.0,164.0,195.0,155.0,192.0,176.0,131.0,168.0,174.0,157.0,131.0,150.0,86.0,101.0,146.0,133.0,154.0,133.0,106.0,108.0,135.0,143.0,129.0,140.0,84.0,84.0,114.0,125.0,111.0,107.0,141.0,127.0,99.0,152.0,97.0,96.0,72.0,59.0,78.0,92.0,90.0,75.0,88.0,108.0,84.0,80.0,90.0,94.0,64.0,71.0,88.0,106.0,75.0
394466,28,"Cincinnati, OH",msa,OH,597.0,569.0,469.0,395.0,423.0,386.0,400.0,392.0,360.0,315.0,292.0,316.0,303.0,300.0,391.0,382.0,335.0,383.0,387.0,376.0,339.0,388.0,315.0,320.0,320.0,343.0,388.0,331.0,308.0,436.0,490.0,379.0,382.0,363.0,304.0,287.0,344.0,308.0,455.0,390.0,351.0,361.0,307.0,313.0,239.0,254.0,242.0,274.0,228.0,236.0,368.0,278.0,293.0,311.0,231.0,232.0,226.0,203.0,222.0,219.0,192.0,205.0,293.0,231.0,279.0,243.0,245.0,245.0,225.0,235.0,169.0,190.0,156.0,200.0,218.0,176.0,206.0,182.0,175.0,162.0,181.0,140.0,158.0,190.0,125.0,176.0,196.0,170.0,214.0,191.0,168.0,176.0,165.0,162.0,168.0,257.0,114.0,149.0,185.0,162.0,180.0
394355,29,"Austin, TX",msa,TX,847.0,949.0,1181.0,1046.0,1264.0,1243.0,1152.0,1197.0,1029.0,909.0,962.0,1149.0,648.0,826.0,1172.0,968.0,1143.0,1054.0,1084.0,855.0,792.0,759.0,946.0,1121.0,678.0,820.0,1019.0,802.0,855.0,1170.0,1086.0,1058.0,1085.0,1086.0,1156.0,1363.0,775.0,667.0,983.0,648.0,667.0,733.0,525.0,592.0,669.0,514.0,631.0,916.0,524.0,583.0,858.0,692.0,725.0,804.0,658.0,849.0,1007.0,731.0,790.0,1128.0,592.0,831.0,979.0,822.0,1116.0,1040.0,873.0,941.0,860.0,817.0,846.0,977.0,690.0,836.0,1003.0,884.0,1018.0,958.0,925.0,980.0,949.0,963.0,987.0,1049.0,762.0,718.0,951.0,877.0,1074.0,981.0,849.0,840.0,944.0,737.0,719.0,1092.0,642.0,776.0,1054.0,855.0,952.0
394775,30,"Las Vegas, NV",msa,NV,679.0,605.0,1020.0,828.0,881.0,893.0,838.0,886.0,975.0,732.0,775.0,854.0,601.0,781.0,856.0,867.0,887.0,835.0,939.0,892.0,931.0,807.0,743.0,817.0,713.0,756.0,831.0,687.0,699.0,952.0,1035.0,930.0,1019.0,840.0,839.0,1027.0,718.0,903.0,1150.0,944.0,996.0,1120.0,892.0,1031.0,1050.0,832.0,1028.0,1041.0,710.0,877.0,1097.0,950.0,1069.0,1121.0,887.0,1039.0,1084.0,866.0,937.0,963.0,623.0,810.0,1064.0,854.0,999.0,1070.0,893.0,1141.0,1045.0,890.0,832.0,796.0,657.0,891.0,887.0,766.0,862.0,781.0,751.0,772.0,637.0,641.0,563.0,676.0,380.0,472.0,488.0,441.0,393.0,502.0,415.0,460.0,481.0,392.0,392.0,438.0,266.0,296.0,397.0,335.0,343.0
394735,31,"Kansas City, MO",msa,MO,258.0,296.0,412.0,364.0,478.0,434.0,348.0,350.0,249.0,320.0,305.0,238.0,230.0,218.0,262.0,348.0,375.0,363.0,337.0,336.0,269.0,300.0,249.0,283.0,209.0,211.0,337.0,354.0,343.0,427.0,483.0,406.0,432.0,386.0,330.0,351.0,270.0,303.0,437.0,381.0,395.0,377.0,385.0,346.0,346.0,343.0,332.0,392.0,295.0,288.0,378.0,401.0,440.0,404.0,319.0,323.0,300.0,319.0,289.0,273.0,192.0,229.0,313.0,333.0,413.0,420.0,304.0,336.0,263.0,290.0,243.0,237.0,161.0,200.0,316.0,292.0,353.0,349.0,299.0,300.0,254.0,291.0,252.0,326.0,188.0,220.0,307.0,323.0,375.0,369.0,339.0,358.0,316.0,282.0,270.0,281.0,173.0,232.0,327.0,335.0,337.0
394492,32,"Columbus, OH",msa,OH,305.0,291.0,333.0,304.0,342.0,333.0,292.0,297.0,293.0,326.0,294.0,358.0,307.0,233.0,324.0,365.0,377.0,362.0,380.0,346.0,371.0,401.0,312.0,372.0,293.0,286.0,369.0,334.0,384.0,417.0,446.0,424.0,400.0,447.0,326.0,461.0,355.0,340.0,415.0,421.0,403.0,426.0,382.0,409.0,416.0,395.0,319.0,428.0,326.0,299.0,378.0,373.0,393.0,404.0,348.0,350.0,329.0,328.0,309.0,330.0,242.0,262.0,373.0,313.0,344.0,304.0,257.0,327.0,283.0,327.0,299.0,274.0,215.0,240.0,314.0,279.0,269.0,290.0,251.0,252.0,225.0,244.0,192.0,289.0,167.0,164.0,231.0,222.0,209.0,216.0,235.0,245.0,248.0,275.0,224.0,261.0,149.0,153.0,270.0,236.0,210.0
394705,34,"Indianapolis, IN",msa,IN,290.0,354.0,424.0,428.0,438.0,426.0,413.0,478.0,406.0,479.0,476.0,550.0,317.0,353.0,446.0,473.0,429.0,427.0,465.0,489.0,442.0,531.0,537.0,617.0,354.0,398.0,533.0,470.0,419.0,552.0,597.0,600.0,584.0,560.0,550.0,661.0,384.0,496.0,528.0,537.0,596.0,514.0,482.0,477.0,518.0,440.0,612.0,665.0,422.0,439.0,538.0,500.0,585.0,612.0,527.0,587.0,637.0,613.0,608.0,681.0,415.0,417.0,562.0,540.0,583.0,554.0,507.0,529.0,485.0,465.0,466.0,436.0,287.0,414.0,495.0,481.0,558.0,436.0,507.0,503.0,505.0,448.0,493.0,547.0,350.0,434.0,509.0,475.0,508.0,481.0,423.0,447.0,415.0,440.0,421.0,375.0,229.0,321.0,423.0,398.0,422.0
394475,35,"Cleveland, OH",msa,OH,168.0,162.0,215.0,215.0,249.0,236.0,200.0,199.0,153.0,165.0,125.0,153.0,144.0,171.0,152.0,158.0,217.0,199.0,201.0,198.0,142.0,152.0,103.0,105.0,117.0,111.0,186.0,121.0,122.0,169.0,178.0,194.0,123.0,135.0,123.0,127.0,99.0,100.0,152.0,153.0,118.0,151.0,140.0,136.0,131.0,108.0,134.0,113.0,134.0,133.0,161.0,166.0,142.0,152.0,116.0,134.0,116.0,96.0,109.0,96.0,67.0,74.0,108.0,96.0,96.0,108.0,96.0,108.0,121.0,113.0,87.0,104.0,81.0,68.0,98.0,83.0,87.0,57.0,48.0,60.0,63.0,53.0,41.0,59.0,41.0,52.0,68.0,64.0,65.0,60.0,44.0,41.0,47.0,37.0,47.0,42.0,14.0,33.0,52.0,38.0,35.0
395059,36,"San Jose, CA",msa,CA,124.0,156.0,171.0,125.0,164.0,125.0,99.0,136.0,103.0,147.0,186.0,139.0,81.0,117.0,193.0,139.0,135.0,121.0,95.0,105.0,91.0,139.0,164.0,206.0,111.0,138.0,136.0,66.0,73.0,108.0,138.0,102.0,148.0,165.0,187.0,197.0,100.0,139.0,184.0,169.0,133.0,147.0,80.0,100.0,123.0,145.0,145.0,200.0,42.0,81.0,85.0,73.0,48.0,73.0,66.0,55.0,64.0,59.0,65.0,106.0,27.0,35.0,87.0,84.0,91.0,84.0,41.0,58.0,67.0,67.0,78.0,71.0,50.0,69.0,79.0,81.0,114.0,99.0,82.0,78.0,117.0,85.0,109.0,149.0,81.0,59.0,90.0,68.0,56.0,55.0,48.0,44.0,64.0,98.0,48.0,69.0,59.0,68.0,67.0,59.0,50.0
394902,37,"Nashville, TN",msa,TN,1026.0,1110.0,1377.0,1327.0,1266.0,1347.0,1320.0,1377.0,1084.0,1208.0,1015.0,1175.0,869.0,996.0,1333.0,1442.0,1420.0,1355.0,1371.0,1357.0,1266.0,1336.0,1210.0,1424.0,1088.0,1225.0,1583.0,1389.0,1411.0,1675.0,1790.0,1762.0,1726.0,1684.0,1441.0,2007.0,1243.0,1371.0,1831.0,1651.0,1489.0,1576.0,1482.0,1385.0,1270.0,1384.0,1413.0,1686.0,1041.0,1205.0,1544.0,1369.0,1375.0,1547.0,1085.0,1495.0,1590.0,1235.0,1001.0,1335.0,720.0,937.0,1317.0,1028.0,1601.0,1667.0,1573.0,1762.0,1479.0,1459.0,1366.0,1406.0,893.0,1102.0,1275.0,1223.0,1389.0,1259.0,1196.0,1328.0,1230.0,1231.0,1186.0,1410.0,742.0,867.0,1222.0,1062.0,1146.0,1187.0,1050.0,1064.0,1038.0,965.0,918.0,1216.0,589.0,708.0,1015.0,966.0,979.0
395194,38,"Virginia Beach, VA",msa,VA,250.0,334.0,393.0,377.0,399.0,409.0,370.0,373.0,313.0,350.0,286.0,280.0,259.0,308.0,338.0,335.0,397.0,345.0,321.0,338.0,289.0,358.0,278.0,348.0,274.0,300.0,383.0,360.0,344.0,389.0,437.0,357.0,321.0,358.0,313.0,331.0,275.0,276.0,492.0,478.0,413.0,453.0,427.0,383.0,317.0,343.0,289.0,435.0,289.0,307.0,415.0,361.0,324.0,372.0,309.0,315.0,300.0,285.0,229.0,314.0,223.0,282.0,355.0,263.0,317.0,321.0,249.0,298.0,255.0,256.0,253.0,256.0,194.0,217.0,280.0,276.0,273.0,287.0,226.0,248.0,231.0,284.0,204.0,227.0,163.0,199.0,237.0,238.0,234.0,271.0,211.0,209.0,205.0,204.0,194.0,289.0,152.0,172.0,258.0,246.0,200.0
395005,39,"Providence, RI",msa,RI,106.0,94.0,129.0,132.0,137.0,149.0,129.0,141.0,108.0,129.0,118.0,98.0,91.0,91.0,115.0,124.0,163.0,157.0,118.0,141.0,116.0,146.0,132.0,126.0,108.0,107.0,125.0,110.0,135.0,149.0,176.0,151.0,166.0,160.0,148.0,174.0,129.0,98.0,144.0,137.0,124.0,126.0,117.0,117.0,125.0,101.0,114.0,134.0,101.0,117.0,139.0,113.0,109.0,124.0,103.0,110.0,93.0,123.0,102.0,106.0,86.0,68.0,85.0,69.0,126.0,111.0,103.0,88.0,101.0,75.0,78.0,63.0,56.0,86.0,96.0,97.0,91.0,81.0,88.0,84.0,76.0,79.0,92.0,85.0,67.0,70.0,72.0,75.0,93.0,88.0,69.0,62.0,82.0,82.0,63.0,107.0,60.0,42.0,70.0,73.0,74.0
394714,40,"Jacksonville, FL",msa,FL,509.0,613.0,834.0,720.0,786.0,796.0,669.0,748.0,689.0,739.0,822.0,868.0,610.0,682.0,830.0,795.0,830.0,961.0,811.0,804.0,759.0,718.0,758.0,1082.0,733.0,745.0,1017.0,908.0,878.0,1086.0,1084.0,952.0,999.0,953.0,909.0,1198.0,850.0,860.0,1179.0,915.0,886.0,985.0,826.0,977.0,911.0,929.0,1021.0,1220.0,816.0,923.0,1032.0,977.0,1056.0,1207.0,922.0,1045.0,804.0,1209.0,1098.0,1298.0,865.0,1056.0,1191.0,1010.0,1142.0,1202.0,1043.0,1025.0,991.0,957.0,934.0,1031.0,664.0,822.0,1045.0,847.0,1046.0,1014.0,868.0,901.0,924.0,817.0,856.0,1081.0,556.0,595.0,813.0,835.0,907.0,906.0,641.0,657.0,717.0,607.0,615.0,747.0,408.0,584.0,602.0,580.0,669.0
394862,41,"Milwaukee, WI",msa,WI,52.0,35.0,48.0,38.0,39.0,36.0,22.0,45.0,18.0,25.0,25.0,25.0,15.0,22.0,28.0,33.0,67.0,42.0,48.0,48.0,40.0,38.0,39.0,44.0,32.0,32.0,52.0,85.0,63.0,72.0,103.0,70.0,71.0,96.0,81.0,58.0,57.0,63.0,95.0,79.0,67.0,89.0,65.0,82.0,69.0,47.0,44.0,70.0,45.0,49.0,73.0,71.0,65.0,68.0,66.0,52.0,60.0,49.0,51.0,68.0,44.0,46.0,75.0,61.0,70.0,97.0,96.0,83.0,76.0,76.0,72.0,54.0,38.0,58.0,85.0,92.0,83.0,81.0,83.0,78.0,65.0,62.0,70.0,103.0,59.0,66.0,74.0,98.0,106.0,99.0,80.0,73.0,68.0,68.0,53.0,69.0,42.0,61.0,77.0,89.0,93.0
394935,42,"Oklahoma City, OK",msa,OK,444.0,375.0,575.0,583.0,584.0,551.0,492.0,481.0,402.0,407.0,330.0,370.0,381.0,521.0,564.0,574.0,662.0,504.0,522.0,466.0,401.0,416.0,359.0,411.0,410.0,433.0,546.0,499.0,477.0,701.0,663.0,582.0,576.0,566.0,497.0,569.0,487.0,435.0,650.0,633.0,584.0,564.0,425.0,466.0,453.0,407.0,433.0,563.0,490.0,488.0,685.0,595.0,638.0,566.0,529.0,517.0,486.0,403.0,392.0,374.0,306.0,353.0,478.0,499.0,491.0,501.0,385.0,421.0,355.0,389.0,332.0,330.0,273.0,313.0,390.0,410.0,433.0,389.0,327.0,403.0,301.0,320.0,296.0,410.0,263.0,318.0,397.0,401.0,431.0,369.0,405.0,373.0,334.0,308.0,298.0,371.0,248.0,319.0,423.0,497.0,428.0
395012,43,"Raleigh, NC",msa,NC,650.0,678.0,951.0,936.0,1043.0,1087.0,991.0,1059.0,825.0,882.0,995.0,1027.0,654.0,858.0,1033.0,1091.0,1160.0,1028.0,1020.0,1066.0,900.0,974.0,972.0,1112.0,809.0,908.0,1094.0,998.0,1059.0,1191.0,1247.0,1214.0,1126.0,1193.0,1096.0,1403.0,1136.0,1173.0,1444.0,1329.0,1323.0,1258.0,969.0,1109.0,1087.0,1063.0,1107.0,1422.0,773.0,1067.0,1180.0,1073.0,1174.0,1134.0,1112.0,1219.0,1080.0,938.0,1168.0,1217.0,822.0,974.0,1400.0,1151.0,1175.0,1079.0,997.0,1115.0,1003.0,1066.0,1264.0,995.0,721.0,949.0,939.0,1034.0,1019.0,892.0,893.0,999.0,941.0,1152.0,1055.0,1101.0,827.0,942.0,1067.0,1021.0,1080.0,1052.0,1041.0,991.0,858.0,841.0,725.0,1007.0,451.0,588.0,692.0,680.0,693.0
394849,44,"Memphis, TN",msa,TN,146.0,178.0,235.0,219.0,219.0,204.0,185.0,218.0,202.0,195.0,172.0,217.0,146.0,181.0,205.0,172.0,206.0,215.0,207.0,192.0,186.0,209.0,187.0,231.0,150.0,195.0,214.0,244.0,212.0,275.0,277.0,240.0,221.0,247.0,195.0,259.0,152.0,149.0,264.0,231.0,228.0,212.0,223.0,239.0,221.0,254.0,254.0,288.0,218.0,256.0,313.0,250.0,270.0,282.0,237.0,228.0,227.0,208.0,215.0,236.0,156.0,178.0,275.0,236.0,254.0,282.0,209.0,243.0,213.0,209.0,189.0,215.0,140.0,193.0,199.0,233.0,247.0,215.0,188.0,188.0,177.0,184.0,162.0,197.0,120.0,128.0,158.0,185.0,190.0,151.0,192.0,160.0,187.0,129.0,147.0,168.0,77.0,109.0,131.0,167.0,173.0
395022,45,"Richmond, VA",msa,VA,336.0,356.0,446.0,425.0,446.0,492.0,403.0,474.0,337.0,376.0,372.0,409.0,319.0,316.0,441.0,389.0,433.0,447.0,363.0,449.0,392.0,409.0,376.0,431.0,310.0,355.0,400.0,364.0,422.0,501.0,500.0,470.0,476.0,471.0,454.0,572.0,396.0,412.0,556.0,525.0,494.0,554.0,479.0,457.0,451.0,444.0,533.0,632.0,361.0,385.0,540.0,456.0,468.0,493.0,419.0,423.0,392.0,360.0,342.0,453.0,207.0,306.0,410.0,310.0,308.0,367.0,329.0,390.0,370.0,352.0,352.0,403.0,243.0,317.0,323.0,363.0,374.0,356.0,310.0,255.0,278.0,292.0,343.0,448.0,209.0,214.0,349.0,301.0,294.0,279.0,263.0,259.0,270.0,251.0,241.0,345.0,177.0,240.0,304.0,246.0,264.0
394807,46,"Louisville, KY",msa,KY,118.0,99.0,138.0,146.0,166.0,137.0,107.0,122.0,103.0,110.0,95.0,104.0,103.0,88.0,141.0,127.0,159.0,142.0,136.0,145.0,98.0,118.0,111.0,143.0,90.0,104.0,127.0,114.0,120.0,151.0,181.0,140.0,129.0,174.0,145.0,176.0,100.0,118.0,166.0,148.0,136.0,141.0,146.0,126.0,170.0,176.0,156.0,186.0,147.0,142.0,182.0,169.0,206.0,175.0,162.0,128.0,136.0,121.0,127.0,131.0,74.0,116.0,195.0,155.0,215.0,171.0,158.0,151.0,133.0,137.0,144.0,187.0,100.0,144.0,191.0,184.0,182.0,165.0,152.0,172.0,134.0,161.0,153.0,152.0,110.0,133.0,158.0,176.0,157.0,138.0,171.0,154.0,159.0,165.0,142.0,181.0,108.0,132.0,171.0,167.0,156.0
394910,47,"New Orleans, LA",msa,LA,241.0,238.0,294.0,350.0,348.0,330.0,315.0,322.0,262.0,268.0,240.0,236.0,217.0,278.0,285.0,341.0,371.0,351.0,353.0,317.0,297.0,293.0,245.0,228.0,278.0,245.0,279.0,291.0,255.0,369.0,362.0,363.0,292.0,226.0,192.0,219.0,191.0,173.0,258.0,219.0,187.0,208.0,178.0,122.0,112.0,171.0,222.0,207.0,170.0,157.0,175.0,175.0,178.0,187.0,129.0,135.0,136.0,107.0,101.0,113.0,112.0,100.0,171.0,171.0,151.0,240.0,235.0,255.0,205.0,172.0,175.0,215.0,120.0,105.0,140.0,140.0,120.0,115.0,120.0,93.0,96.0,83.0,88.0,126.0,75.0,81.0,93.0,104.0,106.0,128.0,100.0,95.0,86.0,90.0,78.0,107.0,70.0,70.0,103.0,107.0,113.0
395053,48,"Salt Lake City, UT",msa,UT,238.0,238.0,347.0,320.0,347.0,382.0,350.0,345.0,386.0,346.0,334.0,420.0,217.0,249.0,356.0,340.0,391.0,368.0,362.0,365.0,351.0,392.0,322.0,419.0,256.0,327.0,380.0,312.0,325.0,353.0,430.0,395.0,391.0,446.0,358.0,439.0,252.0,257.0,330.0,272.0,203.0,255.0,197.0,152.0,170.0,139.0,112.0,165.0,146.0,169.0,198.0,160.0,153.0,167.0,142.0,131.0,119.0,91.0,80.0,144.0,116.0,103.0,177.0,162.0,137.0,170.0,141.0,199.0,196.0,179.0,170.0,226.0,157.0,211.0,253.0,243.0,238.0,231.0,194.0,153.0,147.0,153.0,111.0,234.0,111.0,154.0,236.0,202.0,172.0,185.0,161.0,208.0,209.0,155.0,129.0,212.0,121.0,152.0,196.0,181.0,181.0
394669,49,"Hartford, CT",msa,CT,43.0,28.0,44.0,61.0,53.0,66.0,66.0,61.0,45.0,62.0,52.0,65.0,42.0,40.0,57.0,62.0,75.0,70.0,57.0,59.0,70.0,75.0,56.0,58.0,32.0,46.0,48.0,52.0,54.0,64.0,92.0,95.0,84.0,88.0,64.0,86.0,75.0,61.0,61.0,64.0,57.0,61.0,55.0,67.0,42.0,54.0,46.0,59.0,34.0,44.0,52.0,54.0,36.0,37.0,42.0,37.0,40.0,29.0,44.0,37.0,29.0,32.0,48.0,21.0,33.0,45.0,33.0,43.0,30.0,39.0,38.0,35.0,33.0,36.0,36.0,28.0,31.0,26.0,38.0,32.0,32.0,32.0,38.0,25.0,25.0,25.0,24.0,19.0,23.0,17.0,30.0,18.0,15.0,31.0,22.0,27.0,21.0,10.0,20.0,24.0,28.0
394425,50,"Buffalo, NY",msa,NY,,,,,,,,,,,,,,,,,,,,,,,,,,,,,,,,,,,,,,,,,,,,,,,,,,,,,,,,,,,,,,,,,,,,,,,,,,,,,,,,,,,,,,,,,,,,,,,,,,5.0,14.0,13.0,6.0
394388,51,"Birmingham, AL",msa,AL,153.0,172.0,205.0,200.0,214.0,204.0,170.0,149.0,159.0,125.0,112.0,109.0,186.0,156.0,202.0,170.0,166.0,183.0,149.0,160.0,172.0,140.0,113.0,135.0,203.0,192.0,264.0,190.0,158.0,241.0,238.0,211.0,235.0,185.0,197.0,228.0,208.0,248.0,281.0,279.0,240.0,266.0,185.0,256.0,203.0,209.0,195.0,261.0,190.0,196.0,300.0,208.0,211.0,229.0,152.0,147.0,174.0,136.0,116.0,119.0,129.0,155.0,232.0,160.0,193.0,223.0,203.0,221.0,210.0,194.0,178.0,212.0,167.0,232.0,219.0,223.0,244.0,242.0,227.0,208.0,203.0,180.0,208.0,253.0,143.0,179.0,196.0,209.0,205.0,215.0,214.0,207.0,215.0,187.0,181.0,232.0,125.0,156.0,250.0,227.0,255.0
395031,52,"Rochester, NY",msa,NY,60.0,55.0,75.0,61.0,83.0,78.0,75.0,99.0,71.0,86.0,79.0,84.0,48.0,49.0,57.0,71.0,67.0,57.0,77.0,79.0,86.0,62.0,60.0,62.0,34.0,48.0,66.0,53.0,36.0,56.0,47.0,62.0,85.0,69.0,70.0,82.0,58.0,43.0,53.0,61.0,63.0,49.0,40.0,43.0,41.0,33.0,27.0,42.0,27.0,37.0,37.0,35.0,31.0,24.0,30.0,36.0,28.0,43.0,25.0,38.0,20.0,13.0,22.0,31.0,33.0,52.0,16.0,39.0,27.0,17.0,21.0,30.0,22.0,28.0,18.0,24.0,23.0,20.0,29.0,30.0,17.0,20.0,30.0,16.0,17.0,21.0,20.0,15.0,14.0,20.0,24.0,23.0,21.0,12.0,12.0,18.0,13.0,11.0,7.0,10.0,12.0
394640,53,"Grand Rapids, MI",msa,MI,142.0,143.0,160.0,141.0,170.0,151.0,147.0,148.0,107.0,128.0,98.0,88.0,91.0,96.0,116.0,133.0,146.0,144.0,129.0,128.0,95.0,96.0,101.0,86.0,95.0,124.0,148.0,84.0,84.0,151.0,184.0,137.0,159.0,165.0,136.0,166.0,141.0,125.0,189.0,151.0,137.0,129.0,91.0,116.0,145.0,150.0,111.0,132.0,104.0,128.0,148.0,102.0,140.0,109.0,105.0,95.0,97.0,87.0,96.0,81.0,90.0,82.0,146.0,111.0,109.0,143.0,135.0,149.0,136.0,150.0,96.0,92.0,89.0,112.0,155.0,145.0,125.0,116.0,111.0,103.0,115.0,119.0,109.0,121.0,81.0,86.0,134.0,147.0,138.0,112.0,119.0,122.0,114.0,113.0,101.0,133.0,76.0,74.0,125.0,126.0,105.0
395167,54,"Tucson, AZ",msa,AZ,151.0,177.0,230.0,206.0,240.0,230.0,190.0,233.0,221.0,184.0,225.0,221.0,154.0,201.0,260.0,250.0,275.0,252.0,245.0,287.0,248.0,256.0,310.0,259.0,197.0,255.0,294.0,277.0,261.0,307.0,271.0,253.0,262.0,246.0,256.0,258.0,195.0,265.0,326.0,275.0,295.0,271.0,241.0,257.0,292.0,237.0,269.0,299.0,219.0,238.0,301.0,281.0,344.0,294.0,254.0,283.0,309.0,205.0,227.0,203.0,174.0,230.0,294.0,274.0,317.0,318.0,309.0,286.0,267.0,260.0,267.0,258.0,169.0,253.0,238.0,206.0,297.0,206.0,230.0,238.0,234.0,187.0,230.0,194.0,157.0,216.0,237.0,201.0,231.0,236.0,176.0,223.0,222.0,198.0,168.0,162.0,123.0,178.0,183.0,198.0,230.0
753924,55,"Urban Honolulu, HI",msa,HI,,,,,,,,,,,,,,,,,,,,,,,,,,,,,,,,,,,,,,,,,,,,,10.0,,22.0,21.0,29.0,20.0,31.0,25.0,22.0,19.0,19.0,14.0,,54.0,23.0,39.0,19.0,22.0,37.0,22.0,20.0,31.0,17.0,6.0,28.0,16.0,19.0,37.0,8.0,26.0,21.0,20.0,25.0,17.0,16.0,22.0,15.0,24.0,36.0,19.0,30.0,25.0,32.0,28.0,27.0,41.0,26.0,31.0,,,51.0,45.0,38.0,40.0,56.0,22.0,38.0
395169,56,"Tulsa, OK",msa,OK,189.0,168.0,251.0,250.0,257.0,203.0,226.0,205.0,155.0,178.0,199.0,200.0,188.0,176.0,258.0,280.0,239.0,181.0,254.0,208.0,200.0,225.0,218.0,204.0,172.0,161.0,206.0,191.0,244.0,207.0,288.0,268.0,237.0,249.0,185.0,222.0,170.0,161.0,250.0,265.0,202.0,184.0,162.0,207.0,216.0,211.0,243.0,283.0,187.0,223.0,311.0,212.0,235.0,220.0,183.0,171.0,169.0,188.0,152.0,180.0,130.0,149.0,182.0,155.0,226.0,212.0,166.0,170.0,193.0,172.0,139.0,144.0,124.0,146.0,166.0,192.0,178.0,134.0,162.0,157.0,122.0,140.0,118.0,127.0,102.0,84.0,131.0,157.0,164.0,125.0,158.0,176.0,135.0,183.0,138.0,151.0,98.0,144.0,140.0,165.0,184.0
394619,57,"Fresno, CA",msa,CA,90.0,148.0,159.0,168.0,160.0,173.0,160.0,198.0,139.0,159.0,195.0,204.0,138.0,120.0,218.0,181.0,148.0,153.0,140.0,151.0,169.0,142.0,150.0,176.0,89.0,126.0,173.0,152.0,173.0,228.0,190.0,167.0,154.0,172.0,147.0,219.0,96.0,146.0,171.0,167.0,144.0,152.0,136.0,147.0,151.0,106.0,137.0,230.0,125.0,147.0,157.0,124.0,134.0,127.0,91.0,154.0,188.0,104.0,142.0,152.0,85.0,112.0,149.0,124.0,167.0,149.0,91.0,149.0,127.0,159.0,109.0,151.0,65.0,81.0,81.0,91.0,137.0,109.0,110.0,110.0,106.0,125.0,134.0,117.0,87.0,112.0,82.0,68.0,42.0,45.0,38.0,55.0,64.0,62.0,77.0,47.0,26.0,32.0,41.0,38.0,45.0
395238,58,"Worcester, MA",msa,MA,78.0,76.0,115.0,96.0,106.0,113.0,116.0,123.0,111.0,103.0,95.0,101.0,82.0,79.0,85.0,91.0,115.0,91.0,74.0,107.0,83.0,104.0,130.0,90.0,97.0,81.0,93.0,108.0,98.0,133.0,125.0,146.0,148.0,134.0,123.0,157.0,87.0,93.0,112.0,99.0,86.0,84.0,96.0,101.0,76.0,81.0,73.0,87.0,63.0,56.0,84.0,68.0,72.0,87.0,59.0,67.0,66.0,58.0,53.0,78.0,44.0,33.0,67.0,49.0,76.0,98.0,56.0,118.0,83.0,83.0,68.0,81.0,49.0,62.0,76.0,71.0,70.0,88.0,86.0,78.0,57.0,62.0,62.0,64.0,63.0,46.0,51.0,57.0,71.0,61.0,47.0,49.0,40.0,71.0,71.0,66.0,36.0,36.0,40.0,48.0,45.0
394938,59,"Omaha, NE",msa,NE,196.0,197.0,235.0,278.0,313.0,269.0,256.0,300.0,226.0,235.0,199.0,197.0,150.0,190.0,206.0,229.0,259.0,248.0,208.0,219.0,165.0,194.0,187.0,170.0,162.0,173.0,231.0,232.0,212.0,295.0,292.0,266.0,254.0,278.0,225.0,218.0,218.0,205.0,236.0,193.0,203.0,205.0,208.0,192.0,194.0,209.0,190.0,183.0,198.0,198.0,241.0,221.0,217.0,229.0,187.0,180.0,183.0,180.0,157.0,139.0,134.0,135.0,234.0,185.0,245.0,276.0,192.0,211.0,192.0,164.0,164.0,140.0,119.0,156.0,197.0,213.0,221.0,230.0,200.0,179.0,131.0,165.0,178.0,144.0,136.0,137.0,185.0,190.0,224.0,213.0,188.0,167.0,157.0,190.0,140.0,152.0,119.0,121.0,252.0,241.0,311.0
394415,60,"Bridgeport, CT",msa,CT,45.0,73.0,53.0,65.0,63.0,99.0,99.0,73.0,59.0,79.0,65.0,62.0,40.0,33.0,49.0,54.0,54.0,57.0,58.0,64.0,38.0,74.0,66.0,61.0,64.0,47.0,55.0,55.0,73.0,61.0,105.0,117.0,94.0,126.0,99.0,108.0,73.0,62.0,83.0,58.0,53.0,62.0,45.0,53.0,44.0,53.0,45.0,52.0,37.0,41.0,40.0,43.0,53.0,63.0,36.0,32.0,36.0,35.0,42.0,36.0,20.0,28.0,34.0,35.0,30.0,42.0,30.0,45.0,29.0,37.0,19.0,27.0,27.0,20.0,22.0,37.0,30.0,35.0,33.0,32.0,18.0,18.0,23.0,21.0,22.0,20.0,27.0,30.0,34.0,21.0,23.0,22.0,29.0,32.0,22.0,25.0,22.0,18.0,28.0,29.0,15.0
394653,61,"Greenville, SC",msa,SC,246.0,268.0,363.0,320.0,326.0,333.0,318.0,325.0,285.0,301.0,247.0,317.0,226.0,302.0,380.0,369.0,390.0,367.0,380.0,369.0,397.0,342.0,315.0,367.0,261.0,334.0,454.0,373.0,393.0,466.0,433.0,414.0,459.0,415.0,366.0,532.0,357.0,408.0,508.0,470.0,425.0,458.0,333.0,385.0,380.0,278.0,328.0,523.0,344.0,381.0,463.0,374.0,451.0,502.0,310.0,339.0,358.0,302.0,268.0,381.0,231.0,342.0,476.0,327.0,471.0,468.0,333.0,423.0,444.0,386.0,359.0,375.0,231.0,319.0,340.0,311.0,408.0,381.0,362.0,381.0,334.0,323.0,401.0,401.0,236.0,298.0,423.0,348.0,400.0,441.0,413.0,391.0,419.0,310.0,356.0,503.0,196.0,311.0,431.0,403.0,446.0
394312,62,"Albuquerque, NM",msa,NM,84.0,58.0,88.0,93.0,103.0,82.0,68.0,97.0,98.0,94.0,80.0,76.0,70.0,82.0,105.0,88.0,98.0,101.0,88.0,106.0,73.0,94.0,90.0,104.0,64.0,84.0,111.0,89.0,99.0,107.0,140.0,115.0,154.0,149.0,95.0,128.0,70.0,64.0,136.0,102.0,99.0,86.0,88.0,82.0,89.0,85.0,75.0,114.0,103.0,66.0,103.0,113.0,101.0,84.0,89.0,86.0,79.0,80.0,67.0,93.0,65.0,80.0,145.0,87.0,124.0,123.0,109.0,169.0,110.0,111.0,105.0,104.0,60.0,83.0,83.0,98.0,86.0,83.0,99.0,90.0,82.0,97.0,91.0,111.0,60.0,70.0,107.0,84.0,113.0,88.0,65.0,78.0,93.0,65.0,64.0,96.0,63.0,68.0,88.0,82.0,102.0
394357,63,"Bakersfield, CA",msa,CA,123.0,126.0,175.0,143.0,161.0,162.0,140.0,164.0,151.0,153.0,162.0,127.0,89.0,99.0,116.0,99.0,111.0,109.0,153.0,157.0,162.0,151.0,98.0,94.0,90.0,124.0,104.0,117.0,122.0,141.0,135.0,153.0,132.0,145.0,132.0,138.0,120.0,101.0,144.0,185.0,133.0,174.0,144.0,117.0,104.0,130.0,125.0,112.0,105.0,107.0,138.0,135.0,140.0,112.0,120.0,154.0,159.0,157.0,128.0,132.0,78.0,88.0,135.0,132.0,173.0,169.0,135.0,137.0,150.0,199.0,121.0,138.0,92.0,120.0,152.0,120.0,176.0,134.0,125.0,129.0,145.0,107.0,112.0,118.0,85.0,139.0,127.0,120.0,90.0,99.0,109.0,117.0,102.0,133.0,93.0,105.0,87.0,72.0,114.0,113.0,101.0
394308,64,"Albany, NY",msa,NY,67.0,68.0,92.0,88.0,83.0,97.0,107.0,106.0,90.0,114.0,83.0,92.0,67.0,66.0,98.0,70.0,83.0,65.0,54.0,95.0,64.0,86.0,89.0,73.0,58.0,50.0,68.0,60.0,49.0,71.0,72.0,79.0,97.0,99.0,91.0,117.0,57.0,86.0,85.0,104.0,74.0,91.0,93.0,105.0,98.0,87.0,94.0,89.0,63.0,57.0,68.0,69.0,54.0,68.0,60.0,57.0,62.0,60.0,63.0,73.0,39.0,39.0,52.0,40.0,47.0,56.0,48.0,68.0,39.0,59.0,47.0,57.0,30.0,45.0,35.0,43.0,54.0,56.0,62.0,40.0,40.0,57.0,51.0,54.0,38.0,41.0,53.0,45.0,48.0,39.0,57.0,45.0,37.0,55.0,45.0,62.0,43.0,34.0,45.0,47.0,42.0
394753,65,"Knoxville, TN",msa,TN,128.0,168.0,214.0,233.0,265.0,227.0,220.0,237.0,199.0,218.0,211.0,216.0,181.0,177.0,238.0,236.0,274.0,240.0,231.0,245.0,224.0,227.0,204.0,212.0,194.0,194.0,311.0,242.0,240.0,329.0,314.0,305.0,297.0,311.0,281.0,268.0,228.0,260.0,343.0,264.0,249.0,264.0,215.0,229.0,230.0,229.0,231.0,248.0,209.0,210.0,229.0,262.0,258.0,255.0,215.0,239.0,239.0,217.0,200.0,221.0,165.0,166.0,289.0,195.0,255.0,243.0,196.0,218.0,208.0,212.0,240.0,222.0,190.0,253.0,275.0,219.0,296.0,245.0,245.0,230.0,225.0,242.0,237.0,233.0,172.0,170.0,268.0,251.0,257.0,305.0,276.0,269.0,235.0,204.0,215.0,206.0,185.0,225.0,259.0,261.0,302.0
394367,66,"Baton Rouge, LA",msa,LA,126.0,139.0,178.0,134.0,174.0,164.0,185.0,174.0,154.0,146.0,122.0,139.0,114.0,128.0,157.0,158.0,191.0,201.0,182.0,196.0,189.0,179.0,170.0,204.0,156.0,175.0,199.0,204.0,207.0,257.0,306.0,261.0,250.0,258.0,248.0,265.0,245.0,229.0,280.0,253.0,271.0,248.0,179.0,154.0,166.0,169.0,208.0,260.0,184.0,241.0,290.0,213.0,247.0,236.0,196.0,217.0,187.0,201.0,166.0,207.0,122.0,140.0,188.0,178.0,169.0,192.0,141.0,209.0,193.0,156.0,190.0,194.0,127.0,157.0,181.0,197.0,169.0,180.0,228.0,179.0,174.0,194.0,153.0,193.0,120.0,128.0,134.0,167.0,150.0,202.0,159.0,165.0,142.0,154.0,110.0,139.0,103.0,91.0,156.0,141.0,176.0
394843,67,"McAllen, TX",msa,TX,55.0,76.0,90.0,70.0,98.0,77.0,75.0,92.0,72.0,76.0,75.0,68.0,71.0,37.0,68.0,77.0,89.0,73.0,73.0,74.0,72.0,69.0,67.0,65.0,89.0,68.0,76.0,60.0,79.0,95.0,99.0,114.0,146.0,96.0,80.0,77.0,49.0,54.0,104.0,79.0,61.0,84.0,58.0,93.0,90.0,87.0,77.0,91.0,81.0,99.0,133.0,126.0,117.0,104.0,77.0,105.0,100.0,109.0,79.0,81.0,78.0,88.0,116.0,114.0,125.0,141.0,120.0,121.0,126.0,92.0,105.0,105.0,108.0,91.0,139.0,123.0,145.0,117.0,149.0,102.0,115.0,111.0,99.0,136.0,87.0,81.0,133.0,138.0,115.0,144.0,132.0,104.0,106.0,119.0,92.0,115.0,75.0,94.0,109.0,140.0,121.0
394908,68,"New Haven, CT",msa,CT,25.0,25.0,31.0,48.0,58.0,58.0,36.0,47.0,43.0,62.0,44.0,28.0,28.0,31.0,42.0,41.0,37.0,48.0,53.0,54.0,25.0,41.0,43.0,50.0,46.0,29.0,34.0,27.0,29.0,39.0,61.0,54.0,69.0,63.0,42.0,39.0,32.0,32.0,35.0,33.0,43.0,34.0,40.0,40.0,44.0,44.0,38.0,43.0,30.0,27.0,36.0,34.0,32.0,31.0,29.0,35.0,18.0,27.0,26.0,21.0,16.0,17.0,35.0,22.0,24.0,20.0,30.0,26.0,31.0,28.0,45.0,30.0,18.0,25.0,35.0,17.0,20.0,26.0,20.0,25.0,15.0,26.0,36.0,37.0,21.0,19.0,17.0,39.0,13.0,18.0,30.0,13.0,19.0,21.0,20.0,17.0,14.0,10.0,13.0,16.0,12.0
394561,69,"El Paso, TX",msa,TX,151.0,153.0,250.0,247.0,258.0,306.0,313.0,280.0,218.0,243.0,232.0,275.0,166.0,189.0,243.0,286.0,279.0,218.0,230.0,241.0,214.0,220.0,243.0,314.0,222.0,179.0,208.0,226.0,224.0,298.0,283.0,339.0,311.0,302.0,261.0,342.0,186.0,201.0,291.0,247.0,189.0,255.0,225.0,269.0,220.0,216.0,214.0,312.0,176.0,213.0,258.0,240.0,252.0,203.0,199.0,237.0,262.0,208.0,214.0,277.0,190.0,188.0,244.0,253.0,218.0,230.0,223.0,256.0,183.0,185.0,162.0,241.0,148.0,162.0,218.0,232.0,239.0,242.0,246.0,212.0,204.0,267.0,305.0,348.0,193.0,229.0,264.0,275.0,267.0,265.0,243.0,265.0,257.0,239.0,194.0,291.0,165.0,206.0,259.0,261.0,253.0
394318,70,"Allentown, PA",msa,PA,63.0,58.0,79.0,84.0,82.0,92.0,105.0,96.0,77.0,89.0,89.0,77.0,82.0,55.0,81.0,73.0,91.0,110.0,85.0,106.0,99.0,113.0,76.0,85.0,66.0,69.0,90.0,49.0,67.0,69.0,85.0,82.0,80.0,134.0,116.0,138.0,107.0,93.0,106.0,106.0,100.0,90.0,120.0,107.0,103.0,104.0,95.0,117.0,131.0,94.0,150.0,111.0,124.0,136.0,120.0,127.0,106.0,112.0,115.0,96.0,77.0,68.0,122.0,106.0,94.0,92.0,63.0,93.0,67.0,85.0,77.0,103.0,70.0,52.0,84.0,88.0,65.0,77.0,69.0,70.0,76.0,88.0,90.0,82.0,47.0,69.0,77.0,57.0,56.0,85.0,49.0,63.0,58.0,65.0,49.0,59.0,37.0,36.0,32.0,44.0,70.0
394952,71,"Oxnard, CA",msa,CA,66.0,54.0,65.0,29.0,51.0,39.0,40.0,57.0,31.0,51.0,73.0,65.0,30.0,29.0,41.0,48.0,36.0,32.0,27.0,53.0,45.0,33.0,75.0,48.0,22.0,36.0,40.0,33.0,23.0,20.0,43.0,59.0,53.0,45.0,65.0,57.0,14.0,26.0,33.0,26.0,32.0,32.0,22.0,17.0,41.0,23.0,30.0,49.0,17.0,22.0,52.0,16.0,20.0,22.0,37.0,24.0,24.0,39.0,27.0,25.0,19.0,11.0,22.0,9.0,18.0,31.0,5.0,21.0,12.0,8.0,6.0,14.0,12.0,11.0,12.0,12.0,18.0,16.0,6.0,7.0,21.0,17.0,20.0,24.0,5.0,21.0,17.0,25.0,27.0,16.0,16.0,20.0,14.0,16.0,16.0,16.0,14.0,23.0,7.0,10.0,19.0
394486,72,"Columbia, SC",msa,SC,184.0,201.0,256.0,253.0,268.0,273.0,230.0,251.0,189.0,178.0,156.0,209.0,163.0,235.0,254.0,246.0,291.0,279.0,276.0,285.0,251.0,254.0,229.0,263.0,213.0,207.0,288.0,275.0,263.0,346.0,309.0,319.0,275.0,310.0,213.0,383.0,215.0,258.0,355.0,309.0,277.0,304.0,206.0,214.0,224.0,203.0,180.0,271.0,153.0,174.0,271.0,218.0,268.0,250.0,208.0,242.0,213.0,187.0,184.0,250.0,168.0,178.0,295.0,235.0,305.0,461.0,269.0,296.0,196.0,218.0,284.0,342.0,197.0,226.0,277.0,263.0,295.0,271.0,264.0,253.0,211.0,221.0,206.0,274.0,99.0,130.0,197.0,194.0,285.0,314.0,277.0,287.0,285.0,267.0,211.0,388.0,163.0,253.0,301.0,242.0,270.0
753906,73,"North Port, FL",msa,FL,402.0,350.0,514.0,444.0,578.0,514.0,429.0,524.0,441.0,434.0,501.0,509.0,380.0,440.0,457.0,437.0,559.0,488.0,498.0,448.0,475.0,485.0,529.0,649.0,400.0,458.0,514.0,435.0,480.0,588.0,565.0,640.0,585.0,585.0,588.0,765.0,501.0,530.0,745.0,703.0,626.0,669.0,497.0,567.0,570.0,613.0,610.0,740.0,504.0,429.0,580.0,513.0,583.0,624.0,513.0,610.0,458.0,594.0,587.0,860.0,591.0,602.0,855.0,646.0,837.0,833.0,675.0,690.0,708.0,698.0,787.0,830.0,476.0,564.0,633.0,692.0,791.0,788.0,692.0,601.0,578.0,516.0,731.0,815.0,505.0,657.0,731.0,613.0,747.0,687.0,540.0,605.0,592.0,521.0,461.0,559.0,347.0,404.0,656.0,473.0,642.0
845158,74,"Dayton, OH",msa,OH,122.0,88.0,140.0,91.0,111.0,114.0,113.0,93.0,85.0,101.0,68.0,71.0,65.0,60.0,87.0,75.0,101.0,86.0,130.0,100.0,68.0,118.0,90.0,62.0,97.0,80.0,95.0,101.0,70.0,89.0,93.0,101.0,112.0,76.0,76.0,63.0,92.0,124.0,103.0,105.0,118.0,150.0,104.0,95.0,105.0,119.0,94.0,119.0,89.0,99.0,119.0,107.0,106.0,105.0,112.0,114.0,98.0,88.0,63.0,97.0,75.0,80.0,104.0,95.0,94.0,80.0,82.0,81.0,87.0,86.0,64.0,84.0,68.0,59.0,95.0,69.0,72.0,56.0,53.0,61.0,40.0,54.0,48.0,59.0,20.0,35.0,45.0,41.0,40.0,52.0,27.0,32.0,43.0,44.0,42.0,77.0,19.0,38.0,48.0,47.0,42.0
394457,75,"Charleston, SC",msa,SC,332.0,354.0,449.0,390.0,450.0,458.0,372.0,469.0,354.0,396.0,382.0,425.0,379.0,405.0,450.0,383.0,472.0,452.0,459.0,398.0,377.0,370.0,379.0,445.0,328.0,405.0,467.0,397.0,475.0,524.0,519.0,500.0,482.0,494.0,515.0,539.0,355.0,506.0,532.0,490.0,513.0,503.0,417.0,535.0,430.0,429.0,396.0,504.0,367.0,383.0,502.0,439.0,401.0,473.0,411.0,419.0,444.0,398.0,424.0,466.0,346.0,352.0,498.0,375.0,459.0,459.0,362.0,514.0,439.0,442.0,469.0,450.0,297.0,437.0,432.0,459.0,483.0,405.0,409.0,386.0,361.0,309.0,453.0,497.0,303.0,381.0,392.0,358.0,424.0,354.0,386.0,437.0,363.0,382.0,328.0,446.0,279.0,336.0,455.0,379.0,454.0
394648,76,"Greensboro, NC",msa,NC,110.0,136.0,165.0,148.0,169.0,191.0,166.0,146.0,126.0,158.0,154.0,143.0,114.0,129.0,131.0,167.0,185.0,168.0,163.0,160.0,149.0,167.0,136.0,172.0,155.0,136.0,194.0,174.0,161.0,200.0,203.0,160.0,202.0,202.0,174.0,167.0,166.0,195.0,299.0,238.0,217.0,245.0,187.0,157.0,188.0,164.0,187.0,178.0,154.0,140.0,215.0,172.0,132.0,147.0,140.0,155.0,164.0,138.0,132.0,134.0,109.0,99.0,155.0,105.0,142.0,161.0,145.0,147.0,131.0,113.0,134.0,134.0,110.0,169.0,199.0,175.0,181.0,169.0,203.0,174.0,147.0,172.0,141.0,136.0,120.0,134.0,177.0,147.0,192.0,130.0,167.0,120.0,134.0,124.0,113.0,170.0,70.0,107.0,147.0,139.0,168.0
395134,77,"Stockton, CA",msa,CA,85.0,115.0,155.0,106.0,146.0,122.0,85.0,155.0,128.0,156.0,180.0,184.0,104.0,149.0,193.0,165.0,148.0,126.0,114.0,158.0,145.0,156.0,194.0,219.0,147.0,141.0,168.0,164.0,142.0,200.0,243.0,203.0,191.0,213.0,193.0,259.0,163.0,196.0,276.0,245.0,232.0,287.0,238.0,261.0,229.0,235.0,228.0,249.0,129.0,183.0,248.0,184.0,219.0,217.0,183.0,167.0,141.0,156.0,179.0,168.0,104.0,175.0,211.0,139.0,159.0,138.0,72.0,105.0,131.0,131.0,156.0,107.0,89.0,117.0,119.0,103.0,112.0,109.0,123.0,157.0,203.0,249.0,242.0,202.0,114.0,121.0,117.0,127.0,159.0,135.0,123.0,128.0,130.0,149.0,135.0,115.0,76.0,73.0,101.0,105.0,109.0
394440,78,"Cape Coral, FL",msa,FL,325.0,361.0,470.0,366.0,416.0,417.0,397.0,448.0,345.0,324.0,461.0,376.0,346.0,448.0,409.0,363.0,476.0,522.0,444.0,437.0,430.0,421.0,436.0,442.0,423.0,378.0,552.0,375.0,417.0,487.0,526.0,513.0,440.0,471.0,426.0,497.0,465.0,460.0,571.0,568.0,510.0,566.0,481.0,421.0,461.0,406.0,471.0,463.0,396.0,421.0,628.0,538.0,504.0,536.0,452.0,509.0,442.0,396.0,514.0,509.0,520.0,517.0,709.0,571.0,649.0,646.0,519.0,657.0,589.0,612.0,538.0,616.0,491.0,544.0,662.0,586.0,727.0,546.0,598.0,636.0,595.0,489.0,523.0,539.0,397.0,437.0,596.0,630.0,608.0,573.0,521.0,548.0,518.0,450.0,461.0,482.0,310.0,444.0,547.0,521.0,545.0
394399,79,"Boise City, ID",msa,ID,277.0,349.0,477.0,414.0,491.0,515.0,469.0,500.0,392.0,437.0,377.0,383.0,341.0,396.0,492.0,533.0,618.0,542.0,496.0,545.0,451.0,512.0,480.0,513.0,450.0,512.0,636.0,543.0,449.0,616.0,752.0,733.0,660.0,680.0,548.0,622.0,431.0,504.0,665.0,567.0,553.0,534.0,581.0,501.0,593.0,575.0,479.0,783.0,541.0,630.0,685.0,616.0,616.0,565.0,464.0,526.0,475.0,546.0,410.0,542.0,499.0,648.0,784.0,608.0,529.0,547.0,464.0,519.0,427.0,394.0,369.0,381.0,374.0,429.0,507.0,502.0,466.0,484.0,527.0,476.0,469.0,557.0,468.0,542.0,368.0,472.0,506.0,552.0,550.0,529.0,536.0,534.0,538.0,583.0,467.0,581.0,384.0,509.0,699.0,635.0,629.0
394484,80,"Colorado Springs, CO",msa,CO,258.0,284.0,340.0,328.0,386.0,370.0,336.0,378.0,310.0,311.0,292.0,361.0,250.0,284.0,344.0,326.0,360.0,337.0,271.0,347.0,332.0,346.0,279.0,391.0,269.0,281.0,371.0,297.0,308.0,404.0,464.0,439.0,428.0,473.0,356.0,439.0,328.0,376.0,426.0,447.0,350.0,410.0,352.0,363.0,392.0,386.0,366.0,440.0,272.0,276.0,393.0,363.0,420.0,370.0,317.0,293.0,284.0,208.0,219.0,238.0,148.0,118.0,222.0,193.0,181.0,187.0,147.0,149.0,150.0,161.0,124.0,192.0,102.0,145.0,198.0,153.0,153.0,170.0,141.0,134.0,133.0,137.0,123.0,220.0,115.0,97.0,198.0,170.0,162.0,150.0,114.0,126.0,134.0,122.0,103.0,153.0,66.0,107.0,165.0,125.0,139.0
394798,81,"Little Rock, AR",msa,AR,163.0,167.0,233.0,200.0,205.0,211.0,208.0,165.0,119.0,135.0,141.0,137.0,147.0,174.0,193.0,175.0,201.0,161.0,207.0,164.0,133.0,134.0,116.0,131.0,135.0,147.0,223.0,172.0,178.0,230.0,232.0,183.0,197.0,244.0,191.0,215.0,155.0,166.0,226.0,181.0,219.0,201.0,206.0,238.0,221.0,204.0,190.0,205.0,169.0,191.0,241.0,184.0,219.0,195.0,183.0,217.0,162.0,186.0,171.0,177.0,146.0,159.0,253.0,212.0,250.0,230.0,201.0,214.0,204.0,182.0,165.0,124.0,120.0,113.0,186.0,210.0,160.0,160.0,168.0,163.0,155.0,162.0,140.0,148.0,120.0,115.0,146.0,153.0,169.0,193.0,190.0,159.0,183.0,164.0,129.0,133.0,104.0,135.0,175.0,206.0,166.0
394766,82,"Lakeland, FL",msa,FL,361.0,277.0,380.0,368.0,382.0,428.0,353.0,411.0,356.0,375.0,341.0,401.0,380.0,378.0,481.0,496.0,508.0,495.0,479.0,534.0,444.0,509.0,384.0,553.0,420.0,373.0,420.0,320.0,275.0,442.0,477.0,467.0,547.0,471.0,470.0,632.0,513.0,497.0,677.0,688.0,571.0,514.0,496.0,523.0,647.0,532.0,627.0,848.0,569.0,673.0,826.0,680.0,783.0,792.0,693.0,788.0,599.0,721.0,660.0,867.0,640.0,633.0,804.0,701.0,702.0,730.0,677.0,752.0,706.0,670.0,705.0,687.0,485.0,538.0,650.0,596.0,732.0,678.0,747.0,667.0,592.0,547.0,532.0,642.0,393.0,482.0,609.0,553.0,591.0,535.0,494.0,518.0,466.0,420.0,386.0,454.0,283.0,313.0,439.0,405.0,455.0
394304,83,"Akron, OH",msa,OH,63.0,69.0,99.0,95.0,99.0,80.0,85.0,83.0,73.0,74.0,68.0,64.0,36.0,61.0,60.0,61.0,72.0,97.0,77.0,73.0,71.0,74.0,53.0,41.0,56.0,39.0,77.0,59.0,56.0,70.0,98.0,62.0,62.0,69.0,53.0,41.0,64.0,50.0,60.0,55.0,64.0,74.0,63.0,50.0,67.0,51.0,52.0,53.0,86.0,90.0,79.0,72.0,88.0,96.0,79.0,89.0,55.0,66.0,47.0,48.0,38.0,37.0,41.0,38.0,48.0,48.0,33.0,32.0,39.0,38.0,24.0,43.0,23.0,20.0,33.0,28.0,26.0,30.0,26.0,18.0,33.0,23.0,12.0,21.0,16.0,10.0,18.0,21.0,22.0,12.0,21.0,14.0,13.0,19.0,7.0,8.0,5.0,11.0,11.0,16.0,11.0
394531,84,"Des Moines, IA",msa,IA,178.0,147.0,277.0,329.0,378.0,367.0,294.0,284.0,245.0,228.0,200.0,188.0,109.0,133.0,179.0,232.0,287.0,282.0,255.0,257.0,238.0,249.0,211.0,213.0,159.0,192.0,249.0,306.0,314.0,427.0,457.0,445.0,412.0,423.0,325.0,400.0,258.0,238.0,397.0,377.0,360.0,365.0,392.0,359.0,349.0,317.0,317.0,330.0,246.0,232.0,389.0,371.0,385.0,373.0,299.0,266.0,300.0,233.0,179.0,208.0,137.0,151.0,277.0,280.0,316.0,343.0,278.0,276.0,251.0,245.0,194.0,200.0,160.0,168.0,288.0,286.0,320.0,299.0,237.0,237.0,210.0,236.0,183.0,223.0,161.0,139.0,252.0,254.0,317.0,266.0,208.0,234.0,210.0,207.0,180.0,171.0,118.0,134.0,247.0,229.0,277.0
395115,85,"Springfield, MA",msa,MA,33.0,21.0,25.0,18.0,35.0,33.0,34.0,27.0,33.0,23.0,29.0,25.0,24.0,16.0,22.0,27.0,30.0,27.0,33.0,29.0,20.0,23.0,24.0,25.0,13.0,15.0,29.0,25.0,26.0,35.0,40.0,34.0,23.0,43.0,22.0,37.0,35.0,36.0,22.0,15.0,24.0,29.0,24.0,22.0,23.0,26.0,33.0,22.0,19.0,24.0,19.0,30.0,18.0,25.0,28.0,15.0,23.0,20.0,21.0,14.0,15.0,10.0,14.0,15.0,17.0,23.0,17.0,21.0,27.0,15.0,22.0,14.0,7.0,17.0,14.0,13.0,19.0,14.0,17.0,12.0,10.0,14.0,16.0,14.0,19.0,19.0,16.0,13.0,10.0,14.0,16.0,6.0,20.0,13.0,8.0,12.0,7.0,11.0,11.0,10.0,23.0
845159,86,"Poughkeepsie, NY",msa,NY,47.0,47.0,63.0,59.0,86.0,79.0,58.0,71.0,68.0,62.0,45.0,54.0,75.0,31.0,51.0,39.0,54.0,47.0,52.0,55.0,51.0,56.0,51.0,60.0,48.0,49.0,33.0,15.0,17.0,51.0,37.0,56.0,66.0,48.0,60.0,81.0,53.0,55.0,59.0,47.0,53.0,74.0,48.0,49.0,42.0,30.0,47.0,37.0,33.0,32.0,35.0,19.0,29.0,44.0,28.0,26.0,26.0,23.0,29.0,31.0,21.0,18.0,28.0,31.0,30.0,38.0,28.0,32.0,37.0,29.0,35.0,34.0,21.0,26.0,19.0,24.0,18.0,24.0,33.0,36.0,19.0,32.0,23.0,16.0,20.0,17.0,14.0,25.0,20.0,22.0,23.0,12.0,20.0,19.0,9.0,26.0,11.0,11.0,23.0,14.0,21.0
394931,87,"Ogden, UT",msa,UT,88.0,83.0,133.0,123.0,122.0,137.0,111.0,148.0,137.0,141.0,118.0,140.0,102.0,126.0,175.0,159.0,189.0,160.0,193.0,223.0,184.0,197.0,153.0,171.0,164.0,164.0,219.0,206.0,216.0,271.0,291.0,253.0,217.0,268.0,226.0,225.0,168.0,219.0,226.0,235.0,200.0,220.0,173.0,170.0,197.0,157.0,146.0,206.0,146.0,229.0,258.0,238.0,221.0,220.0,181.0,196.0,195.0,147.0,119.0,181.0,98.0,118.0,183.0,122.0,160.0,184.0,143.0,148.0,107.0,131.0,104.0,148.0,85.0,150.0,159.0,121.0,143.0,97.0,98.0,78.0,101.0,106.0,118.0,126.0,83.0,88.0,108.0,97.0,103.0,108.0,84.0,92.0,93.0,91.0,85.0,121.0,66.0,118.0,119.0,117.0,107.0
394816,88,"Madison, WI",msa,WI,62.0,67.0,84.0,91.0,97.0,110.0,97.0,74.0,73.0,52.0,49.0,39.0,41.0,52.0,92.0,80.0,88.0,92.0,94.0,82.0,46.0,52.0,66.0,49.0,38.0,53.0,68.0,69.0,93.0,90.0,92.0,98.0,95.0,73.0,77.0,72.0,69.0,69.0,106.0,85.0,123.0,104.0,111.0,77.0,88.0,79.0,65.0,60.0,93.0,91.0,119.0,78.0,61.0,74.0,113.0,80.0,83.0,73.0,67.0,54.0,51.0,73.0,86.0,81.0,78.0,113.0,74.0,89.0,72.0,62.0,76.0,61.0,84.0,99.0,120.0,114.0,125.0,111.0,104.0,83.0,74.0,96.0,98.0,73.0,69.0,83.0,104.0,97.0,117.0,112.0,89.0,97.0,81.0,90.0,80.0,104.0,73.0,83.0,126.0,124.0,109.0
395235,89,"Winston, NC",msa,NC,114.0,141.0,175.0,167.0,172.0,196.0,135.0,191.0,143.0,161.0,177.0,197.0,127.0,136.0,168.0,158.0,201.0,220.0,186.0,164.0,160.0,163.0,165.0,171.0,144.0,186.0,209.0,197.0,169.0,230.0,255.0,227.0,239.0,212.0,185.0,229.0,210.0,162.0,230.0,229.0,220.0,212.0,171.0,176.0,162.0,134.0,150.0,198.0,150.0,146.0,268.0,188.0,194.0,219.0,154.0,220.0,197.0,167.0,150.0,198.0,164.0,156.0,224.0,208.0,219.0,247.0,241.0,281.0,213.0,227.0,204.0,208.0,156.0,165.0,275.0,200.0,209.0,260.0,226.0,203.0,194.0,202.0,178.0,196.0,138.0,173.0,204.0,193.0,228.0,188.0,183.0,204.0,177.0,192.0,162.0,210.0,134.0,151.0,240.0,207.0,195.0
394528,90,"Deltona, FL",msa,FL,186.0,174.0,197.0,218.0,238.0,227.0,184.0,207.0,167.0,161.0,186.0,247.0,165.0,175.0,260.0,253.0,234.0,266.0,238.0,205.0,219.0,228.0,212.0,303.0,205.0,188.0,326.0,260.0,237.0,367.0,357.0,277.0,278.0,309.0,259.0,311.0,304.0,338.0,414.0,369.0,332.0,371.0,266.0,252.0,350.0,304.0,250.0,350.0,268.0,304.0,348.0,319.0,382.0,332.0,302.0,340.0,308.0,350.0,259.0,326.0,264.0,295.0,476.0,382.0,419.0,475.0,383.0,381.0,342.0,355.0,306.0,351.0,282.0,335.0,391.0,296.0,297.0,334.0,289.0,255.0,278.0,228.0,236.0,364.0,208.0,262.0,270.0,297.0,345.0,349.0,285.0,272.0,297.0,224.0,187.0,328.0,177.0,184.0,304.0,213.0,212.0
395143,91,"Syracuse, NY",msa,NY,15.0,25.0,13.0,36.0,31.0,23.0,14.0,23.0,20.0,30.0,23.0,24.0,14.0,13.0,19.0,15.0,17.0,17.0,14.0,23.0,11.0,21.0,21.0,27.0,6.0,12.0,14.0,12.0,7.0,22.0,11.0,22.0,18.0,14.0,10.0,24.0,7.0,14.0,10.0,11.0,11.0,20.0,15.0,16.0,12.0,12.0,12.0,16.0,5.0,8.0,7.0,9.0,11.0,11.0,10.0,10.0,8.0,14.0,11.0,8.0,5.0,7.0,10.0,8.0,8.0,11.0,11.0,14.0,7.0,10.0,5.0,10.0,10.0,10.0,5.0,8.0,10.0,9.0,13.0,11.0,12.0,9.0,15.0,16.0,14.0,11.0,9.0,6.0,7.0,12.0,11.0,7.0,12.0,12.0,6.0,6.0,7.0,6.0,7.0,7.0,7.0
395006,92,"Provo, UT",msa,UT,225.0,305.0,321.0,268.0,306.0,308.0,303.0,323.0,260.0,272.0,295.0,319.0,203.0,221.0,330.0,379.0,416.0,385.0,341.0,376.0,371.0,355.0,342.0,422.0,353.0,360.0,444.0,441.0,467.0,586.0,661.0,587.0,613.0,554.0,448.0,503.0,382.0,398.0,464.0,480.0,441.0,465.0,406.0,406.0,403.0,335.0,330.0,366.0,336.0,288.0,385.0,326.0,278.0,292.0,255.0,334.0,381.0,215.0,210.0,349.0,229.0,363.0,434.0,337.0,330.0,296.0,262.0,308.0,280.0,244.0,229.0,349.0,242.0,296.0,273.0,286.0,327.0,327.0,310.0,348.0,328.0,283.0,304.0,362.0,248.0,357.0,384.0,335.0,349.0,367.0,345.0,377.0,422.0,376.0,271.0,444.0,220.0,265.0,393.0,347.0,344.0
395160,93,"Toledo, OH",msa,OH,45.0,30.0,33.0,39.0,47.0,47.0,42.0,42.0,29.0,30.0,27.0,14.0,22.0,31.0,41.0,41.0,55.0,41.0,40.0,31.0,37.0,30.0,23.0,31.0,37.0,31.0,42.0,25.0,26.0,50.0,50.0,41.0,33.0,34.0,36.0,43.0,30.0,19.0,53.0,32.0,50.0,39.0,35.0,22.0,31.0,33.0,24.0,28.0,43.0,23.0,38.0,39.0,28.0,30.0,27.0,23.0,29.0,18.0,20.0,19.0,22.0,16.0,29.0,25.0,25.0,32.0,17.0,16.0,26.0,20.0,33.0,16.0,16.0,22.0,19.0,28.0,30.0,18.0,20.0,26.0,19.0,25.0,19.0,16.0,21.0,17.0,34.0,19.0,29.0,34.0,20.0,26.0,27.0,32.0,21.0,26.0,14.0,13.0,27.0,24.0,35.0
395224,94,"Wichita, KS",msa,KS,56.0,45.0,69.0,69.0,88.0,77.0,64.0,94.0,57.0,77.0,71.0,54.0,50.0,40.0,55.0,70.0,86.0,72.0,79.0,75.0,57.0,82.0,74.0,78.0,64.0,47.0,75.0,78.0,79.0,87.0,119.0,113.0,77.0,101.0,74.0,98.0,79.0,62.0,109.0,101.0,111.0,92.0,96.0,88.0,79.0,66.0,78.0,78.0,75.0,73.0,97.0,115.0,92.0,97.0,122.0,100.0,78.0,76.0,83.0,75.0,49.0,54.0,103.0,74.0,113.0,130.0,89.0,105.0,85.0,72.0,59.0,61.0,40.0,52.0,78.0,89.0,79.0,81.0,81.0,65.0,60.0,70.0,74.0,61.0,34.0,39.0,68.0,70.0,78.0,63.0,84.0,67.0,76.0,63.0,63.0,53.0,36.0,50.0,62.0,63.0,71.0
394549,95,"Durham, NC",msa,NC,204.0,274.0,332.0,291.0,332.0,355.0,291.0,319.0,216.0,228.0,279.0,327.0,198.0,266.0,344.0,276.0,320.0,296.0,267.0,287.0,260.0,287.0,293.0,389.0,260.0,305.0,324.0,310.0,307.0,349.0,334.0,293.0,307.0,300.0,273.0,351.0,268.0,290.0,357.0,336.0,320.0,362.0,307.0,300.0,248.0,254.0,375.0,388.0,266.0,251.0,282.0,246.0,209.0,272.0,253.0,243.0,213.0,226.0,242.0,203.0,196.0,210.0,317.0,234.0,275.0,205.0,221.0,219.0,208.0,201.0,185.0,180.0,138.0,181.0,207.0,211.0,225.0,185.0,226.0,239.0,182.0,197.0,239.0,226.0,181.0,183.0,227.0,184.0,204.0,194.0,165.0,232.0,232.0,229.0,197.0,188.0,106.0,154.0,174.0,160.0,172.0
394352,96,"Augusta, GA",msa,GA,228.0,237.0,277.0,234.0,278.0,240.0,245.0,248.0,165.0,162.0,151.0,158.0,173.0,179.0,241.0,256.0,222.0,296.0,273.0,201.0,189.0,190.0,173.0,189.0,229.0,235.0,268.0,331.0,272.0,365.0,292.0,277.0,289.0,288.0,214.0,309.0,290.0,320.0,360.0,314.0,311.0,331.0,261.0,252.0,298.0,227.0,229.0,282.0,241.0,273.0,369.0,314.0,297.0,360.0,232.0,300.0,244.0,235.0,169.0,244.0,182.0,195.0,261.0,220.0,275.0,291.0,218.0,256.0,232.0,206.0,207.0,235.0,184.0,193.0,296.0,211.0,254.0,310.0,261.0,228.0,195.0,220.0,201.0,295.0,194.0,210.0,239.0,206.0,265.0,301.0,280.0,231.0,230.0,214.0,166.0,204.0,141.0,169.0,197.0,171.0,173.0
394957,97,"Palm Bay, FL",msa,FL,133.0,129.0,188.0,164.0,187.0,190.0,170.0,200.0,143.0,171.0,150.0,184.0,138.0,142.0,196.0,155.0,205.0,184.0,182.0,163.0,142.0,99.0,142.0,159.0,171.0,214.0,225.0,205.0,167.0,267.0,267.0,254.0,204.0,223.0,178.0,240.0,186.0,175.0,264.0,213.0,196.0,235.0,211.0,253.0,209.0,201.0,203.0,186.0,179.0,214.0,238.0,220.0,235.0,328.0,253.0,315.0,314.0,325.0,286.0,356.0,331.0,337.0,397.0,329.0,395.0,408.0,312.0,389.0,359.0,314.0,308.0,285.0,216.0,251.0,365.0,303.0,331.0,251.0,338.0,334.0,304.0,263.0,294.0,292.0,221.0,221.0,258.0,254.0,301.0,245.0,217.0,217.0,233.0,197.0,209.0,221.0,136.0,186.0,189.0,177.0,196.0
394711,98,"Jackson, MS",msa,MS,66.0,54.0,78.0,85.0,116.0,114.0,94.0,91.0,77.0,76.0,65.0,55.0,56.0,62.0,60.0,60.0,95.0,65.0,78.0,52.0,59.0,60.0,48.0,57.0,41.0,57.0,93.0,64.0,62.0,98.0,99.0,101.0,95.0,99.0,112.0,83.0,76.0,79.0,75.0,84.0,76.0,71.0,57.0,67.0,56.0,59.0,61.0,66.0,48.0,64.0,87.0,89.0,94.0,89.0,61.0,74.0,54.0,55.0,36.0,59.0,33.0,56.0,81.0,65.0,83.0,62.0,77.0,93.0,72.0,59.0,57.0,46.0,53.0,52.0,72.0,81.0,74.0,61.0,66.0,65.0,54.0,58.0,52.0,57.0,48.0,77.0,64.0,66.0,80.0,71.0,77.0,48.0,71.0,51.0,47.0,57.0,39.0,47.0,69.0,98.0,65.0
394666,99,"Harrisburg, PA",msa,PA,68.0,67.0,106.0,91.0,84.0,102.0,83.0,100.0,65.0,99.0,69.0,79.0,69.0,56.0,90.0,79.0,84.0,88.0,100.0,117.0,55.0,90.0,72.0,76.0,83.0,70.0,84.0,73.0,62.0,97.0,102.0,119.0,110.0,120.0,109.0,142.0,85.0,130.0,108.0,138.0,112.0,123.0,86.0,113.0,73.0,99.0,75.0,96.0,75.0,88.0,100.0,114.0,124.0,118.0,84.0,105.0,72.0,74.0,94.0,85.0,61.0,62.0,78.0,49.0,60.0,83.0,64.0,74.0,62.0,72.0,72.0,76.0,44.0,60.0,81.0,74.0,79.0,60.0,52.0,57.0,39.0,58.0,41.0,54.0,37.0,38.0,37.0,50.0,42.0,53.0,34.0,31.0,40.0,33.0,39.0,45.0,36.0,37.0,45.0,51.0,35.0
395113,100,"Spokane, WA",msa,WA,80.0,97.0,131.0,131.0,119.0,137.0,121.0,113.0,98.0,97.0,90.0,65.0,100.0,87.0,103.0,125.0,120.0,131.0,141.0,117.0,137.0,125.0,102.0,104.0,117.0,116.0,164.0,87.0,89.0,118.0,163.0,112.0,163.0,165.0,145.0,124.0,114.0,151.0,152.0,126.0,138.0,116.0,119.0,114.0,168.0,108.0,82.0,137.0,101.0,105.0,140.0,108.0,127.0,107.0,90.0,95.0,98.0,86.0,91.0,116.0,68.0,89.0,116.0,120.0,138.0,134.0,81.0,143.0,133.0,107.0,90.0,61.0,75.0,84.0,147.0,136.0,111.0,120.0,91.0,114.0,78.0,83.0,88.0,72.0,72.0,99.0,107.0,111.0,108.0,92.0,77.0,103.0,111.0,92.0,65.0,69.0,49.0,119.0,107.0,104.0,105.0
395075,101,"Scranton, PA",msa,PA,,,,,,,,,,,,,,,,,,,,,,,,,,,,,,,,,,,,,,,,,,,,,,,,,,,,,,,,,,,,,,,,,,,,,,,,,,,,,,,,,,,,,,,,,,11.0,5.0,9.0,17.0,7.0,9.0,14.0,5.0,7.0,9.0,8.0,11.0
394460,102,"Chattanooga, TN",msa,TN,121.0,128.0,151.0,171.0,167.0,146.0,130.0,149.0,90.0,117.0,127.0,126.0,132.0,127.0,150.0,168.0,195.0,153.0,165.0,158.0,164.0,151.0,137.0,203.0,165.0,132.0,159.0,165.0,135.0,188.0,202.0,217.0,186.0,195.0,155.0,209.0,171.0,179.0,208.0,168.0,174.0,184.0,155.0,136.0,143.0,139.0,157.0,193.0,128.0,128.0,170.0,169.0,132.0,192.0,106.0,97.0,102.0,98.0,87.0,122.0,91.0,106.0,174.0,131.0,169.0,147.0,173.0,171.0,142.0,122.0,132.0,120.0,108.0,113.0,185.0,160.0,183.0,173.0,125.0,125.0,106.0,136.0,158.0,164.0,92.0,135.0,154.0,145.0,165.0,164.0,181.0,141.0,146.0,153.0,102.0,180.0,93.0,116.0,164.0,171.0,170.0
394871,103,"Modesto, CA",msa,CA,48.0,44.0,66.0,44.0,48.0,28.0,50.0,36.0,43.0,42.0,30.0,39.0,24.0,47.0,47.0,47.0,44.0,31.0,37.0,45.0,31.0,37.0,42.0,34.0,25.0,31.0,43.0,44.0,34.0,33.0,51.0,34.0,24.0,35.0,41.0,28.0,29.0,38.0,38.0,46.0,43.0,44.0,50.0,35.0,35.0,31.0,41.0,51.0,50.0,39.0,37.0,40.0,47.0,54.0,37.0,35.0,25.0,24.0,26.0,31.0,24.0,34.0,59.0,38.0,35.0,12.0,25.0,39.0,21.0,39.0,34.0,28.0,41.0,40.0,34.0,37.0,44.0,49.0,55.0,60.0,46.0,49.0,47.0,39.0,40.0,30.0,42.0,31.0,39.0,25.0,33.0,28.0,31.0,39.0,31.0,23.0,13.0,18.0,21.0,34.0,28.0
394768,104,"Lancaster, PA",msa,PA,45.0,42.0,56.0,68.0,76.0,68.0,63.0,70.0,66.0,75.0,55.0,54.0,49.0,48.0,67.0,54.0,73.0,72.0,69.0,80.0,67.0,60.0,70.0,65.0,53.0,43.0,70.0,48.0,33.0,57.0,62.0,71.0,98.0,74.0,67.0,59.0,67.0,70.0,82.0,81.0,70.0,79.0,87.0,66.0,55.0,55.0,40.0,54.0,48.0,37.0,66.0,69.0,63.0,56.0,47.0,64.0,70.0,67.0,46.0,33.0,42.0,35.0,45.0,38.0,53.0,43.0,56.0,68.0,51.0,52.0,37.0,46.0,21.0,26.0,40.0,38.0,35.0,33.0,41.0,37.0,36.0,38.0,35.0,41.0,25.0,22.0,31.0,27.0,28.0,31.0,40.0,34.0,35.0,33.0,20.0,24.0,11.0,26.0,31.0,32.0,17.0
394997,105,"Portland, ME",msa,ME,76.0,80.0,93.0,77.0,64.0,100.0,100.0,86.0,67.0,85.0,75.0,51.0,47.0,57.0,96.0,74.0,89.0,86.0,73.0,75.0,67.0,81.0,67.0,79.0,55.0,50.0,84.0,68.0,70.0,82.0,92.0,94.0,85.0,71.0,96.0,98.0,80.0,57.0,124.0,129.0,87.0,119.0,78.0,75.0,73.0,79.0,103.0,108.0,93.0,59.0,92.0,103.0,82.0,63.0,68.0,78.0,84.0,74.0,73.0,79.0,55.0,49.0,48.0,57.0,64.0,84.0,85.0,81.0,69.0,86.0,68.0,66.0,51.0,66.0,63.0,71.0,69.0,91.0,77.0,68.0,70.0,81.0,74.0,87.0,62.0,45.0,43.0,86.0,83.0,79.0,70.0,77.0,60.0,88.0,57.0,75.0,60.0,56.0,75.0,81.0,69.0
395245,106,"Youngstown, OH",msa,OH,,,,,,,,,,,,,,,,,,,,,,,,,,,,,,,,,,,,,,,,,,,,,,,,,,,,,,,,,,,,,,,,,,,,,,,,,,,,,,,,,,,,,,,,,,,,,,,,,,5.0,9.0,13.0,10.0
394770,107,"Lansing, MI",msa,MI,51.0,29.0,37.0,41.0,60.0,48.0,29.0,40.0,30.0,28.0,20.0,26.0,21.0,24.0,30.0,23.0,28.0,30.0,37.0,27.0,22.0,23.0,21.0,26.0,30.0,17.0,24.0,17.0,18.0,26.0,25.0,31.0,47.0,20.0,28.0,27.0,35.0,28.0,20.0,28.0,31.0,27.0,32.0,20.0,27.0,32.0,24.0,27.0,33.0,33.0,31.0,31.0,22.0,35.0,16.0,29.0,19.0,14.0,12.0,9.0,11.0,11.0,21.0,14.0,20.0,24.0,17.0,25.0,16.0,18.0,14.0,7.0,12.0,21.0,14.0,25.0,28.0,13.0,18.0,13.0,12.0,8.0,13.0,9.0,9.0,17.0,16.0,24.0,13.0,11.0,11.0,14.0,17.0,12.0,15.0,15.0,10.0,9.0,17.0,14.0,15.0
394590,108,"Fayetteville, AR",msa,AR,204.0,210.0,274.0,268.0,312.0,334.0,277.0,284.0,225.0,243.0,210.0,236.0,173.0,185.0,296.0,335.0,338.0,294.0,277.0,291.0,255.0,238.0,214.0,289.0,300.0,224.0,305.0,336.0,301.0,352.0,327.0,294.0,286.0,287.0,243.0,283.0,219.0,229.0,282.0,282.0,270.0,325.0,327.0,293.0,307.0,282.0,340.0,365.0,264.0,257.0,374.0,313.0,322.0,317.0,319.0,353.0,327.0,308.0,238.0,297.0,195.0,316.0,403.0,362.0,404.0,511.0,433.0,531.0,446.0,370.0,323.0,305.0,208.0,310.0,389.0,400.0,395.0,465.0,409.0,407.0,332.0,359.0,298.0,367.0,281.0,248.0,358.0,342.0,392.0,347.0,380.0,325.0,305.0,268.0,302.0,335.0,242.0,314.0,399.0,324.0,377.0
394589,109,"Fayetteville, NC",msa,NC,120.0,101.0,144.0,161.0,187.0,166.0,139.0,163.0,85.0,134.0,111.0,112.0,101.0,100.0,137.0,174.0,164.0,174.0,175.0,179.0,151.0,142.0,128.0,157.0,153.0,162.0,192.0,180.0,170.0,248.0,230.0,214.0,154.0,190.0,194.0,194.0,172.0,184.0,194.0,181.0,149.0,148.0,132.0,163.0,185.0,144.0,165.0,182.0,121.0,157.0,227.0,178.0,190.0,180.0,163.0,190.0,177.0,196.0,164.0,191.0,128.0,169.0,271.0,224.0,261.0,311.0,235.0,263.0,241.0,233.0,214.0,202.0,211.0,253.0,281.0,306.0,372.0,284.0,248.0,308.0,291.0,322.0,294.0,394.0,261.0,295.0,402.0,401.0,489.0,380.0,342.0,369.0,313.0,314.0,272.0,360.0,193.0,262.0,346.0,269.0,296.0
394792,110,"Lexington, KY",msa,KY,60.0,56.0,74.0,77.0,67.0,75.0,68.0,73.0,59.0,62.0,57.0,41.0,59.0,64.0,69.0,63.0,73.0,62.0,66.0,72.0,52.0,66.0,52.0,64.0,51.0,55.0,76.0,73.0,67.0,81.0,57.0,58.0,75.0,52.0,45.0,46.0,38.0,40.0,42.0,54.0,46.0,56.0,49.0,49.0,45.0,61.0,63.0,56.0,46.0,48.0,57.0,62.0,68.0,72.0,47.0,66.0,58.0,52.0,45.0,49.0,36.0,43.0,70.0,53.0,68.0,57.0,56.0,54.0,58.0,62.0,60.0,63.0,52.0,63.0,68.0,71.0,69.0,79.0,64.0,51.0,73.0,78.0,63.0,60.0,45.0,58.0,71.0,84.0,71.0,73.0,69.0,75.0,70.0,62.0,58.0,40.0,52.0,46.0,59.0,65.0,66.0
394971,111,"Pensacola, FL",msa,FL,138.0,161.0,230.0,201.0,209.0,246.0,190.0,192.0,187.0,169.0,160.0,183.0,133.0,177.0,212.0,188.0,255.0,231.0,227.0,200.0,196.0,193.0,159.0,204.0,172.0,212.0,250.0,230.0,230.0,326.0,290.0,266.0,224.0,270.0,259.0,348.0,229.0,245.0,330.0,297.0,314.0,340.0,258.0,247.0,252.0,250.0,244.0,334.0,208.0,293.0,303.0,293.0,269.0,349.0,272.0,289.0,289.0,232.0,192.0,281.0,202.0,223.0,264.0,240.0,288.0,309.0,225.0,200.0,261.0,201.0,181.0,177.0,148.0,228.0,283.0,257.0,283.0,291.0,265.0,254.0,251.0,262.0,196.0,230.0,157.0,167.0,225.0,216.0,285.0,276.0,186.0,196.0,235.0,181.0,170.0,252.0,155.0,218.0,219.0,212.0,247.0
395068,112,"Santa Rosa, CA",msa,CA,23.0,37.0,45.0,33.0,41.0,42.0,47.0,38.0,36.0,38.0,36.0,57.0,30.0,39.0,39.0,54.0,43.0,41.0,54.0,44.0,39.0,57.0,56.0,93.0,44.0,45.0,48.0,55.0,27.0,61.0,59.0,68.0,68.0,89.0,61.0,70.0,37.0,63.0,52.0,67.0,60.0,75.0,67.0,119.0,56.0,52.0,44.0,66.0,49.0,44.0,60.0,53.0,51.0,59.0,60.0,66.0,70.0,46.0,44.0,61.0,23.0,27.0,47.0,43.0,36.0,60.0,35.0,40.0,43.0,47.0,32.0,37.0,43.0,36.0,40.0,33.0,39.0,26.0,34.0,33.0,22.0,30.0,34.0,35.0,11.0,25.0,30.0,27.0,23.0,21.0,16.0,27.0,25.0,13.0,22.0,25.0,17.0,22.0,20.0,15.0,19.0
395019,113,"Reno, NV",msa,NV,131.0,119.0,160.0,138.0,170.0,147.0,165.0,196.0,157.0,176.0,165.0,125.0,116.0,110.0,156.0,164.0,174.0,160.0,153.0,183.0,189.0,187.0,184.0,148.0,166.0,163.0,213.0,181.0,163.0,210.0,311.0,214.0,272.0,258.0,231.0,220.0,226.0,205.0,232.0,224.0,225.0,214.0,260.0,214.0,220.0,200.0,179.0,170.0,153.0,154.0,167.0,171.0,166.0,147.0,160.0,173.0,152.0,193.0,105.0,116.0,85.0,99.0,109.0,110.0,103.0,107.0,106.0,110.0,122.0,107.0,121.0,87.0,110.0,128.0,112.0,104.0,109.0,98.0,111.0,152.0,146.0,141.0,82.0,87.0,95.0,103.0,106.0,123.0,109.0,77.0,114.0,106.0,121.0,128.0,88.0,129.0,69.0,70.0,97.0,77.0,80.0
394698,114,"Huntsville, AL",msa,AL,143.0,154.0,208.0,186.0,258.0,301.0,263.0,256.0,224.0,232.0,248.0,209.0,221.0,246.0,298.0,329.0,288.0,271.0,328.0,278.0,273.0,266.0,252.0,277.0,244.0,269.0,340.0,327.0,317.0,323.0,359.0,297.0,281.0,267.0,233.0,276.0,275.0,288.0,360.0,305.0,270.0,312.0,376.0,362.0,370.0,343.0,306.0,374.0,327.0,346.0,431.0,366.0,392.0,417.0,340.0,328.0,349.0,280.0,263.0,307.0,236.0,238.0,365.0,328.0,329.0,331.0,294.0,266.0,317.0,230.0,269.0,301.0,188.0,310.0,304.0,276.0,371.0,315.0,277.0,348.0,307.0,254.0,314.0,291.0,217.0,247.0,271.0,289.0,329.0,233.0,234.0,253.0,324.0,233.0,214.0,279.0,190.0,228.0,297.0,271.0,308.0
394995,115,"Port St. Lucie, FL",msa,FL,167.0,119.0,188.0,176.0,203.0,182.0,175.0,183.0,165.0,206.0,174.0,184.0,230.0,191.0,191.0,248.0,222.0,271.0,192.0,225.0,204.0,285.0,242.0,295.0,287.0,271.0,335.0,275.0,262.0,320.0,336.0,335.0,270.0,356.0,283.0,374.0,400.0,357.0,521.0,445.0,382.0,416.0,313.0,336.0,301.0,320.0,373.0,521.0,438.0,472.0,580.0,487.0,494.0,562.0,398.0,523.0,443.0,436.0,391.0,491.0,297.0,320.0,413.0,387.0,397.0,352.0,266.0,306.0,309.0,304.0,271.0,296.0,247.0,293.0,352.0,356.0,338.0,313.0,306.0,283.0,278.0,301.0,243.0,330.0,227.0,221.0,310.0,263.0,309.0,376.0,303.0,338.0,349.0,334.0,223.0,234.0,160.0,163.0,218.0,161.0,218.0
394761,116,"Lafayette, LA",msa,LA,89.0,85.0,135.0,116.0,114.0,101.0,108.0,88.0,74.0,76.0,89.0,73.0,47.0,55.0,85.0,77.0,86.0,58.0,59.0,64.0,59.0,63.0,53.0,55.0,61.0,59.0,55.0,51.0,52.0,63.0,87.0,71.0,70.0,79.0,69.0,91.0,65.0,70.0,96.0,90.0,72.0,84.0,66.0,78.0,47.0,68.0,59.0,109.0,82.0,98.0,96.0,103.0,97.0,83.0,74.0,91.0,94.0,69.0,79.0,98.0,55.0,75.0,103.0,119.0,138.0,126.0,100.0,104.0,96.0,105.0,119.0,123.0,87.0,88.0,113.0,127.0,132.0,110.0,116.0,126.0,99.0,103.0,101.0,112.0,74.0,104.0,123.0,110.0,125.0,102.0,107.0,100.0,96.0,97.0,101.0,135.0,92.0,92.0,106.0,123.0,127.0
394898,117,"Myrtle Beach, SC",msa,SC,513.0,595.0,702.0,671.0,716.0,772.0,651.0,826.0,414.0,767.0,528.0,553.0,496.0,547.0,703.0,622.0,700.0,761.0,741.0,719.0,880.0,741.0,708.0,740.0,585.0,633.0,905.0,770.0,694.0,990.0,1026.0,895.0,904.0,838.0,842.0,995.0,736.0,753.0,1031.0,1001.0,919.0,1041.0,826.0,767.0,847.0,822.0,799.0,1014.0,670.0,786.0,1212.0,975.0,1015.0,1114.0,952.0,1020.0,1051.0,812.0,905.0,976.0,729.0,907.0,1221.0,1081.0,1198.0,1340.0,1270.0,1386.0,1192.0,1251.0,1239.0,1013.0,967.0,988.0,1252.0,1221.0,1257.0,1222.0,1184.0,1148.0,1119.0,1014.0,906.0,994.0,579.0,669.0,868.0,835.0,856.0,900.0,1010.0,954.0,994.0,814.0,826.0,991.0,573.0,674.0,794.0,734.0,831.0
395116,118,"Springfield, MO",msa,MO,57.0,45.0,71.0,70.0,88.0,77.0,86.0,53.0,53.0,72.0,46.0,39.0,33.0,44.0,71.0,110.0,106.0,81.0,95.0,81.0,79.0,69.0,85.0,63.0,61.0,74.0,93.0,89.0,88.0,123.0,113.0,96.0,110.0,119.0,114.0,96.0,79.0,65.0,100.0,79.0,87.0,119.0,98.0,81.0,66.0,63.0,88.0,70.0,67.0,62.0,86.0,75.0,90.0,110.0,76.0,80.0,64.0,81.0,64.0,60.0,53.0,61.0,79.0,134.0,112.0,101.0,74.0,82.0,91.0,84.0,71.0,62.0,59.0,64.0,96.0,95.0,117.0,91.0,98.0,78.0,93.0,67.0,63.0,77.0,54.0,77.0,88.0,83.0,110.0,99.0,71.0,63.0,61.0,66.0,58.0,63.0,52.0,74.0,74.0,80.0,73.0
395195,119,"Visalia, CA",msa,CA,44.0,57.0,71.0,78.0,62.0,63.0,63.0,65.0,74.0,62.0,78.0,73.0,42.0,65.0,64.0,60.0,92.0,72.0,77.0,90.0,88.0,107.0,75.0,139.0,54.0,63.0,91.0,95.0,100.0,145.0,77.0,86.0,104.0,68.0,85.0,128.0,65.0,82.0,121.0,66.0,62.0,66.0,75.0,59.0,63.0,62.0,75.0,76.0,41.0,36.0,50.0,72.0,50.0,89.0,77.0,61.0,90.0,47.0,63.0,98.0,46.0,43.0,100.0,96.0,92.0,83.0,62.0,109.0,102.0,74.0,92.0,85.0,39.0,50.0,68.0,54.0,94.0,69.0,64.0,71.0,52.0,49.0,42.0,73.0,31.0,34.0,48.0,49.0,82.0,97.0,78.0,64.0,95.0,68.0,57.0,87.0,30.0,21.0,34.0,36.0,50.0
394746,120,"Killeen, TX",msa,TX,114.0,150.0,174.0,179.0,180.0,203.0,177.0,176.0,165.0,152.0,126.0,170.0,113.0,129.0,204.0,191.0,205.0,177.0,174.0,175.0,172.0,146.0,124.0,141.0,114.0,138.0,169.0,161.0,181.0,230.0,222.0,180.0,199.0,199.0,117.0,123.0,63.0,57.0,92.0,110.0,85.0,102.0,93.0,104.0,107.0,63.0,93.0,116.0,82.0,67.0,96.0,97.0,98.0,113.0,110.0,92.0,114.0,79.0,70.0,84.0,88.0,100.0,133.0,128.0,159.0,186.0,101.0,125.0,94.0,112.0,79.0,113.0,96.0,125.0,157.0,164.0,165.0,154.0,165.0,144.0,138.0,132.0,133.0,132.0,117.0,135.0,185.0,158.0,168.0,203.0,182.0,158.0,184.0,125.0,127.0,156.0,84.0,133.0,165.0,159.0,156.0
394338,121,"Asheville, NC",msa,NC,67.0,85.0,93.0,107.0,92.0,82.0,98.0,96.0,94.0,86.0,68.0,92.0,75.0,89.0,104.0,88.0,107.0,93.0,88.0,99.0,93.0,78.0,98.0,105.0,82.0,97.0,123.0,97.0,88.0,121.0,134.0,128.0,118.0,153.0,133.0,127.0,109.0,108.0,130.0,154.0,113.0,119.0,115.0,92.0,107.0,84.0,89.0,135.0,108.0,93.0,151.0,107.0,108.0,132.0,118.0,127.0,149.0,102.0,103.0,117.0,75.0,81.0,117.0,119.0,129.0,97.0,122.0,105.0,125.0,99.0,95.0,117.0,87.0,82.0,94.0,90.0,138.0,126.0,124.0,103.0,88.0,87.0,83.0,110.0,95.0,60.0,105.0,115.0,95.0,100.0,88.0,97.0,105.0,79.0,62.0,96.0,47.0,48.0,94.0,83.0,78.0
395244,122,"York, PA",msa,PA,49.0,37.0,55.0,62.0,67.0,66.0,60.0,59.0,55.0,73.0,53.0,48.0,49.0,53.0,60.0,68.0,79.0,78.0,81.0,67.0,67.0,72.0,44.0,56.0,47.0,46.0,55.0,45.0,63.0,76.0,72.0,101.0,86.0,96.0,70.0,102.0,83.0,75.0,84.0,135.0,94.0,98.0,93.0,84.0,94.0,87.0,93.0,87.0,91.0,68.0,125.0,89.0,110.0,115.0,94.0,102.0,102.0,95.0,66.0,80.0,44.0,63.0,91.0,70.0,71.0,76.0,69.0,90.0,69.0,70.0,71.0,67.0,46.0,57.0,76.0,81.0,86.0,74.0,85.0,57.0,70.0,62.0,62.0,76.0,57.0,45.0,58.0,44.0,60.0,43.0,51.0,46.0,44.0,60.0,48.0,67.0,44.0,38.0,47.0,43.0,48.0
395183,123,"Vallejo, CA",msa,CA,45.0,45.0,53.0,52.0,54.0,55.0,55.0,65.0,63.0,59.0,84.0,64.0,31.0,54.0,60.0,67.0,74.0,67.0,59.0,58.0,51.0,76.0,98.0,122.0,51.0,61.0,67.0,55.0,61.0,84.0,85.0,58.0,61.0,72.0,52.0,83.0,37.0,55.0,98.0,64.0,81.0,100.0,70.0,81.0,98.0,66.0,69.0,97.0,74.0,79.0,104.0,77.0,90.0,84.0,81.0,80.0,75.0,67.0,84.0,105.0,51.0,60.0,100.0,81.0,61.0,113.0,58.0,62.0,53.0,52.0,61.0,57.0,34.0,41.0,46.0,64.0,47.0,63.0,61.0,51.0,64.0,45.0,62.0,54.0,26.0,31.0,36.0,27.0,30.0,35.0,23.0,22.0,23.0,33.0,22.0,37.0,11.0,,31.0,26.0,34.0
395050,125,"Salinas, CA",msa,CA,,,,,,,,,,,,,,,,,,,,,,,,,,,,,,,,,,,,,,,,,,,,,,,,,,,,,,,,,,,,,,,,,,,,,,,,,,,,,,,,,,,,,,,,,,,,,,,,,,,,,12.0
395048,126,"Salem, OR",msa,OR,52.0,70.0,63.0,68.0,58.0,80.0,83.0,64.0,75.0,57.0,51.0,48.0,48.0,55.0,73.0,106.0,90.0,99.0,102.0,92.0,92.0,81.0,62.0,90.0,67.0,72.0,82.0,87.0,73.0,86.0,118.0,91.0,100.0,108.0,120.0,123.0,62.0,92.0,98.0,93.0,87.0,160.0,128.0,145.0,120.0,100.0,98.0,103.0,71.0,63.0,96.0,133.0,151.0,107.0,69.0,68.0,81.0,76.0,85.0,92.0,70.0,70.0,74.0,56.0,76.0,114.0,70.0,97.0,99.0,58.0,87.0,69.0,77.0,84.0,92.0,102.0,82.0,75.0,77.0,72.0,79.0,65.0,75.0,76.0,49.0,57.0,78.0,55.0,68.0,57.0,62.0,62.0,66.0,68.0,45.0,37.0,21.0,47.0,59.0,38.0,65.0
394870,127,"Mobile, AL",msa,AL,8.0,7.0,12.0,14.0,27.0,49.0,49.0,36.0,20.0,24.0,21.0,25.0,18.0,28.0,35.0,41.0,50.0,39.0,46.0,47.0,31.0,21.0,20.0,24.0,26.0,41.0,49.0,55.0,37.0,42.0,43.0,39.0,35.0,34.0,33.0,38.0,22.0,38.0,32.0,50.0,38.0,34.0,29.0,30.0,24.0,27.0,37.0,32.0,42.0,59.0,70.0,61.0,73.0,58.0,49.0,36.0,49.0,35.0,29.0,29.0,31.0,28.0,54.0,47.0,55.0,64.0,44.0,51.0,60.0,29.0,30.0,44.0,24.0,44.0,47.0,58.0,56.0,56.0,36.0,50.0,40.0,45.0,47.0,47.0,25.0,44.0,56.0,38.0,62.0,40.0,40.0,48.0,37.0,43.0,31.0,45.0,43.0,48.0,62.0,52.0,58.0
395015,128,"Reading, PA",msa,PA,20.0,16.0,23.0,18.0,15.0,15.0,25.0,29.0,23.0,17.0,17.0,10.0,15.0,12.0,15.0,21.0,26.0,16.0,22.0,23.0,22.0,22.0,20.0,17.0,17.0,12.0,21.0,9.0,12.0,17.0,27.0,16.0,26.0,32.0,20.0,29.0,16.0,25.0,38.0,34.0,41.0,30.0,37.0,25.0,20.0,35.0,20.0,30.0,23.0,19.0,25.0,27.0,20.0,29.0,33.0,20.0,28.0,35.0,22.0,25.0,23.0,10.0,25.0,26.0,22.0,32.0,33.0,18.0,15.0,23.0,12.0,26.0,11.0,16.0,22.0,17.0,15.0,15.0,10.0,12.0,24.0,16.0,13.0,12.0,7.0,8.0,9.0,19.0,11.0,13.0,14.0,15.0,12.0,9.0,10.0,13.0,8.0,8.0,12.0,19.0,10.0
394502,129,"Corpus Christi, TX",msa,TX,54.0,56.0,82.0,68.0,84.0,90.0,87.0,88.0,72.0,73.0,70.0,83.0,57.0,62.0,79.0,87.0,79.0,92.0,79.0,72.0,56.0,77.0,54.0,55.0,40.0,53.0,80.0,65.0,72.0,89.0,98.0,74.0,75.0,84.0,71.0,101.0,44.0,40.0,79.0,58.0,80.0,77.0,58.0,59.0,41.0,48.0,30.0,56.0,46.0,49.0,68.0,62.0,63.0,55.0,61.0,72.0,58.0,55.0,45.0,67.0,47.0,61.0,71.0,59.0,69.0,62.0,51.0,52.0,38.0,47.0,56.0,43.0,41.0,49.0,62.0,61.0,65.0,51.0,41.0,61.0,63.0,64.0,64.0,77.0,40.0,82.0,73.0,72.0,116.0,73.0,91.0,111.0,67.0,71.0,86.0,74.0,49.0,79.0,76.0,62.0,93.0
394421,130,"Brownsville, TX",msa,TX,13.0,19.0,28.0,30.0,35.0,29.0,22.0,23.0,24.0,30.0,34.0,23.0,28.0,28.0,34.0,28.0,41.0,37.0,29.0,26.0,32.0,27.0,23.0,23.0,23.0,24.0,28.0,36.0,34.0,30.0,45.0,29.0,20.0,42.0,34.0,37.0,19.0,20.0,38.0,35.0,45.0,28.0,21.0,23.0,19.0,23.0,27.0,30.0,17.0,27.0,33.0,48.0,28.0,29.0,28.0,31.0,25.0,27.0,28.0,26.0,24.0,20.0,32.0,26.0,45.0,44.0,31.0,26.0,12.0,23.0,35.0,29.0,18.0,34.0,41.0,40.0,48.0,44.0,37.0,42.0,39.0,39.0,31.0,36.0,21.0,25.0,31.0,35.0,31.0,36.0,38.0,29.0,19.0,31.0,18.0,32.0,16.0,12.0,14.0,15.0,20.0
394820,131,"Manchester, NH",msa,NH,51.0,32.0,58.0,78.0,78.0,61.0,74.0,59.0,57.0,48.0,28.0,39.0,30.0,32.0,39.0,50.0,53.0,50.0,39.0,49.0,50.0,49.0,49.0,57.0,50.0,31.0,60.0,63.0,59.0,70.0,92.0,85.0,77.0,70.0,74.0,97.0,68.0,53.0,52.0,62.0,35.0,61.0,51.0,48.0,44.0,43.0,44.0,47.0,38.0,39.0,63.0,34.0,44.0,48.0,45.0,47.0,42.0,48.0,35.0,44.0,24.0,39.0,38.0,21.0,39.0,39.0,21.0,41.0,38.0,27.0,45.0,33.0,30.0,29.0,36.0,24.0,41.0,30.0,27.0,41.0,27.0,29.0,24.0,19.0,18.0,11.0,25.0,24.0,19.0,28.0,26.0,33.0,22.0,24.0,17.0,16.0,16.0,24.0,17.0,30.0,36.0
394612,132,"Fort Wayne, IN",msa,IN,41.0,32.0,60.0,43.0,72.0,68.0,39.0,72.0,49.0,56.0,56.0,38.0,23.0,27.0,49.0,26.0,77.0,55.0,59.0,67.0,69.0,61.0,50.0,65.0,45.0,41.0,53.0,53.0,71.0,87.0,104.0,79.0,94.0,67.0,75.0,75.0,47.0,75.0,88.0,72.0,94.0,65.0,71.0,57.0,61.0,63.0,58.0,81.0,48.0,69.0,97.0,79.0,106.0,62.0,50.0,54.0,59.0,55.0,63.0,53.0,22.0,52.0,89.0,68.0,88.0,72.0,66.0,72.0,69.0,55.0,48.0,45.0,43.0,44.0,77.0,52.0,72.0,71.0,53.0,52.0,57.0,61.0,45.0,50.0,49.0,46.0,68.0,51.0,58.0,60.0,41.0,61.0,54.0,55.0,53.0,60.0,29.0,41.0,56.0,61.0,62.0
394658,133,"Gulfport, MS",msa,MS,44.0,69.0,78.0,68.0,83.0,88.0,72.0,78.0,80.0,74.0,63.0,80.0,61.0,79.0,85.0,90.0,116.0,96.0,89.0,88.0,95.0,86.0,70.0,78.0,49.0,55.0,94.0,68.0,93.0,101.0,113.0,106.0,110.0,99.0,112.0,105.0,66.0,81.0,91.0,95.0,103.0,90.0,90.0,85.0,99.0,69.0,83.0,89.0,92.0,97.0,99.0,91.0,131.0,105.0,83.0,73.0,122.0,96.0,82.0,73.0,58.0,71.0,86.0,95.0,106.0,113.0,84.0,99.0,129.0,119.0,96.0,115.0,81.0,89.0,108.0,110.0,126.0,120.0,116.0,130.0,115.0,115.0,96.0,105.0,90.0,97.0,115.0,104.0,95.0,125.0,102.0,101.0,93.0,101.0,75.0,99.0,79.0,97.0,98.0,114.0,100.0
395051,134,"Salisbury, MD",msa,DE,248.0,216.0,201.0,211.0,166.0,201.0,198.0,288.0,250.0,280.0,261.0,262.0,227.0,238.0,293.0,294.0,299.0,287.0,309.0,294.0,260.0,254.0,250.0,336.0,304.0,265.0,299.0,256.0,299.0,377.0,364.0,389.0,379.0,377.0,379.0,400.0,308.0,373.0,410.0,376.0,412.0,361.0,350.0,378.0,356.0,318.0,346.0,282.0,274.0,281.0,367.0,317.0,309.0,249.0,255.0,289.0,235.0,203.0,238.0,256.0,201.0,233.0,315.0,243.0,246.0,266.0,226.0,274.0,251.0,242.0,285.0,203.0,210.0,203.0,220.0,234.0,294.0,227.0,233.0,240.0,207.0,287.0,251.0,259.0,147.0,172.0,228.0,237.0,231.0,210.0,151.0,193.0,146.0,175.0,153.0,175.0,115.0,87.0,121.0,133.0,118.0
394596,135,"Flint, MI",msa,MI,26.0,29.0,31.0,28.0,15.0,28.0,16.0,22.0,33.0,22.0,16.0,25.0,18.0,23.0,40.0,24.0,30.0,23.0,19.0,15.0,20.0,22.0,23.0,23.0,24.0,14.0,16.0,14.0,14.0,24.0,29.0,19.0,31.0,31.0,28.0,30.0,28.0,22.0,49.0,38.0,33.0,32.0,19.0,19.0,19.0,22.0,14.0,21.0,29.0,17.0,18.0,15.0,29.0,14.0,10.0,17.0,14.0,9.0,17.0,9.0,6.0,21.0,23.0,15.0,17.0,22.0,14.0,14.0,23.0,18.0,21.0,26.0,13.0,15.0,25.0,26.0,29.0,18.0,18.0,12.0,17.0,17.0,11.0,19.0,6.0,16.0,21.0,12.0,24.0,18.0,19.0,21.0,15.0,15.0,16.0,16.0,13.0,17.0,15.0,17.0,20.0
394972,136,"Peoria, IL",msa,IL,,,,,,,,,,,,,,,,,,,,,,,,,,,,,,,,,,,,,,,,,,,,,,,,,,,,,,,,,,,,,,,,,,,,,,,,,,,,,,,,,,,,,,,,,,,,,,,,,,,,7.0,6.0
395070,138,"Savannah, GA",msa,GA,107.0,137.0,154.0,193.0,199.0,220.0,201.0,187.0,158.0,170.0,136.0,134.0,101.0,121.0,184.0,165.0,201.0,188.0,180.0,161.0,139.0,165.0,136.0,140.0,148.0,152.0,199.0,145.0,152.0,204.0,232.0,220.0,154.0,183.0,115.0,170.0,133.0,133.0,202.0,226.0,166.0,197.0,187.0,179.0,214.0,209.0,191.0,229.0,181.0,184.0,259.0,189.0,199.0,243.0,151.0,189.0,227.0,204.0,150.0,185.0,123.0,178.0,185.0,164.0,234.0,240.0,195.0,241.0,169.0,189.0,164.0,191.0,153.0,173.0,162.0,194.0,197.0,179.0,173.0,176.0,183.0,158.0,191.0,178.0,107.0,163.0,161.0,137.0,175.0,202.0,156.0,117.0,139.0,131.0,114.0,117.0,80.0,89.0,115.0,104.0,126.0
394327,139,"Anchorage, AK",msa,AK,31.0,37.0,50.0,46.0,70.0,57.0,59.0,57.0,42.0,62.0,36.0,47.0,41.0,43.0,55.0,56.0,50.0,54.0,66.0,57.0,59.0,55.0,57.0,55.0,33.0,24.0,40.0,40.0,42.0,40.0,63.0,48.0,43.0,44.0,33.0,54.0,30.0,35.0,63.0,45.0,52.0,43.0,38.0,34.0,47.0,38.0,41.0,58.0,30.0,43.0,60.0,48.0,39.0,39.0,47.0,34.0,21.0,42.0,31.0,31.0,26.0,28.0,49.0,37.0,46.0,46.0,23.0,50.0,38.0,36.0,42.0,26.0,31.0,32.0,39.0,26.0,52.0,38.0,35.0,34.0,30.0,39.0,37.0,32.0,33.0,31.0,38.0,45.0,46.0,44.0,55.0,42.0,35.0,35.0,30.0,46.0,20.0,25.0,31.0,29.0,38.0
394372,140,"Beaumont, TX",msa,TX,22.0,26.0,23.0,25.0,26.0,25.0,33.0,33.0,33.0,28.0,25.0,20.0,25.0,29.0,25.0,42.0,31.0,28.0,25.0,45.0,16.0,31.0,29.0,33.0,25.0,37.0,25.0,20.0,29.0,32.0,36.0,44.0,32.0,28.0,25.0,33.0,23.0,9.0,27.0,24.0,16.0,26.0,31.0,31.0,22.0,18.0,39.0,40.0,26.0,29.0,60.0,43.0,48.0,43.0,28.0,32.0,38.0,27.0,33.0,23.0,18.0,26.0,43.0,34.0,44.0,41.0,34.0,40.0,28.0,18.0,28.0,37.0,23.0,29.0,24.0,38.0,34.0,30.0,25.0,24.0,33.0,40.0,18.0,34.0,23.0,16.0,33.0,33.0,28.0,25.0,29.0,24.0,33.0,34.0,27.0,26.0,15.0,22.0,44.0,33.0,35.0
395096,141,"Shreveport, LA",msa,LA,35.0,34.0,40.0,75.0,61.0,66.0,60.0,65.0,38.0,53.0,46.0,42.0,43.0,51.0,50.0,58.0,52.0,73.0,63.0,74.0,51.0,56.0,48.0,49.0,41.0,43.0,73.0,61.0,44.0,67.0,78.0,66.0,81.0,73.0,71.0,49.0,34.0,44.0,79.0,53.0,59.0,60.0,56.0,45.0,40.0,45.0,50.0,48.0,44.0,33.0,54.0,60.0,70.0,69.0,53.0,58.0,42.0,50.0,38.0,36.0,29.0,39.0,71.0,40.0,39.0,44.0,44.0,43.0,37.0,52.0,33.0,44.0,29.0,31.0,46.0,38.0,56.0,45.0,50.0,33.0,35.0,41.0,45.0,37.0,38.0,27.0,44.0,37.0,61.0,51.0,53.0,47.0,43.0,44.0,23.0,54.0,24.0,25.0,50.0,53.0,35.0
395164,142,"Trenton, NJ",msa,NJ,,,,,,,,,,,,,,,,,,,,,,,,,,,,,,,,,,,,,,,,,,,,,,,,,,,,,,,,,,,,,,,,,,15.0,9.0,9.0,11.0,28.0,21.0,,14.0,21.0,18.0,11.0,16.0,12.0,21.0,19.0,16.0,41.0,21.0,19.0,23.0,21.0,23.0,23.0,20.0,38.0,19.0,25.0,20.0,24.0,26.0,14.0,14.0,33.0,10.0,28.0,39.0
394875,143,"Montgomery, AL",msa,AL,59.0,53.0,110.0,88.0,79.0,72.0,73.0,65.0,54.0,56.0,47.0,55.0,45.0,69.0,78.0,67.0,103.0,92.0,87.0,72.0,62.0,70.0,85.0,62.0,57.0,70.0,84.0,58.0,80.0,120.0,131.0,81.0,99.0,88.0,85.0,100.0,77.0,67.0,111.0,101.0,88.0,79.0,106.0,69.0,51.0,60.0,68.0,83.0,96.0,98.0,96.0,116.0,120.0,99.0,86.0,87.0,76.0,73.0,76.0,70.0,33.0,39.0,58.0,66.0,80.0,79.0,72.0,65.0,46.0,52.0,58.0,66.0,40.0,62.0,71.0,61.0,75.0,94.0,69.0,73.0,73.0,54.0,67.0,87.0,58.0,63.0,73.0,79.0,88.0,97.0,100.0,68.0,92.0,69.0,72.0,66.0,53.0,52.0,71.0,69.0,85.0
394520,144,"Davenport, IA",msa,IL,17.0,22.0,26.0,26.0,37.0,38.0,21.0,27.0,15.0,28.0,21.0,18.0,18.0,20.0,24.0,23.0,20.0,36.0,29.0,26.0,27.0,28.0,18.0,20.0,23.0,22.0,15.0,18.0,36.0,30.0,35.0,32.0,23.0,28.0,18.0,26.0,15.0,17.0,17.0,29.0,27.0,24.0,25.0,33.0,26.0,22.0,31.0,24.0,18.0,16.0,20.0,21.0,23.0,26.0,16.0,25.0,11.0,15.0,14.0,23.0,9.0,17.0,23.0,22.0,28.0,35.0,16.0,20.0,15.0,18.0,23.0,21.0,18.0,15.0,17.0,26.0,16.0,24.0,18.0,14.0,13.0,14.0,21.0,12.0,18.0,16.0,12.0,16.0,22.0,21.0,8.0,11.0,19.0,18.0,17.0,12.0,10.0,14.0,13.0,12.0,17.0
395146,145,"Tallahassee, FL",msa,FL,53.0,45.0,70.0,74.0,58.0,73.0,57.0,70.0,41.0,44.0,55.0,34.0,41.0,56.0,55.0,62.0,77.0,71.0,61.0,53.0,59.0,58.0,48.0,57.0,71.0,48.0,82.0,59.0,94.0,81.0,112.0,89.0,93.0,79.0,66.0,107.0,76.0,88.0,122.0,92.0,99.0,98.0,82.0,80.0,84.0,64.0,75.0,99.0,87.0,97.0,109.0,93.0,107.0,93.0,80.0,91.0,86.0,74.0,62.0,63.0,63.0,64.0,95.0,88.0,107.0,101.0,106.0,95.0,101.0,75.0,98.0,78.0,45.0,82.0,74.0,93.0,99.0,121.0,94.0,79.0,89.0,87.0,62.0,83.0,59.0,55.0,99.0,68.0,60.0,78.0,67.0,72.0,70.0,55.0,55.0,73.0,37.0,50.0,71.0,64.0,53.0
394576,146,"Eugene, OR",msa,OR,36.0,31.0,41.0,42.0,38.0,42.0,50.0,50.0,29.0,29.0,32.0,28.0,27.0,30.0,38.0,31.0,52.0,30.0,47.0,55.0,29.0,34.0,22.0,21.0,28.0,15.0,22.0,20.0,23.0,30.0,35.0,35.0,25.0,31.0,27.0,30.0,24.0,28.0,34.0,40.0,41.0,42.0,52.0,37.0,47.0,26.0,23.0,40.0,37.0,22.0,35.0,26.0,36.0,40.0,29.0,48.0,40.0,32.0,29.0,25.0,15.0,31.0,32.0,31.0,33.0,29.0,23.0,37.0,49.0,21.0,35.0,19.0,27.0,29.0,45.0,30.0,35.0,47.0,35.0,35.0,25.0,22.0,34.0,27.0,14.0,27.0,36.0,24.0,28.0,41.0,27.0,40.0,48.0,35.0,27.0,28.0,16.0,34.0,31.0,35.0,23.0
394901,147,"Naples, FL",msa,FL,235.0,195.0,214.0,183.0,237.0,246.0,191.0,205.0,194.0,213.0,224.0,228.0,170.0,159.0,251.0,191.0,286.0,248.0,269.0,209.0,207.0,227.0,222.0,306.0,236.0,218.0,293.0,214.0,226.0,278.0,275.0,345.0,256.0,267.0,230.0,286.0,156.0,216.0,305.0,231.0,247.0,262.0,207.0,203.0,198.0,201.0,212.0,276.0,197.0,168.0,243.0,185.0,211.0,202.0,172.0,191.0,143.0,178.0,161.0,216.0,134.0,163.0,246.0,201.0,235.0,201.0,153.0,196.0,129.0,160.0,161.0,187.0,109.0,150.0,155.0,154.0,165.0,111.0,95.0,104.0,124.0,112.0,78.0,99.0,75.0,71.0,96.0,102.0,104.0,94.0,95.0,64.0,67.0,91.0,66.0,111.0,30.0,57.0,65.0,76.0,89.0
394332,148,"Ann Arbor, MI",msa,MI,33.0,30.0,34.0,30.0,36.0,40.0,42.0,28.0,34.0,46.0,43.0,37.0,18.0,28.0,24.0,28.0,26.0,37.0,29.0,34.0,35.0,32.0,18.0,21.0,14.0,17.0,17.0,17.0,19.0,25.0,30.0,28.0,38.0,34.0,43.0,44.0,39.0,35.0,42.0,43.0,36.0,45.0,45.0,53.0,37.0,53.0,50.0,57.0,42.0,32.0,42.0,37.0,32.0,48.0,48.0,32.0,34.0,36.0,42.0,47.0,23.0,36.0,60.0,27.0,33.0,29.0,38.0,42.0,30.0,22.0,31.0,25.0,16.0,18.0,34.0,25.0,40.0,22.0,42.0,39.0,26.0,29.0,42.0,38.0,33.0,35.0,18.0,42.0,37.0,41.0,43.0,30.0,41.0,14.0,21.0,40.0,23.0,28.0,35.0,40.0,30.0
394927,149,"Ocala, FL",msa,FL,125.0,124.0,134.0,146.0,180.0,144.0,150.0,128.0,132.0,120.0,128.0,171.0,119.0,163.0,192.0,188.0,200.0,224.0,178.0,187.0,156.0,187.0,169.0,216.0,212.0,194.0,252.0,181.0,212.0,256.0,281.0,235.0,232.0,250.0,208.0,289.0,271.0,239.0,346.0,286.0,245.0,259.0,224.0,226.0,250.0,166.0,253.0,300.0,328.0,287.0,383.0,284.0,302.0,347.0,236.0,318.0,275.0,294.0,279.0,396.0,314.0,367.0,502.0,470.0,508.0,514.0,455.0,474.0,426.0,421.0,341.0,389.0,311.0,411.0,442.0,417.0,477.0,373.0,408.0,393.0,320.0,314.0,300.0,314.0,232.0,253.0,394.0,344.0,384.0,356.0,336.0,350.0,332.0,325.0,280.0,379.0,230.0,306.0,410.0,337.0,385.0
394679,150,"Hickory, NC",msa,NC,22.0,24.0,34.0,29.0,31.0,41.0,20.0,37.0,34.0,29.0,24.0,34.0,26.0,24.0,46.0,37.0,47.0,45.0,35.0,21.0,33.0,31.0,33.0,25.0,24.0,29.0,40.0,23.0,33.0,36.0,45.0,36.0,46.0,45.0,33.0,27.0,29.0,28.0,35.0,32.0,31.0,41.0,40.0,44.0,15.0,29.0,29.0,23.0,28.0,29.0,63.0,74.0,54.0,33.0,32.0,39.0,41.0,56.0,39.0,74.0,68.0,53.0,59.0,66.0,73.0,86.0,62.0,125.0,89.0,103.0,76.0,75.0,46.0,71.0,90.0,100.0,78.0,70.0,68.0,85.0,70.0,90.0,92.0,111.0,69.0,91.0,99.0,68.0,94.0,91.0,79.0,116.0,112.0,89.0,75.0,100.0,43.0,69.0,77.0,58.0,63.0
394602,152,"Fort Collins, CO",msa,CO,99.0,111.0,143.0,153.0,214.0,211.0,156.0,163.0,126.0,122.0,144.0,150.0,87.0,106.0,158.0,143.0,190.0,150.0,152.0,134.0,123.0,148.0,137.0,185.0,99.0,147.0,190.0,180.0,147.0,229.0,258.0,191.0,180.0,173.0,160.0,183.0,150.0,169.0,259.0,224.0,230.0,267.0,159.0,180.0,123.0,172.0,187.0,199.0,148.0,129.0,180.0,152.0,165.0,227.0,154.0,146.0,146.0,125.0,104.0,122.0,75.0,111.0,156.0,147.0,134.0,118.0,97.0,111.0,78.0,101.0,77.0,97.0,47.0,96.0,104.0,106.0,109.0,106.0,88.0,78.0,72.0,78.0,65.0,105.0,48.0,71.0,92.0,108.0,81.0,102.0,80.0,74.0,75.0,70.0,53.0,73.0,49.0,78.0,89.0,76.0,74.0
395033,153,"Rockford, IL",msa,IL,,,,,,,,,,,,,,,,,,,,,,,,,,,,,,,,,,,,,,,,,,,,,,,,,,,,,,,,,,,,,,,,,,,,,,,,,,,,,,,,,,,,,,,,,,,,,,,,,,,14.0,9.0,23.0
394796,154,"Lincoln, NE",msa,NE,110.0,88.0,110.0,115.0,107.0,124.0,97.0,106.0,83.0,94.0,59.0,57.0,57.0,48.0,86.0,87.0,90.0,71.0,65.0,93.0,60.0,71.0,64.0,63.0,69.0,62.0,73.0,69.0,119.0,105.0,115.0,102.0,108.0,105.0,73.0,65.0,66.0,72.0,90.0,87.0,97.0,76.0,97.0,73.0,65.0,80.0,69.0,84.0,78.0,79.0,98.0,112.0,100.0,84.0,74.0,79.0,68.0,67.0,46.0,61.0,53.0,49.0,75.0,74.0,81.0,78.0,67.0,68.0,50.0,35.0,38.0,38.0,55.0,41.0,64.0,41.0,67.0,68.0,65.0,49.0,41.0,42.0,36.0,60.0,41.0,32.0,40.0,63.0,60.0,60.0,53.0,44.0,49.0,43.0,40.0,42.0,30.0,38.0,47.0,47.0,65.0
394622,155,"Gainesville, FL",msa,FL,48.0,36.0,73.0,40.0,63.0,64.0,41.0,34.0,32.0,34.0,58.0,39.0,44.0,50.0,61.0,61.0,61.0,66.0,63.0,51.0,50.0,42.0,71.0,59.0,56.0,60.0,63.0,71.0,82.0,86.0,96.0,51.0,55.0,60.0,48.0,92.0,65.0,57.0,119.0,92.0,76.0,108.0,74.0,51.0,85.0,60.0,74.0,82.0,68.0,67.0,99.0,82.0,91.0,86.0,101.0,99.0,67.0,86.0,64.0,79.0,64.0,63.0,71.0,77.0,100.0,115.0,116.0,73.0,58.0,55.0,68.0,74.0,55.0,61.0,82.0,85.0,85.0,98.0,74.0,59.0,62.0,49.0,60.0,72.0,48.0,52.0,80.0,59.0,86.0,88.0,74.0,57.0,59.0,64.0,64.0,68.0,40.0,46.0,75.0,69.0,66.0
394405,156,"Boulder, CO",msa,CO,86.0,72.0,90.0,72.0,80.0,99.0,69.0,93.0,72.0,82.0,105.0,107.0,66.0,70.0,98.0,100.0,128.0,93.0,110.0,106.0,95.0,86.0,79.0,110.0,60.0,70.0,125.0,57.0,81.0,81.0,89.0,83.0,81.0,89.0,57.0,84.0,52.0,54.0,63.0,74.0,53.0,71.0,55.0,62.0,93.0,73.0,69.0,47.0,36.0,38.0,35.0,33.0,29.0,48.0,28.0,58.0,51.0,37.0,29.0,29.0,22.0,12.0,36.0,32.0,42.0,37.0,36.0,37.0,41.0,82.0,89.0,78.0,69.0,73.0,69.0,62.0,79.0,58.0,42.0,67.0,62.0,58.0,39.0,68.0,33.0,41.0,66.0,47.0,47.0,44.0,22.0,33.0,48.0,38.0,19.0,43.0,16.0,18.0,46.0,32.0,38.0
394646,157,"Green Bay, WI",msa,WI,13.0,25.0,28.0,35.0,31.0,44.0,11.0,21.0,14.0,26.0,19.0,14.0,13.0,20.0,28.0,25.0,39.0,27.0,22.0,18.0,12.0,19.0,16.0,20.0,17.0,21.0,22.0,32.0,42.0,57.0,50.0,34.0,36.0,47.0,20.0,24.0,21.0,24.0,34.0,41.0,31.0,44.0,37.0,30.0,26.0,41.0,17.0,22.0,26.0,26.0,36.0,48.0,28.0,26.0,19.0,17.0,18.0,13.0,21.0,13.0,9.0,21.0,27.0,30.0,36.0,16.0,26.0,32.0,27.0,23.0,26.0,20.0,19.0,15.0,37.0,30.0,41.0,36.0,37.0,30.0,32.0,23.0,22.0,41.0,19.0,19.0,27.0,30.0,37.0,33.0,22.0,34.0,32.0,35.0,26.0,35.0,25.0,16.0,35.0,34.0,37.0
394488,158,"Columbus, GA",msa,GA,20.0,24.0,41.0,33.0,38.0,24.0,35.0,32.0,32.0,30.0,24.0,36.0,20.0,32.0,41.0,47.0,33.0,59.0,60.0,50.0,34.0,26.0,29.0,36.0,22.0,31.0,39.0,45.0,37.0,53.0,49.0,39.0,47.0,38.0,22.0,24.0,10.0,18.0,26.0,39.0,28.0,33.0,24.0,27.0,34.0,27.0,31.0,50.0,19.0,20.0,27.0,25.0,35.0,32.0,34.0,39.0,26.0,14.0,26.0,19.0,21.0,21.0,29.0,18.0,37.0,23.0,45.0,37.0,32.0,32.0,28.0,28.0,27.0,38.0,36.0,32.0,33.0,30.0,35.0,33.0,37.0,31.0,20.0,29.0,25.0,35.0,36.0,43.0,43.0,37.0,29.0,38.0,30.0,41.0,26.0,30.0,33.0,23.0,44.0,47.0,36.0
395107,159,"South Bend, IN",msa,IN,12.0,13.0,15.0,14.0,18.0,10.0,23.0,24.0,10.0,24.0,22.0,14.0,16.0,9.0,20.0,16.0,20.0,13.0,12.0,26.0,16.0,15.0,11.0,24.0,20.0,15.0,17.0,19.0,9.0,30.0,23.0,14.0,16.0,20.0,16.0,29.0,14.0,16.0,20.0,16.0,23.0,38.0,20.0,19.0,19.0,13.0,16.0,10.0,9.0,14.0,6.0,7.0,18.0,24.0,16.0,27.0,14.0,16.0,13.0,9.0,9.0,10.0,15.0,20.0,28.0,15.0,29.0,20.0,10.0,19.0,11.0,15.0,8.0,18.0,20.0,10.0,17.0,15.0,25.0,19.0,16.0,9.0,18.0,14.0,10.0,8.0,14.0,9.0,14.0,12.0,16.0,15.0,11.0,11.0,13.0,10.0,6.0,11.0,9.0,8.0,27.0
395109,160,"Spartanburg, SC",msa,SC,176.0,162.0,199.0,196.0,192.0,211.0,209.0,197.0,188.0,144.0,143.0,177.0,168.0,201.0,232.0,214.0,238.0,271.0,251.0,260.0,208.0,210.0,195.0,209.0,211.0,218.0,259.0,229.0,247.0,296.0,356.0,274.0,270.0,257.0,210.0,275.0,234.0,262.0,352.0,341.0,280.0,318.0,280.0,325.0,349.0,286.0,267.0,379.0,282.0,288.0,346.0,347.0,283.0,324.0,294.0,324.0,394.0,230.0,273.0,349.0,188.0,222.0,371.0,246.0,298.0,340.0,243.0,348.0,329.0,286.0,267.0,306.0,216.0,322.0,340.0,306.0,368.0,327.0,342.0,395.0,352.0,358.0,408.0,384.0,265.0,262.0,417.0,434.0,492.0,460.0,367.0,350.0,397.0,262.0,267.0,428.0,232.0,271.0,341.0,368.0,356.0
394645,161,"Greeley, CO",msa,CO,140.0,207.0,258.0,236.0,283.0,247.0,242.0,243.0,239.0,245.0,227.0,254.0,178.0,198.0,261.0,243.0,305.0,288.0,286.0,271.0,305.0,294.0,230.0,311.0,187.0,207.0,265.0,195.0,223.0,319.0,323.0,331.0,341.0,317.0,321.0,429.0,283.0,292.0,426.0,329.0,361.0,337.0,354.0,332.0,372.0,260.0,317.0,422.0,253.0,314.0,329.0,281.0,256.0,258.0,150.0,183.0,230.0,186.0,190.0,205.0,158.0,217.0,263.0,219.0,224.0,208.0,209.0,211.0,177.0,154.0,140.0,148.0,103.0,175.0,170.0,160.0,182.0,165.0,173.0,192.0,176.0,163.0,167.0,227.0,106.0,171.0,193.0,190.0,199.0,151.0,115.0,126.0,132.0,91.0,94.0,131.0,58.0,96.0,138.0,118.0,124.0
394808,162,"Lubbock, TX",msa,TX,69.0,70.0,87.0,97.0,106.0,122.0,106.0,122.0,92.0,86.0,74.0,82.0,66.0,87.0,88.0,98.0,79.0,68.0,78.0,74.0,54.0,70.0,55.0,60.0,37.0,52.0,86.0,72.0,77.0,97.0,134.0,121.0,111.0,112.0,130.0,172.0,91.0,99.0,121.0,99.0,105.0,103.0,107.0,97.0,98.0,78.0,93.0,96.0,105.0,122.0,146.0,107.0,104.0,112.0,88.0,132.0,119.0,106.0,78.0,90.0,77.0,81.0,147.0,110.0,143.0,131.0,103.0,112.0,85.0,100.0,111.0,107.0,94.0,107.0,134.0,149.0,118.0,110.0,92.0,124.0,90.0,92.0,94.0,122.0,90.0,130.0,161.0,106.0,118.0,124.0,99.0,110.0,79.0,95.0,77.0,163.0,90.0,105.0,129.0,137.0,143.0
394471,163,"Clarksville, TN",msa,TN,167.0,178.0,205.0,265.0,224.0,244.0,202.0,220.0,177.0,210.0,152.0,148.0,153.0,185.0,217.0,247.0,243.0,268.0,275.0,213.0,223.0,265.0,223.0,243.0,233.0,226.0,296.0,313.0,317.0,360.0,421.0,426.0,382.0,401.0,395.0,393.0,328.0,331.0,484.0,378.0,375.0,390.0,451.0,472.0,400.0,318.0,290.0,355.0,302.0,374.0,538.0,412.0,361.0,408.0,254.0,188.0,106.0,71.0,65.0,103.0,57.0,87.0,106.0,139.0,246.0,279.0,219.0,229.0,166.0,193.0,132.0,169.0,112.0,131.0,180.0,154.0,223.0,156.0,132.0,127.0,117.0,117.0,131.0,150.0,91.0,128.0,145.0,142.0,160.0,172.0,157.0,173.0,112.0,159.0,129.0,152.0,89.0,119.0,101.0,124.0,172.0
395028,164,"Roanoke, VA",msa,VA,23.0,22.0,18.0,21.0,29.0,19.0,21.0,15.0,17.0,25.0,22.0,15.0,23.0,25.0,24.0,25.0,32.0,20.0,28.0,27.0,17.0,28.0,13.0,15.0,20.0,17.0,24.0,23.0,26.0,33.0,38.0,29.0,26.0,27.0,19.0,37.0,30.0,26.0,26.0,40.0,29.0,26.0,22.0,23.0,16.0,19.0,14.0,24.0,22.0,16.0,31.0,29.0,26.0,38.0,23.0,19.0,18.0,22.0,18.0,15.0,18.0,15.0,9.0,18.0,35.0,22.0,16.0,23.0,15.0,15.0,21.0,14.0,15.0,19.0,26.0,24.0,14.0,16.0,25.0,27.0,19.0,22.0,15.0,28.0,16.0,13.0,13.0,14.0,18.0,12.0,20.0,21.0,18.0,24.0,13.0,35.0,12.0,14.0,13.0,24.0,24.0
394579,165,"Evansville, IN",msa,IN,23.0,29.0,27.0,21.0,34.0,20.0,27.0,30.0,19.0,38.0,24.0,28.0,23.0,20.0,33.0,32.0,34.0,22.0,18.0,38.0,24.0,25.0,30.0,25.0,21.0,20.0,25.0,39.0,22.0,32.0,43.0,26.0,31.0,31.0,28.0,37.0,29.0,28.0,36.0,34.0,37.0,26.0,42.0,32.0,29.0,39.0,24.0,42.0,17.0,23.0,27.0,27.0,33.0,34.0,43.0,32.0,29.0,30.0,21.0,27.0,13.0,18.0,36.0,22.0,32.0,22.0,21.0,34.0,27.0,24.0,13.0,21.0,15.0,22.0,24.0,22.0,23.0,21.0,19.0,21.0,24.0,18.0,26.0,21.0,15.0,9.0,21.0,20.0,30.0,28.0,18.0,26.0,28.0,21.0,6.0,11.0,5.0,18.0,18.0,28.0,18.0
394747,167,"Kingsport, TN",msa,TN,,,,,,,,,,,,,,,,,,,,,,,,,12.0,14.0,23.0,19.0,22.0,33.0,15.0,16.0,29.0,17.0,19.0,33.0,22.0,13.0,25.0,23.0,20.0,21.0,15.0,33.0,27.0,19.0,15.0,26.0,21.0,25.0,37.0,28.0,23.0,25.0,23.0,14.0,40.0,16.0,14.0,30.0,16.0,25.0,33.0,27.0,33.0,72.0,48.0,64.0,45.0,35.0,50.0,32.0,12.0,41.0,32.0,50.0,30.0,29.0,33.0,20.0,28.0,33.0,22.0,28.0,33.0,25.0,26.0,22.0,35.0,31.0,23.0,21.0,30.0,24.0,17.0,20.0,18.0,15.0,37.0,25.0,26.0
394741,168,"Kennewick, WA",msa,WA,107.0,93.0,133.0,92.0,94.0,91.0,102.0,111.0,88.0,88.0,87.0,55.0,92.0,88.0,100.0,118.0,129.0,120.0,108.0,121.0,94.0,103.0,81.0,78.0,133.0,114.0,135.0,88.0,96.0,107.0,138.0,118.0,119.0,160.0,112.0,138.0,140.0,146.0,170.0,156.0,181.0,146.0,111.0,104.0,89.0,91.0,58.0,69.0,77.0,124.0,154.0,117.0,125.0,114.0,90.0,71.0,70.0,52.0,46.0,44.0,49.0,62.0,81.0,73.0,77.0,90.0,78.0,86.0,73.0,74.0,64.0,69.0,68.0,51.0,88.0,99.0,94.0,97.0,98.0,88.0,81.0,74.0,80.0,70.0,48.0,80.0,81.0,67.0,95.0,89.0,87.0,68.0,91.0,74.0,55.0,62.0,55.0,76.0,88.0,76.0,97.0
394660,170,"Hagerstown, MD",msa,MD,80.0,72.0,77.0,55.0,61.0,103.0,95.0,90.0,76.0,99.0,81.0,79.0,72.0,82.0,92.0,111.0,86.0,106.0,122.0,110.0,95.0,92.0,80.0,116.0,69.0,75.0,80.0,83.0,111.0,131.0,130.0,113.0,110.0,134.0,117.0,105.0,100.0,114.0,140.0,102.0,81.0,108.0,70.0,90.0,107.0,92.0,74.0,98.0,62.0,79.0,102.0,83.0,96.0,104.0,80.0,104.0,79.0,68.0,62.0,82.0,54.0,66.0,78.0,73.0,82.0,74.0,86.0,97.0,124.0,115.0,103.0,125.0,71.0,107.0,102.0,115.0,95.0,127.0,112.0,127.0,101.0,110.0,83.0,108.0,72.0,65.0,88.0,96.0,120.0,104.0,68.0,60.0,70.0,64.0,62.0,74.0,33.0,69.0,73.0,67.0,49.0
394937,172,"Olympia, WA",msa,WA,49.0,59.0,81.0,67.0,86.0,102.0,81.0,80.0,106.0,88.0,90.0,90.0,41.0,79.0,78.0,92.0,96.0,94.0,91.0,102.0,90.0,65.0,57.0,77.0,49.0,87.0,91.0,46.0,52.0,71.0,102.0,93.0,90.0,116.0,103.0,83.0,57.0,59.0,74.0,80.0,70.0,75.0,70.0,98.0,121.0,103.0,120.0,90.0,75.0,59.0,46.0,46.0,25.0,47.0,31.0,39.0,44.0,30.0,35.0,68.0,28.0,43.0,83.0,47.0,47.0,65.0,48.0,59.0,68.0,53.0,69.0,67.0,49.0,79.0,98.0,68.0,66.0,77.0,64.0,65.0,33.0,32.0,24.0,30.0,19.0,34.0,42.0,36.0,41.0,56.0,42.0,43.0,46.0,48.0,24.0,33.0,14.0,21.0,42.0,38.0,40.0
394803,173,"Longview, TX",msa,TX,13.0,15.0,16.0,18.0,25.0,20.0,20.0,20.0,19.0,16.0,8.0,19.0,14.0,12.0,16.0,13.0,22.0,24.0,16.0,23.0,14.0,14.0,16.0,18.0,15.0,19.0,19.0,17.0,17.0,17.0,34.0,24.0,31.0,12.0,18.0,21.0,13.0,14.0,19.0,19.0,16.0,17.0,8.0,18.0,12.0,12.0,7.0,14.0,16.0,17.0,16.0,24.0,17.0,12.0,15.0,14.0,17.0,20.0,16.0,14.0,16.0,18.0,19.0,16.0,22.0,17.0,18.0,7.0,17.0,13.0,19.0,11.0,11.0,23.0,17.0,23.0,21.0,11.0,18.0,11.0,18.0,14.0,20.0,9.0,12.0,17.0,17.0,21.0,15.0,28.0,27.0,7.0,23.0,19.0,18.0,21.0,12.0,13.0,26.0,14.0,25.0
395229,174,"Wilmington, NC",msa,NC,106.0,124.0,179.0,157.0,188.0,203.0,165.0,163.0,47.0,161.0,116.0,103.0,110.0,114.0,187.0,138.0,167.0,178.0,160.0,160.0,94.0,108.0,96.0,153.0,140.0,132.0,162.0,150.0,184.0,225.0,263.0,242.0,199.0,192.0,182.0,243.0,151.0,183.0,277.0,229.0,208.0,188.0,152.0,190.0,157.0,147.0,164.0,212.0,164.0,176.0,227.0,178.0,164.0,178.0,171.0,137.0,122.0,141.0,145.0,152.0,116.0,140.0,151.0,158.0,181.0,198.0,185.0,193.0,155.0,172.0,168.0,145.0,110.0,133.0,163.0,140.0,138.0,127.0,126.0,150.0,148.0,83.0,97.0,102.0,83.0,92.0,97.0,105.0,126.0,127.0,104.0,108.0,138.0,113.0,72.0,135.0,70.0,76.0,111.0,93.0,103.0
395061,175,"San Luis Obispo, CA",msa,CA,30.0,13.0,36.0,24.0,41.0,40.0,41.0,39.0,38.0,37.0,34.0,21.0,10.0,14.0,25.0,23.0,23.0,26.0,26.0,31.0,29.0,39.0,36.0,38.0,24.0,35.0,43.0,23.0,29.0,34.0,48.0,70.0,50.0,51.0,41.0,75.0,37.0,41.0,52.0,46.0,25.0,48.0,38.0,52.0,48.0,39.0,29.0,39.0,22.0,27.0,13.0,13.0,14.0,17.0,23.0,23.0,22.0,13.0,22.0,15.0,12.0,15.0,24.0,14.0,17.0,13.0,17.0,13.0,5.0,12.0,11.0,11.0,22.0,15.0,13.0,9.0,18.0,17.0,6.0,9.0,11.0,11.0,9.0,11.0,9.0,7.0,7.0,7.0,9.0,13.0,7.0,10.0,12.0,5.0,10.0,15.0,10.0,13.0,27.0,17.0,17.0
753875,176,"Crestview, FL",msa,FL,137.0,151.0,204.0,158.0,219.0,137.0,121.0,103.0,135.0,130.0,97.0,115.0,137.0,145.0,157.0,172.0,166.0,189.0,179.0,157.0,162.0,187.0,151.0,160.0,133.0,160.0,172.0,145.0,144.0,245.0,202.0,195.0,185.0,194.0,185.0,240.0,165.0,188.0,220.0,210.0,259.0,282.0,266.0,241.0,273.0,260.0,236.0,293.0,217.0,225.0,278.0,203.0,216.0,263.0,216.0,227.0,200.0,186.0,159.0,213.0,142.0,201.0,350.0,240.0,225.0,231.0,178.0,202.0,234.0,234.0,178.0,182.0,111.0,162.0,204.0,170.0,248.0,193.0,186.0,156.0,123.0,144.0,149.0,202.0,107.0,122.0,156.0,156.0,165.0,180.0,151.0,153.0,184.0,178.0,108.0,187.0,116.0,139.0,170.0,170.0,194.0
394851,177,"Merced, CA",msa,CA,62.0,66.0,80.0,50.0,66.0,86.0,89.0,101.0,64.0,95.0,96.0,72.0,65.0,61.0,82.0,70.0,83.0,82.0,103.0,109.0,76.0,109.0,96.0,74.0,87.0,67.0,77.0,67.0,86.0,89.0,109.0,87.0,83.0,101.0,86.0,102.0,78.0,71.0,131.0,103.0,92.0,111.0,109.0,121.0,167.0,72.0,114.0,116.0,80.0,83.0,118.0,79.0,86.0,100.0,71.0,47.0,43.0,28.0,16.0,17.0,10.0,12.0,28.0,27.0,36.0,42.0,81.0,43.0,68.0,40.0,21.0,25.0,40.0,40.0,49.0,41.0,54.0,64.0,54.0,57.0,48.0,37.0,46.0,65.0,26.0,17.0,28.0,28.0,39.0,28.0,34.0,22.0,60.0,34.0,40.0,40.0,41.0,57.0,69.0,39.0,51.0
395197,178,"Waco, TX",msa,TX,23.0,28.0,50.0,57.0,72.0,51.0,55.0,42.0,45.0,50.0,51.0,49.0,34.0,32.0,31.0,35.0,37.0,44.0,52.0,46.0,36.0,25.0,29.0,42.0,32.0,22.0,36.0,36.0,39.0,49.0,50.0,38.0,41.0,58.0,35.0,55.0,26.0,29.0,42.0,33.0,38.0,36.0,40.0,44.0,40.0,47.0,46.0,42.0,39.0,24.0,50.0,42.0,52.0,40.0,40.0,47.0,33.0,44.0,29.0,38.0,17.0,36.0,64.0,43.0,38.0,37.0,43.0,51.0,38.0,41.0,35.0,52.0,41.0,42.0,47.0,46.0,55.0,67.0,53.0,43.0,46.0,36.0,27.0,45.0,25.0,40.0,36.0,31.0,46.0,36.0,34.0,30.0,40.0,34.0,35.0,36.0,27.0,32.0,45.0,44.0,42.0
394447,179,"Cedar Rapids, IA",msa,IA,34.0,39.0,74.0,57.0,73.0,70.0,69.0,58.0,50.0,56.0,59.0,35.0,30.0,35.0,35.0,47.0,60.0,58.0,37.0,44.0,36.0,40.0,44.0,35.0,19.0,31.0,38.0,60.0,49.0,50.0,50.0,49.0,62.0,44.0,46.0,49.0,39.0,31.0,37.0,53.0,48.0,44.0,43.0,38.0,27.0,21.0,32.0,42.0,24.0,29.0,36.0,46.0,34.0,48.0,37.0,32.0,30.0,23.0,19.0,14.0,12.0,12.0,24.0,25.0,38.0,45.0,27.0,35.0,42.0,32.0,16.0,26.0,16.0,16.0,32.0,38.0,49.0,40.0,52.0,38.0,27.0,38.0,33.0,20.0,12.0,13.0,24.0,39.0,46.0,41.0,24.0,43.0,21.0,30.0,24.0,23.0,20.0,27.0,28.0,35.0,42.0
394348,180,"Atlantic City, NJ",msa,NJ,19.0,16.0,35.0,16.0,20.0,26.0,17.0,22.0,9.0,20.0,14.0,25.0,27.0,20.0,17.0,20.0,24.0,21.0,20.0,31.0,27.0,24.0,17.0,20.0,26.0,26.0,34.0,23.0,22.0,46.0,42.0,43.0,36.0,46.0,18.0,30.0,30.0,38.0,34.0,31.0,25.0,30.0,26.0,16.0,16.0,16.0,22.0,14.0,24.0,23.0,34.0,43.0,26.0,28.0,17.0,16.0,28.0,30.0,19.0,25.0,22.0,23.0,23.0,24.0,19.0,22.0,19.0,33.0,18.0,20.0,18.0,12.0,14.0,12.0,16.0,23.0,23.0,26.0,21.0,19.0,18.0,22.0,18.0,20.0,16.0,7.0,,20.0,25.0,35.0,20.0,37.0,44.0,27.0,18.0,24.0,19.0,28.0,23.0,28.0,32.0
394412,181,"Bremerton, WA",msa,WA,62.0,45.0,70.0,52.0,57.0,73.0,50.0,49.0,49.0,47.0,50.0,60.0,31.0,42.0,64.0,51.0,72.0,54.0,52.0,59.0,53.0,47.0,43.0,69.0,29.0,38.0,56.0,19.0,27.0,45.0,43.0,36.0,61.0,66.0,60.0,75.0,38.0,30.0,67.0,66.0,41.0,63.0,73.0,98.0,92.0,72.0,94.0,87.0,86.0,89.0,116.0,95.0,105.0,98.0,45.0,158.0,161.0,83.0,123.0,120.0,51.0,105.0,109.0,83.0,159.0,195.0,135.0,153.0,162.0,136.0,124.0,108.0,92.0,91.0,142.0,103.0,150.0,141.0,143.0,154.0,141.0,90.0,90.0,126.0,71.0,62.0,85.0,69.0,91.0,70.0,46.0,49.0,50.0,44.0,55.0,64.0,21.0,36.0,48.0,36.0,35.0
395103,182,"Sioux Falls, SD",msa,SD,41.0,64.0,95.0,86.0,93.0,131.0,77.0,111.0,102.0,91.0,82.0,59.0,60.0,40.0,63.0,90.0,130.0,122.0,87.0,111.0,78.0,106.0,68.0,74.0,61.0,33.0,58.0,107.0,123.0,105.0,122.0,77.0,114.0,99.0,86.0,73.0,67.0,62.0,73.0,80.0,45.0,81.0,54.0,49.0,58.0,70.0,69.0,53.0,84.0,65.0,89.0,99.0,101.0,101.0,66.0,58.0,71.0,51.0,38.0,47.0,38.0,36.0,61.0,62.0,97.0,126.0,78.0,81.0,74.0,65.0,55.0,51.0,24.0,30.0,57.0,79.0,95.0,85.0,77.0,66.0,67.0,66.0,43.0,58.0,36.0,49.0,57.0,66.0,62.0,76.0,64.0,57.0,52.0,56.0,36.0,42.0,30.0,41.0,46.0,65.0,66.0
394323,186,"Amarillo, TX",msa,TX,43.0,38.0,56.0,48.0,68.0,61.0,43.0,87.0,35.0,45.0,54.0,48.0,38.0,50.0,54.0,59.0,62.0,49.0,53.0,63.0,67.0,59.0,52.0,53.0,31.0,43.0,47.0,52.0,49.0,66.0,69.0,57.0,55.0,53.0,43.0,30.0,20.0,33.0,36.0,33.0,37.0,37.0,39.0,39.0,46.0,38.0,37.0,31.0,40.0,37.0,61.0,38.0,41.0,52.0,39.0,46.0,50.0,37.0,29.0,41.0,26.0,38.0,53.0,29.0,49.0,29.0,35.0,32.0,33.0,36.0,33.0,24.0,22.0,28.0,29.0,33.0,30.0,26.0,50.0,36.0,37.0,31.0,34.0,26.0,38.0,26.0,62.0,33.0,30.0,31.0,39.0,18.0,39.0,47.0,36.0,40.0,17.0,18.0,35.0,32.0,40.0
394772,187,"Laredo, TX",msa,TX,58.0,43.0,61.0,60.0,54.0,70.0,60.0,74.0,40.0,67.0,66.0,57.0,58.0,51.0,72.0,43.0,49.0,33.0,60.0,76.0,79.0,70.0,75.0,70.0,35.0,17.0,29.0,32.0,30.0,47.0,51.0,52.0,69.0,64.0,43.0,36.0,23.0,34.0,38.0,38.0,30.0,50.0,45.0,40.0,42.0,38.0,31.0,41.0,26.0,30.0,34.0,42.0,37.0,44.0,54.0,46.0,39.0,31.0,32.0,32.0,26.0,42.0,55.0,42.0,44.0,37.0,44.0,49.0,41.0,31.0,38.0,34.0,22.0,24.0,36.0,43.0,47.0,31.0,29.0,37.0,27.0,22.0,19.0,27.0,25.0,10.0,,22.0,31.0,33.0,31.0,23.0,17.0,18.0,24.0,33.0,16.0,9.0,23.0,21.0,29.0
395171,188,"Tuscaloosa, AL",msa,AL,41.0,38.0,68.0,62.0,65.0,60.0,50.0,47.0,50.0,37.0,50.0,48.0,46.0,47.0,71.0,61.0,49.0,52.0,47.0,48.0,61.0,50.0,45.0,51.0,66.0,45.0,63.0,63.0,71.0,88.0,99.0,82.0,55.0,72.0,66.0,86.0,58.0,46.0,70.0,79.0,48.0,63.0,53.0,51.0,71.0,61.0,52.0,87.0,58.0,31.0,70.0,59.0,50.0,90.0,60.0,49.0,43.0,30.0,26.0,42.0,42.0,49.0,83.0,41.0,67.0,54.0,56.0,74.0,45.0,34.0,37.0,60.0,29.0,49.0,46.0,46.0,46.0,52.0,46.0,43.0,51.0,47.0,31.0,59.0,32.0,45.0,44.0,50.0,66.0,59.0,62.0,57.0,59.0,40.0,44.0,58.0,41.0,62.0,65.0,44.0,58.0
394483,189,"College Station, TX",msa,TX,29.0,29.0,58.0,62.0,68.0,77.0,94.0,64.0,51.0,50.0,45.0,46.0,26.0,29.0,51.0,44.0,66.0,72.0,69.0,48.0,30.0,35.0,23.0,35.0,26.0,31.0,41.0,44.0,49.0,67.0,75.0,58.0,61.0,82.0,58.0,77.0,45.0,48.0,83.0,71.0,126.0,112.0,70.0,97.0,74.0,67.0,60.0,104.0,79.0,87.0,117.0,90.0,85.0,110.0,97.0,97.0,81.0,90.0,75.0,122.0,72.0,87.0,129.0,80.0,116.0,92.0,76.0,95.0,65.0,62.0,62.0,60.0,49.0,79.0,88.0,68.0,91.0,67.0,85.0,86.0,84.0,69.0,73.0,102.0,42.0,57.0,99.0,89.0,85.0,95.0,100.0,76.0,56.0,62.0,35.0,75.0,58.0,54.0,107.0,74.0,108.0
394732,190,"Kalamazoo, MI",msa,MI,15.0,13.0,24.0,18.0,28.0,21.0,17.0,21.0,14.0,16.0,17.0,9.0,10.0,12.0,14.0,13.0,26.0,30.0,22.0,21.0,26.0,22.0,17.0,17.0,22.0,14.0,22.0,7.0,12.0,29.0,29.0,39.0,26.0,26.0,30.0,26.0,28.0,10.0,30.0,26.0,16.0,22.0,24.0,24.0,24.0,21.0,18.0,18.0,21.0,12.0,26.0,14.0,12.0,19.0,9.0,18.0,17.0,7.0,13.0,12.0,13.0,8.0,12.0,11.0,29.0,25.0,22.0,20.0,22.0,26.0,19.0,23.0,21.0,20.0,29.0,20.0,31.0,18.0,17.0,18.0,18.0,25.0,14.0,10.0,10.0,6.0,19.0,18.0,18.0,15.0,20.0,23.0,22.0,20.0,13.0,14.0,7.0,14.0,17.0,21.0,18.0
394811,191,"Lynchburg, VA",msa,VA,39.0,30.0,53.0,36.0,40.0,43.0,38.0,37.0,23.0,36.0,25.0,18.0,23.0,25.0,43.0,43.0,38.0,28.0,31.0,42.0,18.0,21.0,13.0,23.0,22.0,35.0,44.0,34.0,35.0,35.0,49.0,36.0,30.0,34.0,30.0,34.0,25.0,22.0,30.0,51.0,42.0,43.0,60.0,36.0,47.0,33.0,34.0,80.0,39.0,31.0,51.0,47.0,51.0,58.0,38.0,52.0,59.0,35.0,26.0,44.0,29.0,34.0,62.0,51.0,60.0,57.0,66.0,62.0,54.0,64.0,38.0,45.0,58.0,55.0,69.0,60.0,69.0,42.0,62.0,50.0,42.0,48.0,51.0,44.0,41.0,38.0,37.0,54.0,53.0,48.0,51.0,50.0,40.0,58.0,52.0,51.0,21.0,33.0,48.0,57.0,39.0
395240,193,"Yakima, WA",msa,WA,14.0,20.0,11.0,23.0,16.0,21.0,25.0,17.0,29.0,23.0,14.0,14.0,19.0,20.0,20.0,22.0,23.0,27.0,18.0,25.0,19.0,19.0,16.0,16.0,25.0,16.0,34.0,18.0,23.0,28.0,24.0,20.0,12.0,15.0,11.0,22.0,19.0,19.0,35.0,55.0,28.0,49.0,37.0,39.0,45.0,40.0,28.0,46.0,46.0,39.0,43.0,39.0,42.0,55.0,34.0,34.0,29.0,29.0,28.0,42.0,24.0,15.0,18.0,26.0,27.0,20.0,25.0,24.0,27.0,28.0,32.0,25.0,18.0,24.0,26.0,22.0,28.0,31.0,28.0,19.0,13.0,24.0,12.0,16.0,21.0,15.0,24.0,17.0,31.0,29.0,33.0,19.0,26.0,39.0,26.0,32.0,14.0,29.0,25.0,41.0,18.0
394585,194,"Fargo, ND",msa,ND,29.0,32.0,31.0,38.0,58.0,72.0,69.0,67.0,51.0,84.0,60.0,58.0,30.0,21.0,31.0,37.0,48.0,61.0,62.0,60.0,56.0,59.0,42.0,32.0,19.0,25.0,24.0,45.0,54.0,75.0,87.0,69.0,74.0,84.0,73.0,87.0,45.0,40.0,73.0,78.0,78.0,100.0,66.0,70.0,69.0,71.0,49.0,58.0,41.0,33.0,48.0,59.0,57.0,77.0,57.0,74.0,63.0,69.0,55.0,49.0,25.0,28.0,43.0,40.0,72.0,89.0,69.0,63.0,56.0,55.0,36.0,69.0,26.0,25.0,34.0,36.0,45.0,54.0,57.0,48.0,30.0,37.0,37.0,52.0,16.0,22.0,43.0,48.0,51.0,50.0,38.0,46.0,24.0,33.0,28.0,41.0,19.0,19.0,27.0,26.0,43.0
394609,196,"Fort Smith, AR",msa,AR,11.0,21.0,24.0,21.0,24.0,27.0,17.0,15.0,13.0,20.0,10.0,17.0,5.0,20.0,18.0,16.0,21.0,17.0,28.0,19.0,11.0,9.0,18.0,20.0,19.0,24.0,32.0,12.0,26.0,37.0,41.0,29.0,35.0,39.0,29.0,28.0,25.0,24.0,37.0,39.0,29.0,26.0,28.0,27.0,25.0,32.0,30.0,30.0,19.0,13.0,23.0,36.0,36.0,35.0,26.0,20.0,16.0,20.0,16.0,17.0,15.0,20.0,14.0,19.0,31.0,19.0,22.0,23.0,16.0,28.0,21.0,16.0,19.0,22.0,26.0,25.0,29.0,23.0,22.0,27.0,24.0,19.0,16.0,10.0,14.0,13.0,17.0,20.0,21.0,14.0,11.0,14.0,21.0,14.0,20.0,12.0,11.0,13.0,14.0,17.0,12.0
394334,197,"Appleton, WI",msa,WI,17.0,9.0,18.0,17.0,18.0,23.0,21.0,12.0,13.0,12.0,21.0,13.0,13.0,11.0,16.0,28.0,26.0,19.0,16.0,17.0,18.0,16.0,12.0,9.0,16.0,24.0,30.0,24.0,25.0,41.0,40.0,37.0,36.0,35.0,26.0,26.0,15.0,22.0,23.0,25.0,17.0,22.0,22.0,23.0,19.0,15.0,14.0,23.0,10.0,13.0,27.0,21.0,28.0,18.0,21.0,15.0,18.0,11.0,12.0,19.0,11.0,10.0,26.0,9.0,17.0,25.0,23.0,14.0,21.0,22.0,34.0,21.0,24.0,19.0,42.0,31.0,36.0,32.0,30.0,26.0,29.0,30.0,38.0,36.0,25.0,24.0,27.0,30.0,36.0,34.0,28.0,58.0,44.0,44.0,20.0,26.0,29.0,24.0,32.0,39.0,28.0
845160,198,"Prescott Valley, AZ",msa,AZ,93.0,82.0,114.0,112.0,107.0,103.0,100.0,98.0,106.0,109.0,104.0,103.0,81.0,90.0,106.0,113.0,123.0,112.0,115.0,121.0,99.0,121.0,107.0,104.0,114.0,79.0,108.0,138.0,115.0,113.0,119.0,133.0,119.0,141.0,120.0,105.0,93.0,96.0,99.0,109.0,104.0,94.0,78.0,82.0,106.0,98.0,83.0,113.0,78.0,93.0,107.0,97.0,95.0,84.0,70.0,73.0,98.0,90.0,68.0,98.0,50.0,54.0,82.0,82.0,91.0,91.0,67.0,80.0,59.0,69.0,38.0,52.0,33.0,35.0,50.0,54.0,47.0,37.0,35.0,47.0,35.0,36.0,33.0,50.0,29.0,44.0,50.0,32.0,32.0,45.0,45.0,77.0,59.0,76.0,44.0,66.0,32.0,48.0,52.0,45.0,47.0
394813,200,"Macon, GA",msa,GA,8.0,22.0,30.0,13.0,25.0,24.0,17.0,21.0,23.0,8.0,16.0,20.0,28.0,22.0,31.0,27.0,37.0,22.0,23.0,26.0,25.0,40.0,14.0,21.0,31.0,34.0,44.0,41.0,53.0,57.0,69.0,46.0,54.0,59.0,39.0,48.0,43.0,61.0,57.0,65.0,55.0,77.0,71.0,53.0,62.0,50.0,71.0,70.0,93.0,81.0,88.0,86.0,69.0,76.0,73.0,63.0,53.0,26.0,47.0,59.0,23.0,40.0,45.0,48.0,34.0,49.0,34.0,60.0,43.0,46.0,46.0,41.0,20.0,24.0,44.0,35.0,45.0,50.0,41.0,49.0,59.0,43.0,36.0,53.0,26.0,37.0,33.0,47.0,38.0,49.0,37.0,28.0,43.0,25.0,31.0,34.0,18.0,30.0,22.0,38.0,31.0
395174,201,"Tyler, TX",msa,TX,18.0,23.0,35.0,39.0,39.0,43.0,42.0,42.0,36.0,41.0,39.0,26.0,38.0,40.0,48.0,44.0,52.0,48.0,58.0,45.0,39.0,45.0,41.0,36.0,33.0,46.0,53.0,37.0,40.0,63.0,61.0,54.0,61.0,54.0,35.0,47.0,31.0,33.0,51.0,41.0,39.0,39.0,32.0,40.0,28.0,35.0,39.0,42.0,26.0,44.0,57.0,64.0,65.0,66.0,47.0,46.0,40.0,43.0,27.0,40.0,26.0,34.0,55.0,56.0,62.0,66.0,51.0,60.0,48.0,43.0,20.0,33.0,29.0,33.0,43.0,37.0,41.0,38.0,28.0,40.0,25.0,31.0,29.0,34.0,28.0,23.0,37.0,44.0,40.0,35.0,38.0,47.0,33.0,39.0,33.0,36.0,17.0,41.0,36.0,42.0,44.0
394361,202,"Barnstable Town, MA",msa,MA,24.0,18.0,24.0,27.0,24.0,32.0,28.0,22.0,33.0,18.0,26.0,13.0,20.0,19.0,16.0,17.0,17.0,18.0,18.0,18.0,25.0,15.0,17.0,17.0,15.0,9.0,20.0,11.0,20.0,21.0,28.0,31.0,26.0,25.0,16.0,24.0,21.0,19.0,25.0,28.0,31.0,30.0,20.0,32.0,22.0,19.0,10.0,12.0,22.0,10.0,14.0,16.0,20.0,21.0,13.0,19.0,21.0,17.0,11.0,12.0,6.0,7.0,20.0,21.0,12.0,16.0,14.0,31.0,15.0,15.0,34.0,22.0,10.0,8.0,12.0,19.0,16.0,14.0,16.0,15.0,15.0,12.0,9.0,14.0,11.0,7.0,8.0,14.0,10.0,15.0,14.0,12.0,13.0,14.0,5.0,9.0,10.0,8.0,8.0,10.0,11.0
394519,203,"Daphne, AL",msa,AL,150.0,169.0,256.0,244.0,226.0,275.0,204.0,210.0,152.0,171.0,156.0,155.0,149.0,177.0,290.0,199.0,192.0,231.0,172.0,142.0,173.0,126.0,152.0,153.0,112.0,114.0,180.0,166.0,159.0,259.0,153.0,186.0,153.0,329.0,302.0,345.0,254.0,333.0,522.0,368.0,353.0,490.0,317.0,351.0,451.0,296.0,339.0,500.0,328.0,398.0,547.0,361.0,386.0,401.0,359.0,320.0,528.0,340.0,334.0,342.0,230.0,358.0,532.0,358.0,426.0,572.0,393.0,403.0,462.0,183.0,173.0,179.0,143.0,161.0,258.0,180.0,157.0,213.0,189.0,175.0,199.0,144.0,116.0,190.0,101.0,114.0,158.0,177.0,195.0,164.0,176.0,174.0,173.0,142.0,135.0,161.0,121.0,146.0,198.0,144.0,157.0
394378,205,"Bellingham, WA",msa,WA,44.0,43.0,56.0,61.0,50.0,67.0,55.0,51.0,38.0,38.0,41.0,23.0,46.0,49.0,46.0,57.0,56.0,58.0,41.0,51.0,42.0,46.0,39.0,32.0,47.0,49.0,60.0,40.0,37.0,99.0,77.0,61.0,70.0,69.0,68.0,56.0,56.0,49.0,54.0,44.0,38.0,31.0,59.0,43.0,36.0,42.0,13.0,39.0,33.0,31.0,46.0,42.0,36.0,33.0,28.0,36.0,28.0,41.0,29.0,23.0,19.0,26.0,49.0,49.0,49.0,45.0,28.0,43.0,41.0,27.0,17.0,31.0,31.0,32.0,43.0,39.0,25.0,43.0,28.0,30.0,35.0,36.0,26.0,24.0,22.0,34.0,32.0,34.0,34.0,42.0,37.0,37.0,43.0,31.0,31.0,33.0,25.0,33.0,26.0,19.0,30.0
394429,206,"Burlington, VT",msa,VT,,,,,,,,,,,,,,,,,,,,,,,,,,,,,,,,,,,,,,,,,,,,,,,,,,,,,,,,,12.0,7.0,5.0,8.0,9.0,7.0,9.0,7.0,12.0,15.0,13.0,13.0,16.0,13.0,7.0,11.0,15.0,14.0,13.0,11.0,21.0,13.0,15.0,21.0,7.0,13.0,5.0,19.0,5.0,6.0,9.0,11.0,8.0,14.0,13.0,13.0,14.0,15.0,10.0,18.0,8.0,8.0,5.0,16.0,13.0
395030,207,"Rochester, MN",msa,MN,40.0,39.0,75.0,54.0,81.0,70.0,66.0,51.0,50.0,56.0,35.0,23.0,39.0,34.0,38.0,49.0,49.0,57.0,50.0,53.0,45.0,45.0,47.0,29.0,20.0,33.0,47.0,47.0,44.0,53.0,59.0,68.0,49.0,73.0,45.0,38.0,41.0,38.0,56.0,55.0,54.0,53.0,46.0,45.0,37.0,39.0,26.0,46.0,42.0,28.0,59.0,35.0,59.0,50.0,31.0,48.0,29.0,29.0,25.0,24.0,16.0,21.0,33.0,52.0,34.0,50.0,25.0,26.0,38.0,36.0,22.0,25.0,23.0,25.0,32.0,43.0,37.0,23.0,29.0,28.0,16.0,28.0,21.0,18.0,16.0,16.0,24.0,18.0,28.0,30.0,20.0,21.0,21.0,27.0,18.0,15.0,17.0,16.0,25.0,20.0,41.0
753895,208,"Lafayette, IN",msa,IN,18.0,34.0,28.0,43.0,31.0,44.0,34.0,29.0,35.0,31.0,26.0,29.0,13.0,20.0,33.0,25.0,35.0,22.0,38.0,51.0,28.0,50.0,30.0,27.0,17.0,20.0,28.0,28.0,26.0,41.0,35.0,32.0,30.0,34.0,29.0,27.0,22.0,17.0,31.0,18.0,24.0,23.0,13.0,16.0,20.0,26.0,30.0,25.0,15.0,14.0,27.0,40.0,22.0,22.0,30.0,25.0,24.0,22.0,16.0,22.0,12.0,13.0,33.0,31.0,20.0,16.0,23.0,22.0,16.0,18.0,19.0,22.0,15.0,14.0,21.0,23.0,19.0,15.0,21.0,14.0,10.0,20.0,23.0,18.0,10.0,8.0,16.0,19.0,22.0,19.0,15.0,11.0,17.0,18.0,10.0,8.0,9.0,10.0,17.0,18.0,14.0
394454,209,"Champaign, IL",msa,IL,,,,,,,,,,,,,,,,,,,,,,,,,,,,,,,,,,,,,,,,,,,,,,,,,,,,,,,,,,,,,,,,,,,,,,,,,,,,,,,,,,,,,,,,,,,,,,,,,,7.0,5.0,15.0,5.0
394848,210,"Medford, OR",msa,OR,32.0,29.0,46.0,55.0,26.0,39.0,38.0,44.0,26.0,38.0,36.0,19.0,26.0,35.0,50.0,51.0,36.0,36.0,33.0,45.0,36.0,47.0,34.0,40.0,39.0,33.0,52.0,41.0,39.0,37.0,53.0,66.0,80.0,73.0,46.0,42.0,22.0,51.0,39.0,50.0,39.0,57.0,39.0,29.0,34.0,32.0,32.0,46.0,36.0,44.0,56.0,62.0,45.0,47.0,46.0,39.0,38.0,39.0,21.0,25.0,29.0,33.0,30.0,30.0,45.0,34.0,30.0,32.0,40.0,50.0,27.0,21.0,32.0,37.0,47.0,35.0,54.0,43.0,30.0,35.0,33.0,36.0,33.0,38.0,34.0,31.0,26.0,36.0,39.0,34.0,22.0,27.0,33.0,26.0,22.0,13.0,14.0,16.0,22.0,23.0,18.0
845164,211,"Lebanon, NH",msa,NH,,,,,,,,,,,,,,,,,,,,,,,,,,,,,,,,,,,,,,,,,,,,,,,,,,,,,,,,,,,,,,,,,,,,,,,,,,,,,,,,,,,,,,,,,,,,,,,,,,5.0,7.0,8.0,7.0
394459,212,"Charlottesville, VA",msa,VA,43.0,50.0,66.0,72.0,75.0,78.0,66.0,80.0,60.0,52.0,78.0,63.0,49.0,49.0,74.0,66.0,71.0,90.0,79.0,81.0,76.0,58.0,56.0,86.0,53.0,52.0,74.0,63.0,69.0,78.0,79.0,68.0,64.0,54.0,46.0,55.0,49.0,45.0,66.0,50.0,58.0,64.0,50.0,44.0,43.0,40.0,26.0,42.0,41.0,37.0,53.0,36.0,54.0,57.0,44.0,51.0,40.0,52.0,56.0,44.0,43.0,37.0,58.0,53.0,71.0,65.0,65.0,61.0,42.0,43.0,44.0,68.0,53.0,33.0,49.0,43.0,57.0,44.0,58.0,66.0,31.0,71.0,54.0,66.0,32.0,35.0,58.0,45.0,48.0,30.0,33.0,60.0,49.0,61.0,73.0,94.0,36.0,42.0,73.0,61.0,63.0
394763,213,"Lake Charles, LA",msa,LA,,,,,,,,,,,,,,,,,,,,,,,,,,,,,,,,,,,,89.0,39.0,42.0,60.0,66.0,55.0,71.0,54.0,56.0,,67.0,67.0,44.0,61.0,55.0,63.0,42.0,43.0,55.0,36.0,31.0,46.0,21.0,15.0,26.0,13.0,21.0,44.0,16.0,19.0,36.0,32.0,30.0,24.0,29.0,24.0,30.0,22.0,19.0,29.0,30.0,25.0,35.0,31.0,18.0,24.0,29.0,24.0,24.0,17.0,10.0,27.0,24.0,29.0,25.0,26.0,24.0,23.0,30.0,10.0,16.0,29.0,21.0,19.0,25.0,19.0
394773,214,"Las Cruces, NM",msa,NM,45.0,58.0,79.0,48.0,84.0,60.0,83.0,77.0,59.0,53.0,75.0,76.0,40.0,58.0,48.0,36.0,65.0,49.0,51.0,51.0,37.0,60.0,49.0,58.0,46.0,46.0,49.0,43.0,30.0,42.0,57.0,51.0,30.0,64.0,50.0,55.0,46.0,41.0,45.0,36.0,53.0,32.0,38.0,18.0,35.0,40.0,28.0,41.0,44.0,59.0,46.0,49.0,33.0,40.0,24.0,39.0,44.0,31.0,32.0,49.0,29.0,29.0,46.0,49.0,48.0,52.0,40.0,50.0,40.0,29.0,41.0,33.0,32.0,41.0,47.0,46.0,45.0,48.0,47.0,41.0,48.0,52.0,38.0,60.0,29.0,39.0,38.0,25.0,37.0,29.0,37.0,30.0,46.0,49.0,48.0,80.0,36.0,40.0,58.0,47.0,47.0
394464,215,"Chico, CA",msa,CA,21.0,18.0,28.0,20.0,16.0,20.0,31.0,27.0,12.0,21.0,26.0,29.0,32.0,18.0,22.0,27.0,25.0,25.0,25.0,35.0,38.0,28.0,21.0,22.0,14.0,19.0,22.0,30.0,25.0,33.0,27.0,32.0,26.0,20.0,31.0,36.0,17.0,25.0,35.0,27.0,26.0,43.0,23.0,17.0,17.0,21.0,14.0,26.0,26.0,36.0,34.0,40.0,33.0,33.0,25.0,24.0,24.0,30.0,28.0,22.0,15.0,32.0,25.0,23.0,34.0,39.0,35.0,29.0,31.0,35.0,28.0,37.0,39.0,21.0,45.0,40.0,31.0,22.0,29.0,34.0,34.0,34.0,25.0,25.0,27.0,30.0,39.0,33.0,28.0,23.0,28.0,29.0,30.0,35.0,22.0,32.0,28.0,25.0,35.0,36.0,33.0
394681,216,"Hilton Head Island, SC",msa,SC,85.0,103.0,115.0,107.0,116.0,119.0,96.0,104.0,96.0,102.0,68.0,89.0,83.0,82.0,111.0,92.0,117.0,106.0,113.0,118.0,130.0,137.0,92.0,129.0,100.0,96.0,146.0,128.0,104.0,130.0,162.0,153.0,125.0,126.0,99.0,159.0,135.0,118.0,157.0,156.0,147.0,130.0,102.0,107.0,120.0,127.0,137.0,144.0,94.0,105.0,119.0,101.0,97.0,109.0,132.0,131.0,153.0,159.0,138.0,218.0,77.0,93.0,115.0,140.0,155.0,162.0,174.0,185.0,192.0,188.0,135.0,151.0,83.0,92.0,118.0,121.0,124.0,173.0,158.0,157.0,152.0,119.0,122.0,105.0,83.0,99.0,139.0,104.0,106.0,144.0,126.0,105.0,103.0,91.0,89.0,96.0,94.0,77.0,123.0,111.0,119.0
394346,217,"Athens, GA",msa,GA,52.0,47.0,66.0,78.0,67.0,73.0,49.0,83.0,46.0,39.0,59.0,38.0,29.0,44.0,60.0,61.0,70.0,70.0,65.0,66.0,45.0,45.0,77.0,91.0,50.0,59.0,95.0,45.0,65.0,88.0,74.0,55.0,64.0,85.0,86.0,101.0,42.0,66.0,71.0,76.0,65.0,41.0,68.0,73.0,47.0,34.0,30.0,38.0,34.0,51.0,50.0,43.0,47.0,38.0,34.0,38.0,27.0,28.0,22.0,22.0,26.0,46.0,35.0,53.0,62.0,57.0,50.0,40.0,30.0,41.0,21.0,29.0,51.0,60.0,47.0,51.0,68.0,40.0,45.0,39.0,40.0,32.0,38.0,37.0,39.0,35.0,29.0,44.0,30.0,24.0,30.0,31.0,23.0,33.0,22.0,29.0,17.0,21.0,24.0,17.0,24.0
394765,218,"Lake Havasu City, AZ",msa,AZ,85.0,76.0,92.0,79.0,90.0,92.0,63.0,77.0,72.0,83.0,57.0,66.0,72.0,78.0,135.0,114.0,91.0,101.0,110.0,93.0,77.0,76.0,79.0,100.0,96.0,141.0,120.0,95.0,101.0,172.0,116.0,146.0,149.0,105.0,123.0,146.0,111.0,118.0,138.0,120.0,119.0,141.0,119.0,128.0,114.0,113.0,108.0,139.0,123.0,94.0,132.0,146.0,145.0,167.0,96.0,120.0,122.0,82.0,91.0,119.0,85.0,67.0,99.0,107.0,102.0,134.0,105.0,108.0,70.0,111.0,84.0,82.0,68.0,70.0,95.0,106.0,121.0,90.0,77.0,101.0,93.0,110.0,75.0,103.0,66.0,104.0,97.0,108.0,129.0,134.0,93.0,77.0,105.0,64.0,63.0,94.0,50.0,64.0,94.0,96.0,86.0
394485,219,"Columbia, MO",msa,MO,19.0,29.0,34.0,37.0,69.0,45.0,42.0,40.0,22.0,36.0,24.0,26.0,16.0,25.0,40.0,36.0,55.0,45.0,29.0,30.0,23.0,35.0,16.0,26.0,19.0,25.0,42.0,35.0,45.0,46.0,51.0,65.0,44.0,42.0,49.0,37.0,32.0,41.0,57.0,46.0,41.0,62.0,47.0,60.0,43.0,54.0,47.0,72.0,33.0,47.0,57.0,47.0,49.0,44.0,41.0,32.0,33.0,31.0,27.0,23.0,16.0,36.0,32.0,39.0,61.0,46.0,48.0,32.0,33.0,28.0,33.0,15.0,23.0,14.0,45.0,59.0,65.0,38.0,36.0,28.0,31.0,29.0,27.0,18.0,15.0,30.0,35.0,38.0,55.0,42.0,31.0,26.0,25.0,24.0,19.0,25.0,15.0,22.0,29.0,42.0,39.0
394691,221,"Houma, LA",msa,LA,11.0,7.0,14.0,29.0,21.0,16.0,24.0,24.0,22.0,26.0,27.0,22.0,11.0,23.0,17.0,18.0,26.0,17.0,15.0,19.0,22.0,19.0,9.0,26.0,18.0,17.0,23.0,18.0,21.0,19.0,23.0,28.0,26.0,23.0,19.0,17.0,23.0,20.0,26.0,23.0,30.0,29.0,38.0,31.0,11.0,34.0,30.0,31.0,22.0,19.0,22.0,30.0,27.0,34.0,30.0,28.0,23.0,16.0,23.0,28.0,25.0,30.0,27.0,28.0,22.0,34.0,30.0,22.0,20.0,19.0,26.0,33.0,19.0,22.0,29.0,22.0,25.0,22.0,27.0,25.0,25.0,19.0,18.0,34.0,8.0,19.0,23.0,27.0,26.0,20.0,26.0,32.0,35.0,17.0,14.0,26.0,20.0,20.0,26.0,19.0,23.0
394872,222,"Monroe, LA",msa,LA,,,,,,,,,,,,,,,,,,,,,,,,,,,,,,,,,,,,,,,,,,,,,,,,,,,,,,,,,,,,,,,,,,,,,,,,,,,,,,,,,,,,,,,7.0,10.0,16.0,14.0,15.0,10.0,11.0,7.0,9.0,10.0,9.0,10.0,9.0,18.0,13.0
394565,223,"Elkhart, IN",msa,IN,,,,,,,,,,,,,,,,,,,,,,,,,,,,,,,,,,,,,,,,,,,,,,,,,,,,,,,,,,,,,,,,,,,,,,,,,,,,,,,,,,,,,,,,,,,,,,,,,,,,10.0,6.0
394726,224,"Johnson City, TN",msa,TN,16.0,26.0,18.0,29.0,27.0,30.0,25.0,26.0,14.0,19.0,20.0,22.0,22.0,25.0,22.0,30.0,37.0,18.0,21.0,29.0,22.0,24.0,14.0,27.0,28.0,27.0,23.0,28.0,20.0,35.0,36.0,48.0,41.0,28.0,31.0,28.0,25.0,27.0,35.0,40.0,36.0,28.0,18.0,29.0,18.0,28.0,24.0,57.0,29.0,36.0,56.0,43.0,30.0,39.0,41.0,29.0,28.0,28.0,21.0,21.0,18.0,20.0,44.0,38.0,44.0,58.0,32.0,22.0,35.0,34.0,31.0,38.0,30.0,36.0,30.0,34.0,51.0,48.0,45.0,50.0,32.0,45.0,30.0,40.0,36.0,28.0,26.0,25.0,52.0,64.0,41.0,50.0,45.0,36.0,25.0,44.0,29.0,22.0,35.0,34.0,52.0
395247,225,"Yuma, AZ",msa,AZ,50.0,58.0,68.0,65.0,95.0,94.0,81.0,98.0,64.0,87.0,72.0,87.0,44.0,93.0,72.0,87.0,91.0,96.0,97.0,108.0,85.0,101.0,76.0,98.0,82.0,78.0,87.0,102.0,92.0,88.0,94.0,84.0,93.0,82.0,81.0,106.0,101.0,124.0,102.0,120.0,111.0,106.0,95.0,116.0,114.0,75.0,87.0,107.0,102.0,82.0,93.0,90.0,95.0,88.0,53.0,83.0,79.0,73.0,55.0,57.0,45.0,57.0,41.0,73.0,59.0,58.0,58.0,49.0,66.0,55.0,58.0,54.0,47.0,81.0,71.0,63.0,82.0,68.0,76.0,77.0,60.0,76.0,70.0,73.0,56.0,53.0,43.0,59.0,41.0,42.0,37.0,42.0,36.0,33.0,28.0,45.0,33.0,44.0,41.0,38.0,33.0
394623,226,"Gainesville, GA",msa,GA,63.0,72.0,115.0,86.0,149.0,127.0,79.0,72.0,77.0,83.0,70.0,84.0,74.0,76.0,103.0,97.0,76.0,88.0,79.0,82.0,91.0,88.0,75.0,107.0,71.0,87.0,137.0,103.0,93.0,184.0,169.0,154.0,180.0,152.0,189.0,175.0,119.0,138.0,206.0,149.0,158.0,128.0,79.0,101.0,88.0,106.0,123.0,119.0,83.0,97.0,106.0,78.0,94.0,72.0,56.0,82.0,78.0,69.0,76.0,85.0,62.0,71.0,80.0,72.0,85.0,69.0,79.0,90.0,102.0,79.0,47.0,81.0,69.0,65.0,94.0,65.0,55.0,49.0,62.0,50.0,55.0,68.0,47.0,67.0,34.0,47.0,87.0,66.0,80.0,66.0,51.0,50.0,59.0,55.0,74.0,98.0,43.0,59.0,103.0,85.0,100.0
394716,227,"Jacksonville, NC",msa,NC,66.0,91.0,94.0,96.0,114.0,121.0,113.0,112.0,50.0,96.0,90.0,99.0,93.0,95.0,129.0,139.0,133.0,109.0,95.0,97.0,84.0,80.0,85.0,90.0,100.0,98.0,128.0,152.0,145.0,164.0,190.0,155.0,136.0,110.0,123.0,119.0,105.0,102.0,144.0,129.0,94.0,119.0,97.0,116.0,109.0,104.0,101.0,158.0,79.0,126.0,136.0,112.0,133.0,149.0,127.0,141.0,123.0,136.0,99.0,109.0,92.0,107.0,163.0,111.0,146.0,144.0,128.0,99.0,107.0,92.0,73.0,77.0,69.0,80.0,101.0,96.0,100.0,107.0,97.0,80.0,83.0,98.0,83.0,98.0,92.0,98.0,151.0,147.0,175.0,123.0,105.0,110.0,108.0,116.0,75.0,110.0,54.0,84.0,136.0,98.0,129.0
394597,228,"Florence, SC",msa,SC,20.0,30.0,39.0,24.0,30.0,38.0,33.0,35.0,19.0,22.0,29.0,18.0,19.0,25.0,24.0,45.0,30.0,25.0,35.0,29.0,30.0,25.0,21.0,26.0,31.0,42.0,42.0,35.0,33.0,41.0,44.0,42.0,45.0,25.0,32.0,32.0,31.0,44.0,31.0,42.0,29.0,37.0,36.0,42.0,32.0,38.0,37.0,51.0,35.0,43.0,56.0,46.0,49.0,30.0,33.0,58.0,56.0,47.0,27.0,35.0,34.0,35.0,70.0,60.0,51.0,44.0,64.0,47.0,73.0,58.0,45.0,43.0,43.0,46.0,48.0,43.0,44.0,44.0,27.0,49.0,61.0,40.0,47.0,66.0,31.0,36.0,41.0,36.0,34.0,32.0,37.0,52.0,59.0,41.0,45.0,39.0,29.0,27.0,40.0,45.0,39.0
394680,229,"Hilo, HI",msa,HI,27.0,24.0,34.0,23.0,27.0,22.0,33.0,25.0,24.0,24.0,20.0,34.0,21.0,29.0,31.0,25.0,29.0,18.0,40.0,25.0,29.0,30.0,33.0,31.0,32.0,21.0,20.0,17.0,17.0,23.0,24.0,19.0,21.0,36.0,37.0,34.0,27.0,33.0,36.0,31.0,22.0,18.0,28.0,23.0,19.0,14.0,28.0,28.0,19.0,16.0,25.0,25.0,24.0,34.0,18.0,22.0,22.0,17.0,24.0,14.0,14.0,9.0,10.0,20.0,19.0,29.0,22.0,30.0,22.0,25.0,18.0,15.0,15.0,26.0,20.0,25.0,36.0,28.0,36.0,32.0,25.0,32.0,37.0,49.0,30.0,22.0,28.0,25.0,19.0,24.0,23.0,27.0,16.0,27.0,24.0,37.0,26.0,16.0,27.0,17.0,37.0
395118,230,"St. Cloud, MN",msa,MN,17.0,17.0,33.0,24.0,38.0,28.0,27.0,36.0,30.0,29.0,12.0,10.0,12.0,10.0,16.0,30.0,24.0,26.0,23.0,37.0,19.0,24.0,13.0,12.0,12.0,13.0,27.0,13.0,26.0,37.0,20.0,26.0,32.0,24.0,19.0,19.0,16.0,22.0,20.0,19.0,29.0,22.0,17.0,17.0,17.0,18.0,15.0,8.0,16.0,15.0,22.0,18.0,25.0,17.0,9.0,12.0,9.0,20.0,7.0,13.0,10.0,9.0,10.0,23.0,13.0,15.0,14.0,18.0,18.0,12.0,8.0,9.0,12.0,11.0,7.0,15.0,17.0,18.0,11.0,19.0,18.0,17.0,7.0,11.0,16.0,9.0,12.0,7.0,22.0,16.0,12.0,13.0,17.0,12.0,14.0,11.0,11.0,6.0,12.0,15.0,19.0
395011,231,"Racine, WI",msa,WI,,,,,,,,,,,,,,,,,,,,,,,,,,,,,,,,,,,,,,,,,,,,,,,,,,,,,,,,,,,,,,,,,,,,,,,,,,5.0,12.0,8.0,16.0,9.0,5.0,18.0,8.0,13.0,12.0,7.0,9.0,15.0,13.0,19.0,16.0,19.0,13.0,11.0,18.0,13.0,8.0,8.0,12.0,18.0,25.0,14.0,25.0
394380,232,"Bend, OR",msa,OR,111.0,121.0,151.0,129.0,143.0,150.0,130.0,151.0,129.0,116.0,118.0,93.0,78.0,73.0,117.0,126.0,159.0,138.0,107.0,134.0,115.0,98.0,102.0,126.0,110.0,99.0,121.0,110.0,96.0,136.0,211.0,153.0,170.0,147.0,125.0,170.0,90.0,129.0,143.0,151.0,151.0,152.0,186.0,127.0,189.0,132.0,140.0,129.0,116.0,131.0,165.0,114.0,161.0,122.0,132.0,144.0,157.0,141.0,103.0,82.0,63.0,62.0,124.0,80.0,87.0,103.0,91.0,133.0,117.0,113.0,70.0,68.0,75.0,117.0,82.0,105.0,75.0,89.0,102.0,80.0,58.0,65.0,80.0,69.0,67.0,69.0,79.0,81.0,65.0,67.0,62.0,70.0,87.0,56.0,47.0,61.0,51.0,57.0,63.0,59.0,71.0
395202,234,"Warner Robins, GA",msa,GA,72.0,107.0,122.0,113.0,119.0,124.0,102.0,109.0,79.0,89.0,92.0,93.0,89.0,90.0,108.0,113.0,117.0,118.0,120.0,119.0,89.0,99.0,87.0,130.0,82.0,100.0,143.0,130.0,137.0,183.0,172.0,134.0,122.0,140.0,129.0,140.0,112.0,127.0,145.0,153.0,107.0,105.0,102.0,114.0,116.0,99.0,139.0,150.0,108.0,117.0,145.0,132.0,108.0,129.0,130.0,112.0,88.0,96.0,112.0,119.0,84.0,73.0,115.0,78.0,88.0,118.0,117.0,95.0,90.0,94.0,90.0,119.0,76.0,74.0,115.0,92.0,113.0,122.0,115.0,79.0,95.0,104.0,78.0,101.0,55.0,74.0,83.0,70.0,77.0,89.0,81.0,74.0,90.0,82.0,81.0,98.0,53.0,47.0,85.0,60.0,81.0
395151,235,"Terre Haute, IN",msa,IN,,,,,,,,,,,,,,,,,,,,,,,,,,,,,,,,,,,,,,,,,,,,,,,,,,,,,,,,,,,,,,,,,,,,,,,,,,,,,,,,,,,,,,,,,,,,,,,,,8.0,5.0,10.0,8.0,22.0
395009,237,"Punta Gorda, FL",msa,FL,55.0,47.0,51.0,52.0,70.0,53.0,29.0,65.0,80.0,68.0,67.0,80.0,92.0,109.0,93.0,106.0,99.0,87.0,78.0,94.0,114.0,86.0,87.0,109.0,110.0,104.0,134.0,96.0,128.0,160.0,140.0,126.0,132.0,119.0,124.0,144.0,141.0,134.0,187.0,161.0,149.0,146.0,126.0,150.0,151.0,126.0,156.0,139.0,129.0,143.0,166.0,134.0,174.0,165.0,172.0,167.0,142.0,107.0,144.0,192.0,151.0,179.0,271.0,236.0,312.0,260.0,255.0,244.0,257.0,257.0,281.0,268.0,216.0,241.0,257.0,229.0,246.0,221.0,192.0,234.0,170.0,208.0,207.0,221.0,144.0,162.0,203.0,234.0,264.0,212.0,170.0,217.0,191.0,209.0,204.0,220.0,141.0,160.0,159.0,155.0,173.0
394386,239,"Billings, MT",msa,MT,12.0,23.0,23.0,32.0,25.0,39.0,30.0,31.0,16.0,21.0,28.0,24.0,23.0,18.0,19.0,19.0,36.0,28.0,27.0,31.0,28.0,23.0,25.0,32.0,27.0,16.0,30.0,36.0,32.0,35.0,46.0,45.0,40.0,34.0,32.0,37.0,26.0,17.0,41.0,33.0,32.0,29.0,22.0,27.0,26.0,27.0,23.0,22.0,26.0,38.0,53.0,41.0,33.0,26.0,34.0,22.0,34.0,20.0,28.0,21.0,18.0,22.0,25.0,25.0,42.0,34.0,29.0,35.0,29.0,28.0,21.0,23.0,13.0,21.0,25.0,29.0,35.0,28.0,22.0,30.0,27.0,23.0,22.0,29.0,27.0,14.0,25.0,39.0,26.0,31.0,31.0,28.0,24.0,29.0,19.0,23.0,23.0,13.0,18.0,29.0,30.0
395018,240,"Redding, CA",msa,CA,,,,,,,,,,,,,,,,,,,,,,,,,,,,,,,,,,,,,,,,,,,,,,,,,,,,,,,,,,,,,,,,,,,,,,12.0,11.0,16.0,9.0,18.0,8.0,16.0,9.0,13.0,13.0,10.0,9.0,5.0,15.0,5.0,6.0,10.0,13.0,8.0,5.0,16.0,6.0,15.0,15.0,7.0,11.0,17.0,12.0,13.0,32.0,10.0,5.0
394960,242,"Panama City, FL",msa,FL,54.0,47.0,62.0,60.0,76.0,90.0,76.0,83.0,70.0,23.0,36.0,75.0,63.0,96.0,124.0,74.0,96.0,97.0,107.0,85.0,90.0,81.0,67.0,65.0,77.0,86.0,97.0,57.0,125.0,203.0,130.0,142.0,129.0,161.0,113.0,114.0,147.0,153.0,222.0,158.0,180.0,204.0,217.0,216.0,225.0,147.0,164.0,167.0,126.0,125.0,273.0,171.0,125.0,241.0,110.0,136.0,116.0,129.0,112.0,173.0,131.0,146.0,212.0,125.0,182.0,170.0,139.0,151.0,131.0,117.0,107.0,137.0,99.0,92.0,124.0,105.0,144.0,133.0,142.0,130.0,116.0,82.0,91.0,84.0,57.0,69.0,88.0,96.0,114.0,124.0,97.0,120.0,115.0,103.0,116.0,140.0,74.0,101.0,126.0,128.0,127.0
394729,243,"Joplin, MO",msa,MO,11.0,15.0,17.0,21.0,11.0,17.0,20.0,16.0,15.0,12.0,17.0,15.0,10.0,7.0,9.0,24.0,18.0,22.0,20.0,18.0,12.0,16.0,9.0,18.0,23.0,25.0,35.0,24.0,27.0,32.0,27.0,19.0,30.0,27.0,25.0,30.0,23.0,31.0,23.0,26.0,31.0,25.0,17.0,19.0,24.0,31.0,33.0,26.0,37.0,27.0,23.0,47.0,28.0,40.0,21.0,26.0,30.0,31.0,20.0,20.0,28.0,10.0,,24.0,19.0,32.0,29.0,20.0,25.0,24.0,28.0,21.0,9.0,24.0,25.0,22.0,28.0,30.0,17.0,13.0,18.0,21.0,19.0,25.0,25.0,18.0,25.0,24.0,24.0,20.0,17.0,19.0,21.0,19.0,30.0,22.0,18.0,25.0,25.0,31.0,27.0
394539,244,"Dover, DE",msa,DE,79.0,70.0,96.0,86.0,98.0,97.0,92.0,84.0,72.0,81.0,75.0,62.0,68.0,78.0,82.0,73.0,78.0,65.0,74.0,77.0,66.0,69.0,67.0,93.0,59.0,65.0,61.0,66.0,70.0,93.0,90.0,98.0,82.0,87.0,98.0,89.0,105.0,60.0,,104.0,98.0,103.0,90.0,94.0,84.0,104.0,99.0,104.0,95.0,90.0,87.0,81.0,91.0,84.0,95.0,84.0,75.0,87.0,51.0,71.0,55.0,65.0,92.0,75.0,86.0,77.0,38.0,,51.0,72.0,74.0,63.0,56.0,67.0,60.0,57.0,71.0,61.0,78.0,69.0,54.0,82.0,69.0,79.0,57.0,57.0,50.0,68.0,55.0,58.0,51.0,33.0,33.0,39.0,38.0,27.0,32.0,16.0,23.0,23.0,41.0
394712,246,"Jackson, TN",msa,TN,11.0,19.0,26.0,20.0,25.0,24.0,22.0,21.0,18.0,22.0,15.0,18.0,19.0,22.0,27.0,38.0,23.0,21.0,19.0,24.0,22.0,23.0,19.0,15.0,34.0,32.0,30.0,34.0,30.0,38.0,46.0,31.0,30.0,27.0,34.0,38.0,25.0,22.0,29.0,26.0,19.0,24.0,18.0,30.0,33.0,35.0,33.0,32.0,39.0,34.0,28.0,25.0,41.0,21.0,31.0,29.0,32.0,27.0,12.0,6.0,14.0,19.0,24.0,25.0,39.0,35.0,35.0,36.0,41.0,20.0,24.0,22.0,10.0,31.0,33.0,27.0,38.0,32.0,16.0,30.0,20.0,28.0,32.0,25.0,20.0,13.0,32.0,30.0,33.0,36.0,25.0,17.0,25.0,32.0,13.0,19.0,20.0,21.0,35.0,20.0,32.0
395246,247,"Yuba City, CA",msa,CA,19.0,24.0,17.0,19.0,20.0,24.0,16.0,25.0,21.0,22.0,30.0,31.0,32.0,19.0,28.0,36.0,41.0,19.0,30.0,27.0,26.0,32.0,26.0,37.0,35.0,31.0,52.0,35.0,28.0,37.0,55.0,42.0,42.0,37.0,39.0,36.0,21.0,34.0,43.0,39.0,26.0,46.0,47.0,38.0,44.0,31.0,48.0,45.0,23.0,33.0,44.0,32.0,26.0,30.0,32.0,26.0,31.0,46.0,45.0,42.0,32.0,40.0,54.0,27.0,40.0,18.0,46.0,47.0,51.0,56.0,36.0,20.0,28.0,43.0,26.0,33.0,28.0,16.0,16.0,23.0,33.0,29.0,31.0,28.0,18.0,28.0,35.0,27.0,29.0,23.0,26.0,19.0,33.0,38.0,27.0,32.0,9.0,18.0,18.0,19.0,12.0
394406,248,"Bowling Green, KY",msa,KY,11.0,17.0,26.0,27.0,25.0,25.0,28.0,18.0,20.0,31.0,12.0,17.0,12.0,16.0,20.0,21.0,22.0,10.0,28.0,18.0,23.0,19.0,18.0,16.0,8.0,9.0,21.0,23.0,20.0,11.0,28.0,15.0,22.0,15.0,7.0,10.0,28.0,31.0,52.0,53.0,61.0,51.0,51.0,37.0,43.0,53.0,55.0,39.0,31.0,49.0,55.0,49.0,67.0,43.0,47.0,40.0,54.0,45.0,31.0,43.0,27.0,36.0,49.0,54.0,50.0,53.0,42.0,43.0,49.0,53.0,26.0,31.0,28.0,32.0,48.0,48.0,54.0,61.0,43.0,40.0,31.0,38.0,38.0,35.0,27.0,30.0,51.0,38.0,44.0,47.0,32.0,46.0,33.0,21.0,27.0,33.0,22.0,29.0,38.0,53.0,36.0
395119,249,"St. George, UT",msa,UT,90.0,110.0,132.0,136.0,177.0,148.0,151.0,136.0,118.0,134.0,142.0,136.0,112.0,90.0,140.0,156.0,191.0,144.0,169.0,150.0,133.0,148.0,156.0,154.0,129.0,136.0,138.0,165.0,166.0,196.0,252.0,208.0,216.0,224.0,164.0,184.0,151.0,191.0,229.0,186.0,166.0,172.0,161.0,153.0,183.0,153.0,169.0,219.0,182.0,163.0,204.0,133.0,136.0,156.0,104.0,122.0,113.0,100.0,105.0,125.0,97.0,103.0,136.0,132.0,165.0,149.0,155.0,151.0,108.0,135.0,103.0,131.0,110.0,103.0,138.0,134.0,136.0,104.0,115.0,131.0,98.0,110.0,103.0,123.0,72.0,109.0,86.0,146.0,126.0,125.0,113.0,110.0,114.0,104.0,118.0,136.0,94.0,107.0,143.0,103.0,110.0
394896,250,"Muskegon, MI",msa,MI,,8.0,9.0,9.0,9.0,9.0,9.0,7.0,12.0,8.0,10.0,11.0,9.0,15.0,18.0,16.0,12.0,13.0,13.0,14.0,14.0,13.0,10.0,10.0,9.0,12.0,10.0,7.0,11.0,12.0,23.0,21.0,23.0,23.0,5.0,12.0,13.0,20.0,20.0,21.0,17.0,15.0,19.0,12.0,21.0,7.0,16.0,15.0,18.0,24.0,18.0,22.0,14.0,16.0,13.0,11.0,17.0,9.0,17.0,15.0,15.0,15.0,17.0,17.0,16.0,25.0,15.0,28.0,17.0,10.0,10.0,14.0,11.0,13.0,28.0,17.0,14.0,21.0,23.0,21.0,17.0,20.0,11.0,13.0,14.0,12.0,14.0,17.0,21.0,12.0,14.0,16.0,19.0,19.0,13.0,12.0,10.0,15.0,20.0,14.0,11.0
394299,251,"Abilene, TX",msa,TX,23.0,37.0,40.0,22.0,33.0,32.0,29.0,34.0,41.0,15.0,18.0,25.0,16.0,19.0,27.0,24.0,24.0,21.0,39.0,28.0,26.0,31.0,12.0,31.0,23.0,27.0,26.0,32.0,23.0,34.0,41.0,35.0,28.0,41.0,32.0,47.0,24.0,18.0,41.0,26.0,38.0,38.0,35.0,37.0,31.0,33.0,33.0,37.0,26.0,32.0,33.0,35.0,37.0,40.0,45.0,45.0,33.0,34.0,24.0,26.0,15.0,36.0,44.0,27.0,44.0,34.0,30.0,33.0,30.0,23.0,21.0,21.0,23.0,24.0,27.0,33.0,39.0,33.0,31.0,32.0,45.0,16.0,38.0,22.0,24.0,30.0,40.0,53.0,33.0,55.0,56.0,47.0,47.0,56.0,41.0,81.0,32.0,49.0,52.0,55.0,64.0
394707,252,"Iowa City, IA",msa,IA,19.0,19.0,51.0,41.0,62.0,96.0,65.0,61.0,45.0,44.0,37.0,25.0,18.0,23.0,26.0,33.0,53.0,69.0,61.0,36.0,27.0,31.0,18.0,18.0,20.0,12.0,35.0,38.0,49.0,69.0,68.0,42.0,51.0,44.0,34.0,50.0,23.0,24.0,31.0,58.0,71.0,79.0,67.0,84.0,36.0,51.0,41.0,44.0,30.0,38.0,41.0,56.0,66.0,62.0,59.0,62.0,39.0,41.0,30.0,13.0,11.0,24.0,38.0,58.0,53.0,74.0,40.0,72.0,47.0,39.0,34.0,22.0,22.0,25.0,40.0,56.0,49.0,57.0,58.0,43.0,28.0,34.0,35.0,28.0,19.0,19.0,39.0,63.0,58.0,63.0,40.0,42.0,39.0,30.0,23.0,49.0,12.0,13.0,40.0,39.0,70.0
394351,253,"Auburn, AL",msa,AL,48.0,39.0,68.0,65.0,68.0,76.0,58.0,66.0,54.0,48.0,70.0,57.0,40.0,38.0,60.0,64.0,63.0,57.0,70.0,74.0,60.0,67.0,65.0,51.0,57.0,74.0,66.0,68.0,75.0,100.0,141.0,100.0,95.0,94.0,88.0,93.0,83.0,77.0,104.0,117.0,132.0,101.0,128.0,120.0,128.0,128.0,122.0,137.0,112.0,133.0,139.0,154.0,129.0,139.0,124.0,116.0,101.0,81.0,108.0,96.0,66.0,80.0,72.0,76.0,80.0,88.0,79.0,123.0,98.0,91.0,84.0,97.0,62.0,72.0,85.0,105.0,91.0,91.0,105.0,99.0,102.0,102.0,89.0,100.0,61.0,83.0,90.0,84.0,118.0,100.0,123.0,104.0,75.0,89.0,67.0,97.0,57.0,58.0,60.0,91.0,103.0
394860,254,"Midland, TX",msa,TX,65.0,58.0,60.0,69.0,72.0,55.0,59.0,62.0,47.0,74.0,61.0,60.0,56.0,56.0,59.0,53.0,54.0,65.0,79.0,70.0,47.0,46.0,56.0,65.0,44.0,61.0,62.0,60.0,62.0,68.0,81.0,65.0,81.0,75.0,47.0,46.0,39.0,38.0,58.0,41.0,46.0,48.0,34.0,49.0,47.0,32.0,39.0,47.0,53.0,60.0,77.0,81.0,52.0,78.0,67.0,67.0,64.0,55.0,89.0,67.0,49.0,78.0,83.0,55.0,50.0,39.0,44.0,23.0,39.0,31.0,30.0,43.0,15.0,20.0,42.0,28.0,48.0,20.0,14.0,27.0,20.0,40.0,40.0,37.0,31.0,19.0,50.0,36.0,38.0,32.0,23.0,33.0,35.0,31.0,29.0,36.0,18.0,27.0,45.0,21.0,20.0
394671,255,"Hattiesburg, MS",msa,MS,18.0,18.0,15.0,22.0,16.0,18.0,26.0,16.0,17.0,20.0,14.0,16.0,17.0,14.0,19.0,19.0,19.0,29.0,18.0,23.0,20.0,13.0,16.0,19.0,8.0,12.0,5.0,21.0,17.0,16.0,10.0,12.0,22.0,13.0,21.0,30.0,15.0,20.0,26.0,24.0,24.0,28.0,21.0,27.0,16.0,28.0,20.0,18.0,12.0,16.0,18.0,20.0,22.0,25.0,10.0,21.0,11.0,21.0,12.0,13.0,10.0,14.0,19.0,15.0,24.0,21.0,35.0,17.0,26.0,11.0,16.0,23.0,6.0,15.0,19.0,17.0,16.0,16.0,9.0,10.0,13.0,11.0,14.0,24.0,9.0,18.0,20.0,16.0,21.0,17.0,13.0,23.0,11.0,18.0,7.0,12.0,12.0,17.0,16.0,22.0,19.0
753869,255,"Bloomington, IL",msa,IL,,,,,,,,,,,,,,,,,,,,,,,,,,,,,,,,,,,,,,,,,,,,,,,,,,,,,,,,,,,,,,,,,,,,,,,,,,,,,,,,,,,,,,,,,,,,,,,,,,,,,9.0
394555,258,"Eau Claire, WI",msa,WI,,,,,,,,,,,,,,,,,,,,,,,,,,,,,,,,,,,,,,,,,,,,,,,,,,,,,,,,,,,,,,,,,,,,,,,,,,,,,,,,,,,,,,,,,,,,,,,,,,5.0,8.0,13.0,13.0
394651,259,"Greenville, NC",msa,NC,29.0,30.0,67.0,59.0,73.0,77.0,65.0,71.0,36.0,40.0,43.0,56.0,37.0,42.0,58.0,43.0,69.0,79.0,47.0,59.0,39.0,43.0,44.0,62.0,53.0,60.0,75.0,62.0,60.0,86.0,92.0,47.0,87.0,60.0,63.0,59.0,48.0,46.0,62.0,57.0,51.0,60.0,44.0,44.0,41.0,78.0,29.0,49.0,45.0,51.0,58.0,37.0,46.0,69.0,40.0,38.0,44.0,32.0,38.0,55.0,36.0,41.0,61.0,41.0,56.0,52.0,53.0,63.0,66.0,46.0,45.0,45.0,49.0,56.0,67.0,70.0,67.0,60.0,69.0,52.0,61.0,67.0,82.0,95.0,45.0,56.0,61.0,71.0,69.0,71.0,44.0,71.0,67.0,43.0,71.0,74.0,38.0,47.0,56.0,47.0,54.0
394428,260,"Burlington, NC",msa,NC,50.0,65.0,85.0,111.0,113.0,85.0,93.0,68.0,70.0,64.0,53.0,81.0,49.0,76.0,73.0,50.0,83.0,65.0,53.0,64.0,51.0,69.0,53.0,66.0,34.0,51.0,54.0,57.0,100.0,72.0,95.0,70.0,72.0,82.0,64.0,90.0,78.0,91.0,73.0,71.0,48.0,80.0,64.0,66.0,91.0,67.0,71.0,113.0,62.0,57.0,96.0,54.0,76.0,49.0,59.0,50.0,60.0,62.0,45.0,82.0,46.0,39.0,94.0,68.0,72.0,92.0,69.0,86.0,65.0,86.0,77.0,71.0,70.0,60.0,96.0,100.0,104.0,87.0,94.0,93.0,69.0,113.0,114.0,111.0,73.0,77.0,96.0,89.0,116.0,83.0,104.0,92.0,91.0,74.0,60.0,73.0,39.0,45.0,58.0,76.0,54.0
395210,261,"Waterloo, IA",msa,IA,,,,,,,,,,,,,,,,,,,,,,,,,,,,,,,,,,,,,,,,,,,,,,,,,,,,,,,,,,,,,,,,,,,,,,,,,,,,,,,,,,,,,,,,,,,,,,,,,,,11.0,5.0,10.0
394480,262,"Coeur d'Alene, ID",msa,ID,75.0,73.0,79.0,72.0,85.0,76.0,98.0,117.0,94.0,91.0,102.0,73.0,61.0,78.0,69.0,97.0,103.0,77.0,92.0,101.0,107.0,92.0,107.0,82.0,79.0,69.0,102.0,91.0,97.0,117.0,130.0,117.0,134.0,156.0,112.0,118.0,93.0,90.0,106.0,105.0,89.0,89.0,103.0,118.0,98.0,94.0,109.0,115.0,102.0,87.0,117.0,115.0,153.0,103.0,116.0,103.0,120.0,127.0,119.0,100.0,88.0,130.0,139.0,101.0,138.0,74.0,83.0,86.0,67.0,96.0,89.0,93.0,58.0,65.0,90.0,78.0,97.0,87.0,87.0,73.0,101.0,87.0,86.0,92.0,66.0,77.0,69.0,80.0,94.0,80.0,63.0,80.0,85.0,89.0,76.0,81.0,56.0,59.0,73.0,62.0,71.0
395007,264,"Pueblo, CO",msa,CO,,,,,,,,,,,,,,,,,,,,,,,,,,,,,,,,,,,,,,,,,,,,,,,,,,,,,,,,,,,,,,,,,,,,,,,,,,,,,,,,,,,,,,,,,,,,,,,,,,10.0,14.0,12.0,9.0
394392,265,"Blacksburg, VA",msa,VA,,,,,,,,,,,,,,,5.0,5.0,13.0,6.0,8.0,16.0,5.0,8.0,13.0,8.0,11.0,5.0,14.0,12.0,17.0,12.0,12.0,6.0,9.0,6.0,11.0,8.0,9.0,20.0,17.0,13.0,15.0,13.0,12.0,18.0,10.0,15.0,8.0,15.0,6.0,8.0,13.0,8.0,17.0,5.0,12.0,14.0,14.0,11.0,7.0,9.0,8.0,7.0,8.0,17.0,13.0,10.0,13.0,12.0,9.0,11.0,11.0,12.0,5.0,6.0,9.0,17.0,20.0,16.0,13.0,12.0,17.0,7.0,13.0,13.0,7.0,8.0,11.0,10.0,19.0,21.0,11.0,19.0,15.0,14.0,14.0,12.0,7.0,8.0,8.0,13.0,10.0
394720,268,"Janesville, WI",msa,WI,,,,,,,,,,,,,,,,,,,,,,,,,,,,,,,,,,,,,,,,,,,,,,,,,,,,,,,,,,,,,,6.0,19.0,14.0,9.0,17.0,24.0,20.0,16.0,23.0,17.0,14.0,17.0,11.0,19.0,33.0,28.0,32.0,22.0,19.0,24.0,24.0,12.0,21.0,14.0,11.0,13.0,17.0,24.0,28.0,26.0,23.0,12.0,20.0,18.0,12.0,18.0,12.0,14.0,22.0,25.0
394393,270,"Bloomington, IN",msa,IN,,,,,,,,,,,,,,,,,,,,,,,,,,,,,,,,,,,,,,,,,,,,,,,,,,,,,,,,,,,,,,,,,,,,,,,,,,,,,,,,,,,,,,,,,,,,,,,,,,5.0,14.0,13.0,14.0
394930,271,"Odessa, TX",msa,TX,25.0,46.0,40.0,32.0,43.0,43.0,43.0,44.0,41.0,51.0,30.0,30.0,25.0,31.0,27.0,35.0,27.0,25.0,37.0,23.0,29.0,47.0,34.0,32.0,26.0,22.0,14.0,24.0,28.0,34.0,23.0,16.0,34.0,19.0,31.0,30.0,13.0,21.0,29.0,27.0,14.0,22.0,30.0,51.0,32.0,26.0,37.0,26.0,31.0,36.0,38.0,26.0,40.0,34.0,39.0,23.0,38.0,18.0,26.0,42.0,28.0,36.0,43.0,22.0,24.0,19.0,17.0,19.0,25.0,19.0,12.0,23.0,19.0,24.0,49.0,44.0,40.0,39.0,38.0,26.0,31.0,24.0,20.0,33.0,22.0,32.0,32.0,31.0,29.0,46.0,30.0,26.0,17.0,47.0,38.0,34.0,16.0,18.0,42.0,44.0,52.0
395125,273,"State College, PA",msa,PA,19.0,19.0,16.0,24.0,12.0,14.0,21.0,16.0,18.0,21.0,15.0,23.0,11.0,11.0,19.0,18.0,18.0,28.0,13.0,15.0,11.0,13.0,17.0,13.0,17.0,13.0,11.0,8.0,11.0,20.0,17.0,15.0,26.0,12.0,17.0,27.0,16.0,15.0,13.0,16.0,9.0,16.0,22.0,20.0,11.0,16.0,22.0,11.0,10.0,16.0,15.0,22.0,20.0,22.0,20.0,20.0,15.0,17.0,11.0,22.0,12.0,9.0,14.0,15.0,21.0,21.0,10.0,17.0,19.0,19.0,11.0,13.0,20.0,12.0,18.0,26.0,23.0,20.0,17.0,19.0,19.0,16.0,11.0,8.0,12.0,9.0,18.0,26.0,13.0,11.0,17.0,17.0,15.0,18.0,20.0,24.0,9.0,12.0,16.0,15.0,21.0
395079,274,"Sebastian, FL",msa,FL,44.0,56.0,60.0,60.0,75.0,70.0,59.0,76.0,71.0,71.0,85.0,101.0,81.0,70.0,96.0,66.0,85.0,101.0,97.0,67.0,68.0,103.0,103.0,83.0,53.0,59.0,103.0,71.0,68.0,75.0,90.0,121.0,94.0,90.0,83.0,77.0,59.0,73.0,135.0,83.0,69.0,86.0,72.0,74.0,94.0,88.0,86.0,127.0,83.0,97.0,117.0,95.0,88.0,95.0,67.0,82.0,63.0,49.0,58.0,62.0,43.0,44.0,79.0,53.0,75.0,80.0,96.0,68.0,60.0,39.0,34.0,36.0,52.0,45.0,43.0,61.0,50.0,46.0,76.0,58.0,52.0,46.0,56.0,77.0,49.0,50.0,55.0,66.0,59.0,56.0,43.0,57.0,41.0,57.0,49.0,51.0,31.0,45.0,78.0,38.0,32.0
394814,275,"Madera, CA",msa,CA,36.0,33.0,58.0,36.0,47.0,31.0,26.0,32.0,34.0,19.0,29.0,18.0,28.0,34.0,38.0,33.0,41.0,43.0,36.0,32.0,32.0,31.0,45.0,52.0,37.0,38.0,45.0,38.0,48.0,54.0,54.0,45.0,36.0,54.0,61.0,62.0,46.0,54.0,54.0,63.0,49.0,70.0,49.0,62.0,67.0,51.0,57.0,35.0,36.0,48.0,57.0,51.0,58.0,66.0,55.0,48.0,44.0,30.0,37.0,27.0,17.0,29.0,40.0,44.0,45.0,67.0,56.0,89.0,69.0,66.0,66.0,66.0,50.0,47.0,49.0,41.0,55.0,72.0,74.0,72.0,61.0,65.0,111.0,62.0,41.0,42.0,31.0,35.0,36.0,29.0,15.0,41.0,31.0,36.0,36.0,41.0,14.0,10.0,13.0,13.0,12.0
394523,276,"Decatur, AL",msa,AL,,,,,,,,,,,,,,,,,,,,,,,,,,,,,,,,,,,,,,,,,,,,,,,,,,,,,,,,,,,9.0,16.0,7.0,16.0,17.0,19.0,20.0,31.0,29.0,19.0,14.0,10.0,15.0,13.0,18.0,24.0,23.0,29.0,26.0,23.0,14.0,17.0,17.0,25.0,17.0,17.0,16.0,13.0,16.0,14.0,24.0,21.0,9.0,19.0,20.0,25.0,13.0,14.0,6.0,17.0,14.0,21.0,39.0
394453,277,"Chambersburg, PA",msa,PA,15.0,10.0,19.0,16.0,20.0,13.0,20.0,13.0,18.0,9.0,11.0,6.0,7.0,12.0,10.0,11.0,10.0,11.0,19.0,15.0,12.0,12.0,15.0,11.0,19.0,9.0,17.0,19.0,15.0,19.0,16.0,25.0,16.0,24.0,9.0,20.0,13.0,24.0,19.0,22.0,16.0,12.0,17.0,18.0,13.0,20.0,17.0,30.0,19.0,15.0,11.0,16.0,10.0,21.0,15.0,15.0,12.0,12.0,9.0,15.0,7.0,16.0,12.0,12.0,7.0,13.0,19.0,22.0,24.0,7.0,10.0,24.0,26.0,19.0,17.0,19.0,20.0,17.0,16.0,10.0,6.0,16.0,6.0,13.0,8.0,10.0,11.0,23.0,20.0,14.0,16.0,22.0,10.0,17.0,13.0,18.0,8.0,7.0,16.0,13.0,11.0
394703,279,"Idaho Falls, ID",msa,ID,18.0,13.0,21.0,22.0,15.0,20.0,20.0,40.0,26.0,35.0,17.0,18.0,28.0,19.0,28.0,38.0,24.0,23.0,31.0,33.0,23.0,30.0,30.0,34.0,17.0,17.0,30.0,21.0,26.0,28.0,33.0,37.0,38.0,36.0,30.0,28.0,27.0,23.0,32.0,41.0,25.0,19.0,23.0,33.0,24.0,25.0,25.0,27.0,28.0,31.0,33.0,28.0,51.0,35.0,26.0,36.0,46.0,34.0,35.0,29.0,38.0,21.0,38.0,32.0,36.0,24.0,24.0,32.0,35.0,22.0,32.0,25.0,15.0,41.0,25.0,31.0,25.0,20.0,22.0,22.0,19.0,34.0,35.0,20.0,18.0,26.0,25.0,22.0,34.0,24.0,28.0,36.0,22.0,26.0,16.0,16.0,19.0,23.0,23.0,20.0,20.0
394639,280,"Grand Junction, CO",msa,CO,56.0,54.0,66.0,96.0,78.0,55.0,60.0,57.0,55.0,45.0,37.0,26.0,38.0,48.0,66.0,57.0,61.0,45.0,44.0,55.0,39.0,42.0,38.0,40.0,39.0,42.0,67.0,50.0,43.0,72.0,70.0,81.0,50.0,51.0,52.0,61.0,64.0,61.0,74.0,56.0,66.0,59.0,53.0,56.0,40.0,52.0,53.0,62.0,46.0,51.0,60.0,72.0,58.0,56.0,34.0,37.0,47.0,32.0,31.0,32.0,36.0,19.0,29.0,47.0,54.0,48.0,33.0,39.0,30.0,21.0,24.0,23.0,17.0,34.0,43.0,46.0,49.0,38.0,37.0,47.0,30.0,30.0,35.0,36.0,19.0,30.0,37.0,54.0,30.0,36.0,41.0,25.0,18.0,29.0,22.0,32.0,12.0,22.0,25.0,32.0,23.0
394563,281,"Elizabethtown, KY",msa,KY,9.0,9.0,15.0,14.0,20.0,20.0,11.0,14.0,13.0,12.0,16.0,8.0,5.0,9.0,17.0,30.0,22.0,12.0,11.0,21.0,16.0,12.0,7.0,6.0,11.0,14.0,20.0,7.0,11.0,23.0,20.0,16.0,9.0,12.0,7.0,10.0,11.0,9.0,30.0,20.0,14.0,14.0,13.0,19.0,15.0,11.0,21.0,20.0,18.0,15.0,20.0,25.0,20.0,19.0,10.0,17.0,21.0,9.0,6.0,13.0,15.0,21.0,24.0,19.0,29.0,40.0,32.0,29.0,30.0,30.0,23.0,29.0,20.0,20.0,27.0,40.0,39.0,38.0,35.0,22.0,26.0,24.0,21.0,32.0,21.0,31.0,25.0,39.0,31.0,38.0,22.0,34.0,20.0,15.0,30.0,32.0,19.0,24.0,27.0,42.0,35.0
394917,282,"Niles, MI",msa,MI,,,,,,,,,,,,,,,,,,,,,,,,,,,,,,,,,,,,,,,,,,,,,,,,,,,,,,,,,,,,,,,,,,,,,,,,,,,,,,,,,,,,,,,,,,,,,,,,,,,6.0,5.0,7.0
395066,284,"Santa Fe, NM",msa,NM,,,,,,,,,,,,,,,,,,,,,,,,,,,,,,,,,,,,,,,,,,,,,,,,,,,,,,,,,,6.0,8.0,8.0,9.0,25.0,16.0,10.0,22.0,20.0,20.0,17.0,15.0,12.0,13.0,12.0,9.0,13.0,19.0,17.0,12.0,12.0,11.0,11.0,15.0,17.0,13.0,18.0,8.0,9.0,10.0,14.0,9.0,24.0,13.0,15.0,14.0,15.0,10.0,15.0,11.0,24.0,13.0,8.0,14.0
395163,287,"Traverse City, MI",msa,MI,,,,,,,,,,,,,,,,,,,,,,,,,,,17.0,9.0,5.0,16.0,14.0,17.0,15.0,23.0,11.0,15.0,15.0,12.0,22.0,34.0,28.0,38.0,34.0,16.0,11.0,19.0,11.0,28.0,8.0,9.0,12.0,9.0,11.0,11.0,8.0,13.0,13.0,9.0,8.0,15.0,8.0,13.0,31.0,14.0,15.0,10.0,16.0,20.0,18.0,19.0,21.0,22.0,9.0,20.0,31.0,24.0,21.0,22.0,21.0,32.0,18.0,15.0,22.0,24.0,9.0,19.0,19.0,20.0,24.0,30.0,30.0,16.0,23.0,25.0,17.0,11.0,,15.0,14.0,16.0,17.0
394359,288,"Bangor, ME",msa,ME,,,,,,,,,,,,,,,,,,,,,,,,,,,,,,,,,,,,,,,,,,,,,,,,,,,,,,,,,,,,,,,,,,,,,,,,,,,,,,,,,,,,,,,,,,,,,,,,,,,,,8.0
394685,289,"Homosassa Springs, FL",msa,FL,33.0,29.0,49.0,36.0,47.0,42.0,30.0,37.0,18.0,36.0,15.0,28.0,22.0,31.0,37.0,36.0,47.0,42.0,38.0,44.0,33.0,28.0,18.0,35.0,43.0,44.0,52.0,37.0,40.0,48.0,37.0,45.0,51.0,34.0,30.0,39.0,54.0,66.0,66.0,65.0,42.0,38.0,34.0,36.0,50.0,52.0,42.0,56.0,62.0,70.0,79.0,71.0,68.0,74.0,71.0,58.0,78.0,86.0,58.0,74.0,66.0,76.0,109.0,68.0,84.0,104.0,71.0,82.0,87.0,59.0,54.0,51.0,81.0,81.0,73.0,106.0,96.0,91.0,88.0,71.0,54.0,73.0,60.0,97.0,92.0,84.0,76.0,81.0,90.0,109.0,96.0,76.0,103.0,86.0,89.0,123.0,79.0,96.0,101.0,125.0,129.0
394662,290,"Hanford, CA",msa,CA,,,,,,,,,,,,,,,,,,,,,,,,,,,,,,,,,,,,,,,,,,,,,,,,,,,,,,,,,,,,,,18.0,16.0,34.0,19.0,25.0,40.0,29.0,37.0,47.0,35.0,38.0,17.0,28.0,41.0,34.0,40.0,49.0,45.0,53.0,44.0,47.0,44.0,51.0,21.0,27.0,47.0,35.0,44.0,46.0,27.0,36.0,29.0,28.0,27.0,17.0,11.0,7.0,9.0,8.0,7.0
394723,291,"Jefferson City, MO",msa,MO,,,,,,,,,,,,,,,,,,,,,,,,,,,,,,,,,,,,,,,,,,,,,,,,,,,,,,,,,,,,6.0,8.0,9.0,16.0,8.0,13.0,7.0,8.0,5.0,10.0,10.0,10.0,6.0,13.0,5.0,14.0,17.0,11.0,13.0,16.0,8.0,15.0,10.0,14.0,10.0,5.0,15.0,16.0,12.0,5.0,12.0,8.0,12.0,12.0,9.0,10.0,9.0,8.0,9.0,7.0,11.0,17.0
394598,292,"Florence, AL",msa,AL,,,,,,,,,,,,,,,,,,,,,,,,,,,,,,,,,,,,,,,,,,,,,,,,,,,,,,,,,,,,,,,,,,,,,,,,7.0,7.0,11.0,13.0,10.0,13.0,7.0,13.0,11.0,14.0,11.0,16.0,10.0,12.0,14.0,20.0,14.0,20.0,17.0,17.0,16.0,12.0,15.0,7.0,14.0,10.0,15.0,11.0,20.0,14.0
394537,293,"Dothan, AL",msa,AL,28.0,31.0,40.0,39.0,36.0,35.0,35.0,35.0,25.0,29.0,21.0,15.0,20.0,21.0,27.0,40.0,31.0,35.0,26.0,23.0,38.0,21.0,18.0,17.0,28.0,21.0,40.0,32.0,30.0,41.0,38.0,22.0,45.0,35.0,32.0,35.0,36.0,33.0,35.0,45.0,50.0,50.0,27.0,40.0,35.0,27.0,21.0,30.0,28.0,21.0,44.0,49.0,49.0,45.0,35.0,28.0,46.0,30.0,17.0,24.0,13.0,28.0,32.0,20.0,27.0,26.0,27.0,25.0,16.0,26.0,14.0,24.0,15.0,24.0,18.0,27.0,27.0,22.0,20.0,22.0,12.0,23.0,13.0,16.0,16.0,19.0,24.0,18.0,27.0,30.0,29.0,22.0,21.0,13.0,14.0,21.0,29.0,28.0,22.0,28.0,26.0
394306,295,"Albany, GA",msa,GA,,,,,,,,,,,,,,,,,,,,,,,,,,,,,,,,,,,,,,,,,,,,,,,,,,,,,,,,,,,,,,,,,,,,,,,,9.0,9.0,7.0,17.0,13.0,7.0,8.0,11.0,7.0,5.0,6.0,13.0,5.0,6.0,5.0,10.0,6.0,11.0,11.0,14.0,5.0,7.0,6.0,6.0,5.0,5.0,6.0,6.0,7.0,11.0
395182,300,"Valdosta, GA",msa,GA,13.0,32.0,32.0,42.0,31.0,49.0,33.0,35.0,20.0,21.0,25.0,19.0,25.0,33.0,32.0,38.0,37.0,47.0,41.0,34.0,23.0,40.0,30.0,35.0,33.0,28.0,57.0,46.0,51.0,46.0,71.0,41.0,39.0,42.0,30.0,42.0,44.0,47.0,61.0,37.0,44.0,53.0,52.0,52.0,37.0,46.0,41.0,39.0,43.0,40.0,48.0,52.0,41.0,38.0,40.0,36.0,17.0,32.0,23.0,32.0,26.0,26.0,20.0,23.0,27.0,29.0,39.0,18.0,31.0,34.0,19.0,36.0,26.0,22.0,37.0,28.0,19.0,41.0,31.0,30.0,29.0,25.0,22.0,21.0,19.0,32.0,38.0,34.0,36.0,38.0,31.0,27.0,27.0,21.0,23.0,35.0,11.0,16.0,39.0,23.0,23.0
394800,301,"Logan, UT",msa,UT,21.0,17.0,21.0,20.0,28.0,34.0,32.0,26.0,20.0,31.0,12.0,17.0,13.0,16.0,28.0,30.0,46.0,38.0,33.0,36.0,26.0,31.0,30.0,29.0,36.0,46.0,50.0,38.0,49.0,56.0,58.0,51.0,55.0,49.0,36.0,49.0,35.0,32.0,41.0,28.0,30.0,25.0,20.0,31.0,15.0,24.0,29.0,28.0,32.0,36.0,36.0,33.0,33.0,28.0,22.0,23.0,38.0,20.0,26.0,29.0,21.0,14.0,28.0,35.0,29.0,41.0,38.0,25.0,25.0,20.0,28.0,34.0,20.0,18.0,21.0,32.0,29.0,31.0,39.0,33.0,31.0,31.0,37.0,28.0,18.0,19.0,23.0,22.0,34.0,26.0,35.0,23.0,26.0,20.0,19.0,28.0,15.0,16.0,42.0,47.0,35.0
394595,302,"Flagstaff, AZ",msa,AZ,,,,,,,,,,,,,,,,,,,,,,,,,,,,,,,,,,,,,,,,,,,,,,,,,,,,,,,,,,,,,,,,,,,,,,,,,,,,,,,,,,,,,,,,,,,,,,,,,,8.0,19.0,21.0,11.0
395036,303,"Rocky Mount, NC",msa,NC,35.0,24.0,20.0,31.0,21.0,24.0,23.0,22.0,23.0,23.0,12.0,17.0,20.0,16.0,41.0,18.0,35.0,21.0,40.0,34.0,18.0,25.0,28.0,21.0,15.0,25.0,26.0,29.0,26.0,38.0,35.0,19.0,30.0,28.0,31.0,27.0,17.0,41.0,41.0,39.0,38.0,58.0,42.0,35.0,45.0,32.0,31.0,40.0,40.0,44.0,57.0,60.0,48.0,52.0,39.0,39.0,30.0,21.0,34.0,35.0,28.0,24.0,62.0,41.0,38.0,45.0,37.0,40.0,48.0,35.0,43.0,54.0,29.0,41.0,37.0,48.0,45.0,23.0,42.0,45.0,31.0,38.0,34.0,36.0,56.0,30.0,38.0,56.0,53.0,42.0,63.0,48.0,57.0,35.0,25.0,51.0,31.0,46.0,52.0,36.0,45.0
394515,305,"Dalton, GA",msa,GA,13.0,9.0,17.0,18.0,18.0,15.0,11.0,13.0,11.0,13.0,10.0,6.0,12.0,17.0,20.0,15.0,26.0,14.0,22.0,15.0,16.0,12.0,15.0,15.0,17.0,17.0,12.0,20.0,21.0,19.0,14.0,8.0,14.0,14.0,21.0,28.0,23.0,15.0,35.0,25.0,34.0,30.0,32.0,20.0,26.0,18.0,27.0,24.0,13.0,27.0,30.0,27.0,27.0,17.0,15.0,27.0,18.0,10.0,20.0,18.0,18.0,14.0,30.0,19.0,28.0,11.0,19.0,13.0,13.0,21.0,14.0,16.0,7.0,26.0,24.0,19.0,16.0,26.0,8.0,15.0,16.0,17.0,16.0,7.0,7.0,18.0,35.0,30.0,24.0,17.0,11.0,21.0,29.0,22.0,16.0,37.0,22.0,13.0,25.0,32.0,28.0
394783,306,"Lebanon, PA",msa,PA,,,,,,,,,,,,,,,,,,,,,,,,,,,,,,,,,,,,,,,,,,,,,,,,,,,,,,,,,,,,,,,,,,,,14.0,8.0,12.0,11.0,13.0,9.0,10.0,8.0,12.0,19.0,11.0,16.0,9.0,16.0,15.0,15.0,15.0,9.0,8.0,10.0,17.0,13.0,15.0,12.0,9.0,17.0,12.0,16.0,18.0,14.0,12.0,12.0,16.0,20.0
394880,307,"Morristown, TN",msa,TN,13.0,11.0,21.0,10.0,14.0,12.0,15.0,16.0,12.0,11.0,16.0,9.0,10.0,16.0,18.0,15.0,13.0,19.0,15.0,16.0,10.0,12.0,17.0,12.0,15.0,10.0,23.0,23.0,9.0,23.0,42.0,37.0,22.0,18.0,23.0,30.0,20.0,22.0,21.0,32.0,29.0,30.0,20.0,24.0,25.0,22.0,22.0,32.0,25.0,28.0,42.0,40.0,48.0,43.0,34.0,41.0,63.0,52.0,53.0,30.0,30.0,39.0,78.0,78.0,70.0,87.0,47.0,72.0,37.0,43.0,52.0,34.0,27.0,44.0,40.0,44.0,31.0,25.0,35.0,30.0,20.0,33.0,22.0,23.0,20.0,17.0,22.0,13.0,29.0,25.0,33.0,34.0,40.0,24.0,27.0,26.0,15.0,22.0,17.0,24.0,39.0
395232,308,"Winchester, VA",msa,VA,33.0,38.0,44.0,38.0,43.0,58.0,52.0,61.0,45.0,52.0,36.0,39.0,37.0,56.0,57.0,44.0,60.0,59.0,54.0,43.0,68.0,62.0,65.0,75.0,37.0,38.0,39.0,43.0,55.0,58.0,51.0,49.0,51.0,57.0,29.0,68.0,42.0,34.0,54.0,44.0,49.0,42.0,39.0,37.0,45.0,43.0,45.0,40.0,31.0,20.0,35.0,42.0,32.0,38.0,20.0,30.0,22.0,37.0,27.0,26.0,22.0,19.0,37.0,38.0,45.0,43.0,41.0,53.0,53.0,35.0,56.0,31.0,35.0,45.0,60.0,42.0,35.0,52.0,37.0,41.0,51.0,44.0,44.0,59.0,24.0,39.0,48.0,48.0,45.0,50.0,45.0,33.0,38.0,34.0,36.0,29.0,24.0,27.0,36.0,37.0,33.0
394879,310,"Morgantown, WV",msa,WV,,,,,,,,,,,,,6.0,8.0,7.0,10.0,16.0,19.0,14.0,17.0,11.0,15.0,13.0,11.0,9.0,14.0,19.0,23.0,22.0,22.0,29.0,9.0,19.0,14.0,19.0,19.0,14.0,14.0,24.0,27.0,21.0,50.0,29.0,19.0,18.0,23.0,22.0,26.0,20.0,11.0,23.0,13.0,30.0,35.0,24.0,25.0,26.0,24.0,16.0,24.0,10.0,12.0,15.0,16.0,13.0,18.0,24.0,22.0,14.0,13.0,11.0,13.0,9.0,9.0,20.0,9.0,10.0,6.0,13.0,9.0,9.0,13.0,8.0,5.0,10.0,5.0,10.0,13.0,15.0,16.0,8.0,8.0,15.0,9.0,8.0,11.0,11.0,14.0,11.0,14.0,12.0
394756,311,"La Crosse, WI",msa,WI,,,,,,,,,,,,,,,,,,,,,,,,,,,,,,,,,,,,,,,,,,,,,,,,,,,,,,,,,,,,,,,,,,,,,,,,,,,,,,,,,,,,,,,,,,,,,,,,,,,,8.0,7.0
394900,312,"Napa, CA",msa,CA,,,,,,,,,,,,,,,,,,,,,,,,,,,,,,,,,,,,,,,,,,,,,,,,,,,,,,,,,,,,,,,,,,,,,,,,,,,,,,,,,,,,,,,,,,,,,,,,,,,,,8.0
395013,313,"Rapid City, SD",msa,SD,13.0,20.0,24.0,26.0,31.0,36.0,30.0,21.0,19.0,20.0,23.0,24.0,11.0,21.0,13.0,22.0,22.0,22.0,23.0,37.0,23.0,15.0,16.0,21.0,13.0,21.0,26.0,20.0,20.0,38.0,46.0,38.0,30.0,35.0,40.0,29.0,30.0,30.0,41.0,38.0,25.0,42.0,37.0,28.0,33.0,26.0,43.0,40.0,44.0,50.0,53.0,37.0,38.0,53.0,42.0,42.0,35.0,26.0,24.0,34.0,23.0,22.0,35.0,32.0,35.0,36.0,26.0,35.0,34.0,23.0,20.0,16.0,12.0,30.0,31.0,29.0,26.0,27.0,24.0,31.0,22.0,24.0,35.0,24.0,23.0,13.0,41.0,40.0,38.0,34.0,32.0,32.0,22.0,25.0,17.0,38.0,22.0,21.0,32.0,35.0,33.0
395139,314,"Sumter, SC",msa,SC,15.0,19.0,14.0,21.0,30.0,20.0,19.0,22.0,16.0,18.0,10.0,20.0,22.0,13.0,16.0,21.0,20.0,27.0,22.0,24.0,20.0,14.0,15.0,29.0,19.0,22.0,26.0,15.0,23.0,29.0,29.0,28.0,16.0,20.0,16.0,23.0,26.0,12.0,24.0,36.0,37.0,27.0,28.0,20.0,29.0,14.0,15.0,15.0,27.0,39.0,36.0,38.0,28.0,31.0,30.0,27.0,18.0,13.0,14.0,24.0,8.0,16.0,24.0,18.0,37.0,50.0,37.0,31.0,27.0,29.0,31.0,29.0,10.0,28.0,29.0,17.0,23.0,31.0,25.0,19.0,31.0,23.0,16.0,25.0,17.0,19.0,19.0,25.0,35.0,30.0,24.0,25.0,20.0,26.0,28.0,49.0,20.0,27.0,37.0,33.0,37.0
394668,317,"Harrisonburg, VA",msa,VA,19.0,15.0,17.0,22.0,23.0,20.0,28.0,13.0,16.0,23.0,19.0,14.0,8.0,15.0,27.0,25.0,28.0,15.0,17.0,16.0,22.0,24.0,18.0,13.0,11.0,14.0,23.0,22.0,23.0,23.0,28.0,22.0,45.0,31.0,18.0,16.0,18.0,16.0,24.0,24.0,30.0,33.0,38.0,29.0,34.0,37.0,24.0,33.0,34.0,27.0,40.0,74.0,39.0,74.0,46.0,56.0,68.0,58.0,48.0,47.0,34.0,14.0,39.0,19.0,29.0,31.0,33.0,15.0,21.0,18.0,8.0,27.0,21.0,16.0,12.0,12.0,23.0,18.0,15.0,12.0,23.0,23.0,21.0,23.0,20.0,18.0,26.0,23.0,30.0,35.0,33.0,23.0,28.0,25.0,17.0,29.0,25.0,24.0,17.0,23.0,35.0
395094,319,"Sherman, TX",msa,TX,20.0,19.0,25.0,19.0,21.0,32.0,29.0,28.0,25.0,17.0,15.0,20.0,15.0,17.0,18.0,35.0,27.0,18.0,17.0,20.0,22.0,32.0,35.0,31.0,29.0,30.0,33.0,30.0,37.0,52.0,63.0,55.0,41.0,59.0,19.0,39.0,44.0,37.0,32.0,40.0,28.0,29.0,50.0,24.0,27.0,27.0,28.0,52.0,31.0,34.0,75.0,41.0,56.0,87.0,44.0,55.0,52.0,38.0,53.0,82.0,58.0,79.0,103.0,71.0,75.0,67.0,75.0,71.0,67.0,54.0,39.0,75.0,50.0,46.0,64.0,60.0,71.0,71.0,73.0,67.0,74.0,74.0,56.0,100.0,38.0,60.0,73.0,81.0,93.0,105.0,66.0,87.0,72.0,74.0,54.0,111.0,58.0,76.0,90.0,80.0,80.0
394821,320,"Manhattan, KS",msa,KS,,,,,,,,,,,,,,,,,,,,,,,,,,,,,,,,,,,,,,,,,,,,,,,,,,,,,,,,,,,,,,,,,,,,,,,,,,,,,,,,,,,,,,,,,,,,,,,,,,10.0,7.0,13.0,8.0
394728,323,"Jonesboro, AR",msa,AR,21.0,15.0,21.0,26.0,23.0,26.0,25.0,25.0,20.0,24.0,13.0,20.0,11.0,16.0,23.0,21.0,23.0,25.0,19.0,8.0,17.0,9.0,8.0,16.0,14.0,7.0,21.0,28.0,31.0,20.0,32.0,27.0,13.0,13.0,30.0,29.0,29.0,24.0,31.0,35.0,31.0,30.0,40.0,27.0,35.0,28.0,27.0,33.0,20.0,31.0,29.0,29.0,28.0,27.0,20.0,14.0,18.0,14.0,13.0,16.0,6.0,16.0,23.0,16.0,18.0,35.0,39.0,31.0,20.0,19.0,26.0,16.0,17.0,19.0,26.0,25.0,40.0,28.0,31.0,17.0,26.0,27.0,25.0,29.0,13.0,22.0,22.0,21.0,26.0,33.0,27.0,22.0,26.0,22.0,15.0,29.0,16.0,26.0,12.0,23.0,18.0
394390,324,"Bismarck, ND",msa,ND,,,,,,,,,,,,,,,,,,,,,,,,,,,,,,,,,,,,,,,,,,,,,,,,,,,,,,,,,,,,,,,,,,,,,,,,,,,,,,,,,,,,,,,,,,,,,,,,,,,8.0,8.0,17.0
394661,325,"Hammond, LA",msa,LA,46.0,35.0,49.0,39.0,57.0,48.0,79.0,49.0,43.0,40.0,36.0,45.0,36.0,70.0,73.0,71.0,60.0,50.0,60.0,79.0,53.0,68.0,56.0,44.0,82.0,57.0,60.0,39.0,48.0,68.0,56.0,51.0,46.0,52.0,44.0,40.0,45.0,38.0,41.0,52.0,57.0,52.0,41.0,24.0,26.0,34.0,29.0,38.0,44.0,37.0,40.0,43.0,40.0,48.0,44.0,48.0,30.0,22.0,17.0,30.0,31.0,25.0,52.0,26.0,29.0,25.0,31.0,28.0,34.0,51.0,26.0,37.0,24.0,28.0,34.0,29.0,31.0,28.0,34.0,36.0,25.0,25.0,30.0,25.0,24.0,15.0,23.0,29.0,23.0,29.0,25.0,19.0,30.0,16.0,13.0,22.0,12.0,16.0,38.0,25.0,28.0
395153,329,"The Villages, FL",msa,FL,115.0,104.0,145.0,120.0,185.0,140.0,185.0,162.0,158.0,165.0,136.0,136.0,130.0,133.0,154.0,194.0,205.0,196.0,234.0,257.0,188.0,198.0,178.0,200.0,195.0,188.0,228.0,235.0,83.0,120.0,246.0,211.0,224.0,207.0,185.0,234.0,149.0,199.0,201.0,172.0,143.0,203.0,192.0,168.0,115.0,98.0,102.0,94.0,51.0,82.0,101.0,87.0,54.0,97.0,53.0,78.0,85.0,66.0,78.0,137.0,89.0,40.0,51.0,42.0,35.0,39.0,32.0,31.0,37.0,27.0,23.0,27.0,15.0,11.0,19.0,13.0,10.0,16.0,8.0,11.0,19.0,14.0,17.0,19.0,13.0,9.0,26.0,24.0,21.0,29.0,17.0,30.0,38.0,22.0,23.0,24.0,10.0,18.0,27.0,25.0,8.0
394307,330,"Albany, OR",msa,OR,18.0,32.0,47.0,37.0,35.0,27.0,18.0,18.0,19.0,17.0,16.0,23.0,18.0,10.0,21.0,20.0,16.0,23.0,13.0,33.0,14.0,11.0,15.0,11.0,20.0,19.0,8.0,12.0,9.0,19.0,19.0,20.0,8.0,12.0,8.0,13.0,22.0,24.0,32.0,32.0,23.0,13.0,11.0,15.0,17.0,15.0,14.0,18.0,14.0,23.0,21.0,9.0,7.0,18.0,9.0,7.0,5.0,13.0,18.0,9.0,5.0,14.0,14.0,9.0,13.0,19.0,17.0,19.0,17.0,18.0,18.0,11.0,15.0,26.0,14.0,19.0,14.0,12.0,24.0,23.0,13.0,22.0,17.0,11.0,21.0,25.0,25.0,14.0,22.0,16.0,11.0,19.0,18.0,18.0,14.0,11.0,5.0,13.0,17.0,19.0,26.0
394474,334,"Cleveland, TN",msa,TN,14.0,23.0,30.0,32.0,33.0,27.0,24.0,25.0,18.0,30.0,29.0,23.0,19.0,20.0,24.0,36.0,27.0,32.0,31.0,34.0,16.0,15.0,23.0,24.0,23.0,18.0,32.0,23.0,32.0,36.0,48.0,41.0,32.0,36.0,24.0,56.0,24.0,26.0,34.0,45.0,39.0,48.0,34.0,40.0,36.0,30.0,25.0,47.0,28.0,30.0,53.0,32.0,39.0,46.0,29.0,39.0,55.0,42.0,53.0,63.0,40.0,33.0,51.0,52.0,44.0,43.0,61.0,46.0,48.0,62.0,38.0,33.0,26.0,57.0,40.0,46.0,59.0,59.0,43.0,52.0,60.0,45.0,29.0,60.0,39.0,26.0,57.0,41.0,45.0,43.0,62.0,52.0,54.0,45.0,29.0,52.0,37.0,32.0,74.0,30.0,47.0
395098,335,"Sierra Vista, AZ",msa,AZ,,,,,,,,,,,,8.0,5.0,10.0,9.0,12.0,12.0,18.0,13.0,12.0,12.0,15.0,12.0,10.0,9.0,10.0,14.0,19.0,22.0,20.0,27.0,22.0,18.0,29.0,17.0,14.0,11.0,10.0,27.0,14.0,16.0,18.0,15.0,14.0,16.0,14.0,14.0,13.0,16.0,11.0,16.0,12.0,14.0,17.0,18.0,15.0,31.0,14.0,17.0,24.0,6.0,12.0,17.0,8.0,19.0,36.0,16.0,18.0,22.0,8.0,10.0,14.0,10.0,12.0,23.0,16.0,13.0,24.0,20.0,14.0,12.0,8.0,13.0,15.0,7.0,12.0,16.0,23.0,15.0,18.0,8.0,7.0,13.0,7.0,13.0,9.0,7.0,11.0,16.0,7.0,10.0
394325,336,"Ames, IA",msa,IA,,,,,,,,,,,,,,,,,,,,,,,,,,,,,,,,,,,,,,,,,,,,,,,,,,,,,,,,,,,,,,,,,,,,,,,,,,,,,,,,,,,,,,11.0,12.0,7.0,12.0,13.0,13.0,10.0,7.0,17.0,8.0,5.0,9.0,11.0,10.0,5.0,12.0
395128,338,"Staunton, VA",msa,VA,9.0,10.0,11.0,12.0,5.0,13.0,10.0,14.0,12.0,9.0,13.0,10.0,7.0,16.0,16.0,17.0,23.0,17.0,15.0,14.0,21.0,20.0,26.0,20.0,15.0,17.0,26.0,17.0,22.0,21.0,13.0,21.0,15.0,14.0,20.0,37.0,17.0,15.0,28.0,26.0,18.0,20.0,14.0,11.0,14.0,11.0,24.0,27.0,15.0,12.0,28.0,22.0,15.0,21.0,15.0,11.0,18.0,11.0,12.0,16.0,18.0,14.0,14.0,18.0,18.0,27.0,22.0,20.0,24.0,19.0,12.0,15.0,10.0,18.0,21.0,22.0,23.0,30.0,22.0,31.0,20.0,23.0,21.0,13.0,16.0,26.0,31.0,26.0,21.0,25.0,18.0,21.0,24.0,19.0,34.0,38.0,14.0,17.0,26.0,14.0,23.0
394353,339,"Augusta, ME",msa,ME,,,,,,,,,,,,,,,,,,,,,,,,,,,,,,,,,,,,,,,,,,,,,,,,,,,,,,,,,,,,,,,,,,,,,,,,,,,,,,,,,,,,,,,,,,,,,,,,6.0,5.0,7.0,5.0,11.0,10.0
394905,341,"New Bern, NC",msa,NC,12.0,15.0,19.0,24.0,31.0,25.0,23.0,21.0,13.0,18.0,24.0,21.0,26.0,23.0,30.0,22.0,26.0,24.0,18.0,24.0,28.0,30.0,10.0,21.0,16.0,19.0,22.0,25.0,24.0,36.0,30.0,29.0,32.0,28.0,21.0,40.0,34.0,26.0,60.0,35.0,26.0,45.0,43.0,43.0,32.0,33.0,35.0,40.0,40.0,38.0,54.0,51.0,44.0,45.0,46.0,52.0,51.0,47.0,41.0,44.0,42.0,26.0,39.0,29.0,26.0,35.0,24.0,34.0,54.0,29.0,21.0,25.0,30.0,37.0,50.0,54.0,51.0,29.0,46.0,41.0,41.0,33.0,38.0,43.0,28.0,31.0,49.0,39.0,54.0,51.0,27.0,51.0,56.0,43.0,37.0,49.0,34.0,36.0,43.0,41.0,53.0
395054,344,"San Angelo, TX",msa,TX,19.0,15.0,17.0,23.0,15.0,24.0,17.0,16.0,14.0,10.0,16.0,13.0,8.0,15.0,26.0,18.0,26.0,14.0,23.0,15.0,6.0,10.0,12.0,13.0,11.0,17.0,18.0,20.0,27.0,24.0,39.0,32.0,21.0,31.0,22.0,17.0,15.0,12.0,29.0,22.0,26.0,23.0,22.0,25.0,12.0,16.0,24.0,,99.0,42.0,27.0,35.0,24.0,29.0,21.0,16.0,21.0,9.0,10.0,14.0,14.0,17.0,22.0,13.0,21.0,21.0,23.0,14.0,14.0,5.0,18.0,12.0,10.0,7.0,19.0,31.0,14.0,15.0,19.0,12.0,12.0,14.0,7.0,8.0,5.0,10.0,23.0,23.0,26.0,14.0,32.0,20.0,16.0,19.0,15.0,14.0,11.0,9.0,16.0,25.0,30.0
395218,345,"Wenatchee, WA",msa,WA,23.0,18.0,37.0,38.0,47.0,31.0,23.0,19.0,19.0,24.0,22.0,9.0,21.0,23.0,15.0,26.0,17.0,26.0,26.0,20.0,17.0,28.0,23.0,15.0,23.0,15.0,24.0,27.0,21.0,34.0,50.0,29.0,40.0,39.0,19.0,21.0,20.0,11.0,28.0,36.0,27.0,33.0,42.0,36.0,31.0,28.0,29.0,33.0,28.0,19.0,29.0,27.0,37.0,35.0,25.0,32.0,21.0,16.0,27.0,13.0,17.0,15.0,28.0,22.0,15.0,23.0,6.0,12.0,12.0,13.0,16.0,9.0,14.0,13.0,17.0,16.0,13.0,19.0,17.0,15.0,12.0,11.0,13.0,17.0,14.0,12.0,23.0,14.0,16.0,14.0,11.0,12.0,9.0,20.0,5.0,10.0,13.0,12.0,19.0,19.0,14.0
394949,346,"Owensboro, KY",msa,KY,,,,,,,,,,,,,,,,,,,,,,,,,,,,,,,,,,,,,,,,,,,,,,,,,,,,,,,,,,,,,,,,,,,,,,,,,,,,,,,,,,,,,,,,,,,,,,,,,,,7.0,6.0,8.0
753890,347,"Holland, MI",msa,MI,,,,,,,,,,,,,,,,,,,,,,,,,,,,,,,,,,,,,,,,,,,,,,,,,,,,,,,,,,,,,,,,,,,,,,,,,,,,,,,,,,,,,,,,,,5.0,6.0,14.0,15.0,12.0,6.0,9.0,8.0,13.0,7.0,9.0,9.0
394810,348,"Lumberton, NC",msa,NC,,,,,,,,,,,,,,,,,,,,,,,,,,,,,,,,,,,,,,,,,,,,,,,,,,,,,,,,,,,,,,,,,,,,,,,,,,,,,,,,,,,,,,,,,,,,,,,,,,,,18.0,8.0
394635,350,"Goldsboro, NC",msa,NC,14.0,22.0,37.0,22.0,48.0,31.0,22.0,27.0,32.0,23.0,36.0,14.0,26.0,16.0,21.0,16.0,26.0,16.0,28.0,16.0,20.0,17.0,24.0,22.0,27.0,28.0,42.0,25.0,37.0,28.0,38.0,37.0,36.0,44.0,36.0,34.0,24.0,32.0,27.0,28.0,39.0,24.0,22.0,28.0,19.0,38.0,27.0,25.0,25.0,24.0,47.0,27.0,33.0,40.0,27.0,31.0,19.0,32.0,33.0,19.0,20.0,36.0,43.0,34.0,35.0,27.0,23.0,45.0,28.0,30.0,31.0,27.0,28.0,28.0,54.0,46.0,31.0,42.0,41.0,52.0,35.0,47.0,23.0,41.0,28.0,46.0,48.0,26.0,31.0,68.0,60.0,55.0,68.0,39.0,29.0,45.0,28.0,38.0,32.0,36.0,32.0
395089,352,"Sheboygan, WI",msa,WI,,,,,,,,,,,,,,,,,,,,,,,,,,,,,,,,,,,,,,,,,,,,,,,,,,,,,,,,,,,,,,,,,,,,,,,,,,,,,,,,,,,,,,,,,,,,,,,,,,,,10.0,8.0
394867,354,"Missoula, MT",msa,MT,,,,,,,,,,,,,,,,,,,,,,,,,,,,,,,,,,,,,,,,,,,,,,,,,,,,,,,,,,,,,,,,,,,,,,,,,,,,,,,,,,,,,,,6.0,8.0,8.0,17.0,10.0,11.0,11.0,15.0,16.0,16.0,12.0,12.0,9.0,16.0,25.0
394407,356,"Bozeman, MT",msa,MT,46.0,41.0,54.0,53.0,60.0,64.0,52.0,54.0,48.0,50.0,39.0,51.0,20.0,38.0,57.0,40.0,51.0,48.0,41.0,54.0,45.0,45.0,45.0,48.0,37.0,42.0,66.0,60.0,49.0,67.0,86.0,76.0,116.0,95.0,60.0,48.0,48.0,39.0,42.0,44.0,29.0,39.0,47.0,79.0,50.0,33.0,52.0,38.0,32.0,36.0,34.0,34.0,26.0,39.0,16.0,30.0,19.0,27.0,25.0,40.0,17.0,23.0,33.0,29.0,38.0,36.0,16.0,30.0,24.0,25.0,18.0,25.0,22.0,26.0,30.0,29.0,27.0,35.0,22.0,29.0,23.0,29.0,13.0,33.0,21.0,25.0,43.0,20.0,39.0,33.0,32.0,40.0,17.0,19.0,16.0,26.0,22.0,27.0,33.0,26.0,39.0
394333,357,"Anniston, AL",msa,AL,,,,,,,,,,,,,,,,,,,,,,,,,,,,,,,,,,,,,,,,,,,,,,,,,,,,,,,,,,,,,,,,,,,,,,,,,,,,,,,,,,,,,,,,,,,,,,,,,,,6.0,8.0,9.0
394423,360,"Brunswick, GA",msa,GA,14.0,34.0,46.0,23.0,41.0,42.0,29.0,30.0,29.0,25.0,26.0,18.0,18.0,19.0,38.0,31.0,31.0,27.0,26.0,31.0,24.0,35.0,29.0,29.0,21.0,32.0,31.0,20.0,20.0,28.0,41.0,30.0,46.0,47.0,15.0,15.0,26.0,30.0,40.0,31.0,34.0,31.0,32.0,39.0,45.0,51.0,28.0,50.0,40.0,31.0,46.0,58.0,47.0,49.0,24.0,53.0,25.0,37.0,27.0,29.0,49.0,36.0,41.0,44.0,78.0,35.0,29.0,36.0,38.0,27.0,43.0,45.0,32.0,31.0,30.0,44.0,46.0,26.0,40.0,28.0,27.0,33.0,26.0,32.0,23.0,33.0,44.0,38.0,37.0,37.0,31.0,34.0,32.0,27.0,21.0,29.0,17.0,36.0,29.0,26.0,25.0
395173,361,"Twin Falls, ID",msa,ID,23.0,21.0,23.0,20.0,31.0,30.0,22.0,25.0,17.0,31.0,30.0,17.0,23.0,14.0,19.0,23.0,28.0,22.0,21.0,27.0,27.0,14.0,27.0,30.0,29.0,27.0,47.0,34.0,29.0,32.0,37.0,25.0,40.0,33.0,29.0,47.0,19.0,24.0,18.0,22.0,15.0,23.0,25.0,29.0,19.0,25.0,14.0,18.0,14.0,28.0,28.0,34.0,25.0,21.0,30.0,25.0,21.0,22.0,28.0,25.0,7.0,18.0,31.0,31.0,31.0,18.0,21.0,35.0,17.0,27.0,14.0,18.0,21.0,17.0,17.0,27.0,26.0,34.0,34.0,23.0,29.0,16.0,27.0,31.0,22.0,24.0,28.0,31.0,30.0,20.0,34.0,34.0,25.0,31.0,24.0,26.0,18.0,25.0,39.0,43.0,44.0
753872,361,"California, MD",msa,MD,,,,,,,,,,,,,,,,,,,,,,,,,,,,,,,,,,,,,,,,,,,,,,,,,,,,,,,,,,,,,,,,,,,,,,,,,,,,,,,,,,,,,,,,,,,,,,,,,,,,,12.0
394495,363,"Cookeville, TN",msa,TN,12.0,22.0,23.0,23.0,36.0,30.0,19.0,11.0,20.0,18.0,15.0,16.0,9.0,18.0,26.0,18.0,29.0,21.0,25.0,19.0,18.0,25.0,15.0,14.0,21.0,22.0,23.0,29.0,23.0,30.0,24.0,26.0,25.0,22.0,17.0,30.0,20.0,25.0,40.0,28.0,35.0,21.0,31.0,17.0,20.0,31.0,26.0,19.0,32.0,31.0,45.0,40.0,37.0,26.0,28.0,29.0,50.0,25.0,17.0,19.0,28.0,19.0,32.0,36.0,38.0,30.0,18.0,25.0,25.0,38.0,30.0,25.0,25.0,34.0,49.0,40.0,62.0,37.0,32.0,31.0,37.0,33.0,16.0,41.0,23.0,37.0,30.0,38.0,31.0,45.0,29.0,32.0,36.0,36.0,23.0,19.0,17.0,19.0,29.0,36.0,42.0
394857,365,"Michigan City, IN",msa,IN,,,,,,,,,,,,,,,,,,,,,,,,,,,,,,,,,,,,,,,,,,,,,,,,,,,,,,,,,,,,,,,,,,,,,,,,,,,,,,,,,,,,,,,,,,,,,,,,,,,7.0,8.0,12.0
395039,366,"Roseburg, OR",msa,OR,,,,,,,,,,,,,,,,,,,,,,,,,,,,,,,,,,,,,,,,,,,,,,,,,,,,,,,,,,,,,,,,,,,,,,,,,,,,,,,,,,,,,,,,,,,,,,,,,,,,,6.0
395095,372,"Show Low, AZ",msa,AZ,,,,,,,,,,,,,,,,,,,,,,,,,,,,,,,,,,,,,,,,,,,,,,,,,,,,,,,,,,,,,,,,,,,,,,,,,,,,,,,,,,,,,,,,,,,,,,,,5.0,8.0,6.0,5.0,6.0,6.0
395023,373,"Richmond, KY",msa,KY,16.0,34.0,24.0,20.0,30.0,13.0,20.0,28.0,16.0,23.0,16.0,21.0,16.0,15.0,19.0,20.0,19.0,17.0,19.0,9.0,15.0,16.0,14.0,11.0,19.0,14.0,12.0,21.0,24.0,23.0,25.0,19.0,18.0,17.0,22.0,19.0,16.0,15.0,10.0,14.0,21.0,15.0,27.0,28.0,28.0,27.0,18.0,31.0,19.0,21.0,31.0,27.0,27.0,19.0,24.0,26.0,40.0,28.0,30.0,20.0,15.0,19.0,41.0,35.0,41.0,31.0,31.0,26.0,28.0,23.0,12.0,26.0,11.0,19.0,26.0,49.0,33.0,30.0,28.0,27.0,24.0,24.0,29.0,17.0,22.0,17.0,22.0,31.0,32.0,32.0,26.0,29.0,24.0,30.0,12.0,29.0,13.0,7.0,23.0,34.0,25.0
395168,374,"Tullahoma, TN",msa,TN,18.0,18.0,37.0,20.0,23.0,33.0,25.0,21.0,21.0,27.0,28.0,26.0,13.0,27.0,29.0,29.0,34.0,33.0,31.0,22.0,42.0,22.0,26.0,32.0,34.0,25.0,33.0,39.0,29.0,43.0,35.0,37.0,38.0,43.0,36.0,41.0,20.0,35.0,45.0,45.0,50.0,35.0,42.0,49.0,33.0,38.0,32.0,30.0,29.0,39.0,31.0,46.0,40.0,53.0,30.0,34.0,36.0,22.0,37.0,25.0,24.0,24.0,32.0,44.0,37.0,47.0,49.0,47.0,32.0,48.0,37.0,39.0,29.0,50.0,54.0,66.0,50.0,62.0,40.0,43.0,27.0,24.0,25.0,42.0,25.0,38.0,39.0,48.0,34.0,35.0,32.0,34.0,44.0,25.0,40.0,41.0,24.0,32.0,36.0,36.0,50.0
395222,375,"Whitewater, WI",msa,WI,,,,,,,,,,,,,,,,,,,,,,,,,,,,,,,,,,,,,,,,,,,,,,,,,,,,,,,,,,,,,,,10.0,11.0,5.0,12.0,12.0,15.0,15.0,14.0,6.0,6.0,5.0,11.0,19.0,8.0,18.0,12.0,11.0,20.0,10.0,10.0,9.0,13.0,7.0,6.0,10.0,7.0,23.0,13.0,11.0,6.0,10.0,22.0,20.0,12.0,10.0,11.0,9.0,14.0,11.0
394762,379,"LaGrange, GA",msa,GA,,16.0,27.0,22.0,19.0,22.0,13.0,19.0,19.0,15.0,15.0,17.0,12.0,14.0,15.0,17.0,18.0,26.0,23.0,20.0,25.0,17.0,28.0,18.0,17.0,15.0,36.0,24.0,29.0,34.0,43.0,27.0,22.0,43.0,32.0,40.0,10.0,21.0,31.0,28.0,25.0,36.0,21.0,17.0,16.0,33.0,29.0,24.0,6.0,19.0,24.0,15.0,24.0,13.0,19.0,28.0,33.0,12.0,12.0,17.0,12.0,19.0,20.0,15.0,29.0,18.0,14.0,22.0,20.0,19.0,15.0,16.0,13.0,25.0,24.0,23.0,35.0,21.0,27.0,31.0,34.0,20.0,19.0,40.0,18.0,25.0,29.0,30.0,35.0,33.0,24.0,45.0,22.0,19.0,22.0,29.0,13.0,25.0,39.0,25.0,24.0
394630,382,"Gettysburg, PA",msa,PA,,,,,,,,,,,,,,,,,,,,,,,,,,,,,,,,,,,,,,,,,,,,,,,,,,,,,,,,,,,,,,,,,,,,,,,,,,,,,,,,,,,,,,13.0,10.0,8.0,12.0,10.0,10.0,24.0,9.0,13.0,9.0,15.0,14.0,14.0,16.0,12.0,13.0
394620,383,"Gadsden, AL",msa,AL,,,,,,,,,,,,,,,,,,,,,,,,,,,,,,,,,,,,,,,,,,,,,,,,,,,,,,,,,,,,,,,,,,,,,,,,,,,,,,,,,,,,,,,,,,,,,,,,,,,,,6.0
394733,384,"Kalispell, MT",msa,MT,,,,,,,,,,,,,,,,,,,,,,,,,,,,,,,,,,,,,,,,,,,,,,,,,,,,,,,,,,,,,,,,,,,,,,,,,,,,,,,,,,,,,,,,,,,,,,,,,,12.0,13.0,11.0,17.0
395080,390,"Sebring, FL",msa,FL,,,,,,,,,,,5.0,6.0,5.0,8.0,8.0,6.0,18.0,9.0,14.0,8.0,9.0,10.0,5.0,11.0,16.0,9.0,10.0,16.0,5.0,13.0,16.0,20.0,17.0,15.0,15.0,14.0,12.0,43.0,35.0,33.0,23.0,19.0,14.0,17.0,17.0,26.0,18.0,15.0,22.0,20.0,23.0,23.0,21.0,25.0,22.0,20.0,18.0,14.0,22.0,26.0,16.0,19.0,33.0,34.0,33.0,36.0,26.0,32.0,27.0,30.0,20.0,18.0,38.0,31.0,38.0,29.0,29.0,29.0,27.0,32.0,33.0,36.0,38.0,29.0,29.0,23.0,33.0,30.0,35.0,21.0,35.0,23.0,20.0,31.0,28.0,23.0,24.0,22.0,27.0,25.0,27.0
394462,391,"Cheyenne, WY",msa,WY,13.0,24.0,35.0,38.0,37.0,23.0,32.0,28.0,35.0,28.0,27.0,16.0,18.0,32.0,27.0,27.0,27.0,32.0,27.0,22.0,21.0,19.0,18.0,17.0,11.0,16.0,25.0,21.0,23.0,28.0,39.0,23.0,28.0,43.0,31.0,26.0,23.0,27.0,24.0,30.0,29.0,30.0,21.0,27.0,23.0,37.0,41.0,34.0,17.0,28.0,34.0,33.0,30.0,26.0,23.0,19.0,17.0,18.0,18.0,10.0,13.0,8.0,16.0,10.0,18.0,24.0,16.0,14.0,23.0,17.0,13.0,10.0,11.0,8.0,21.0,10.0,29.0,23.0,22.0,19.0,17.0,16.0,18.0,19.0,11.0,20.0,14.0,21.0,20.0,15.0,10.0,18.0,19.0,17.0,9.0,16.0,12.0,9.0,20.0,23.0,20.0
394689,392,"Hot Springs, AR",msa,AR,,,,,,,,,,,,,,,,,,,,,,,,,,,,,,,,,,,,,,,,,,,,,,,,,,,,,,,,,,,,,,,,,,,,,,,,,,,,,,,,,,,,,,,,,,,,,,,,,,,5.0,5.0,6.0
395090,394,"Shelby, NC",msa,NC,,,,,,,,,,,,,,,,,,,,,,,,,,,,,,,,,,,,,,,,,,,,,,,,,,,,,,,,,,,,,,22.0,19.0,16.0,36.0,24.0,21.0,24.0,21.0,19.0,18.0,10.0,10.0,21.0,25.0,26.0,33.0,26.0,16.0,22.0,24.0,14.0,15.0,14.0,14.0,29.0,24.0,22.0,22.0,29.0,35.0,22.0,20.0,16.0,15.0,12.0,12.0,14.0,24.0,29.0,24.0
394542,396,"Dubuque, IA",msa,IA,,,,,,,,,,,,,,,,,,,,,,,,,,,,,,,,,,,,,,,,,,,,,,,,,,,,,,,,,,,,,,,,,,,,,,,,,,,,,,,,,,,,,,,,,,,,,,,,,,,,,5.0
753912,398,"Pinehurst, NC",msa,NC,55.0,46.0,65.0,80.0,77.0,65.0,74.0,58.0,36.0,54.0,49.0,47.0,31.0,44.0,66.0,81.0,77.0,59.0,62.0,56.0,44.0,47.0,35.0,41.0,43.0,60.0,65.0,55.0,49.0,55.0,99.0,83.0,66.0,61.0,65.0,67.0,63.0,68.0,90.0,79.0,56.0,78.0,55.0,46.0,67.0,44.0,55.0,63.0,60.0,55.0,63.0,72.0,60.0,45.0,32.0,53.0,44.0,49.0,46.0,74.0,42.0,53.0,95.0,62.0,85.0,91.0,52.0,43.0,56.0,60.0,51.0,62.0,47.0,63.0,79.0,97.0,86.0,81.0,81.0,65.0,46.0,56.0,42.0,59.0,41.0,45.0,56.0,67.0,100.0,61.0,81.0,54.0,45.0,56.0,56.0,54.0,41.0,44.0,55.0,72.0,81.0
395038,401,"Rome, GA",msa,GA,,,,,,,,,,,,,,,,,,,,,,,,,,,,,,,,,,,,,,,,,,,,,,,,,,,,,,,,,,,,,,,,,,,,,,,,,,5.0,13.0,14.0,7.0,6.0,17.0,9.0,16.0,7.0,9.0,8.0,11.0,13.0,15.0,11.0,12.0,9.0,9.0,16.0,13.0,14.0,9.0,26.0,11.0,11.0,22.0,11.0,17.0
395086,402,"Sevierville, TN",msa,TN,19.0,22.0,35.0,20.0,29.0,25.0,24.0,32.0,25.0,38.0,25.0,30.0,26.0,32.0,39.0,46.0,48.0,48.0,34.0,45.0,43.0,37.0,47.0,57.0,42.0,49.0,48.0,41.0,37.0,39.0,46.0,46.0,46.0,43.0,31.0,38.0,36.0,37.0,40.0,40.0,36.0,41.0,45.0,38.0,47.0,41.0,49.0,56.0,50.0,47.0,50.0,55.0,48.0,58.0,61.0,69.0,65.0,79.0,59.0,77.0,42.0,65.0,53.0,52.0,63.0,53.0,55.0,77.0,60.0,72.0,70.0,69.0,42.0,29.0,53.0,51.0,39.0,48.0,43.0,49.0,57.0,64.0,85.0,99.0,40.0,33.0,48.0,77.0,66.0,53.0,67.0,53.0,58.0,79.0,73.0,85.0,19.0,28.0,32.0,34.0,41.0
394882,403,"Moses Lake, WA",msa,WA,17.0,8.0,18.0,31.0,25.0,26.0,21.0,31.0,13.0,15.0,19.0,16.0,14.0,16.0,28.0,36.0,33.0,22.0,34.0,45.0,25.0,20.0,20.0,12.0,22.0,26.0,44.0,20.0,22.0,27.0,43.0,37.0,37.0,30.0,30.0,52.0,42.0,29.0,31.0,37.0,34.0,26.0,42.0,48.0,38.0,36.0,18.0,28.0,21.0,12.0,27.0,24.0,31.0,30.0,12.0,24.0,35.0,30.0,29.0,16.0,12.0,12.0,27.0,23.0,29.0,36.0,24.0,39.0,37.0,34.0,35.0,36.0,15.0,18.0,30.0,26.0,25.0,20.0,15.0,24.0,24.0,32.0,20.0,33.0,25.0,10.0,20.0,24.0,29.0,31.0,31.0,35.0,26.0,20.0,26.0,27.0,5.0,11.0,21.0,24.0,24.0
394441,405,"Cape Girardeau, MO",msa,MO,,,,,,,,,,,,,,,,,,,,,,,,,,,,,,,,,,,,,,,,,,,,,,,,,,,,,,,,,,,,,,,,,,,,,,,,,,,,,,,,,,,,,,,,,,,,,,,,,,,7.0,9.0,7.0
394311,406,"Albertville, AL",msa,AL,,,,,,,,,,,,,,,,,,,,,,,,,,,,,,,,,,,,,,,,,,,,,,,10.0,9.0,8.0,13.0,19.0,17.0,18.0,24.0,14.0,12.0,7.0,12.0,5.0,11.0,11.0,5.0,10.0,20.0,14.0,9.0,13.0,10.0,15.0,11.0,8.0,9.0,12.0,10.0,14.0,9.0,20.0,13.0,12.0,19.0,22.0,17.0,19.0,10.0,13.0,12.0,13.0,15.0,12.0,11.0,19.0,14.0,11.0,10.0,11.0,13.0,9.0,6.0,17.0,11.0,12.0
394410,408,"Brainerd, MN",msa,MN,,,,,,,,,,,,,,,,,,,,,,,,,,,,,,,,,,,,,,,,,,,,,,,,,,,,,,,,,,,,,,,,,,,,,,,,,,,,,,,,,,,,,,,,,,,,,,,,,7.0,9.0,12.0,9.0,11.0
394928,410,"Ocean City, NJ",msa,NJ,33.0,20.0,36.0,24.0,35.0,47.0,25.0,33.0,23.0,38.0,28.0,27.0,19.0,14.0,30.0,27.0,29.0,30.0,26.0,25.0,22.0,25.0,17.0,20.0,30.0,19.0,24.0,24.0,25.0,43.0,45.0,35.0,34.0,33.0,32.0,26.0,34.0,27.0,31.0,30.0,30.0,41.0,31.0,22.0,40.0,14.0,22.0,26.0,23.0,27.0,19.0,24.0,26.0,20.0,25.0,21.0,22.0,18.0,30.0,19.0,15.0,19.0,20.0,33.0,44.0,27.0,25.0,29.0,31.0,29.0,18.0,27.0,34.0,30.0,34.0,24.0,33.0,19.0,32.0,44.0,24.0,26.0,15.0,24.0,27.0,34.0,17.0,36.0,32.0,45.0,23.0,46.0,46.0,51.0,43.0,35.0,36.0,22.0,24.0,33.0,45.0
394505,411,"Corvallis, OR",msa,OR,,,,,,,,,,,,,,,,,,,,,,,,,,,,,,,,,,,,,,,,,,,,,,,,,,,,,,,,,,,,,,,,,,,,,,,,,,,,,,,,,,,,,,,,,,,,,,,,,,,,6.0,5.0
394988,412,"Pocatello, ID",msa,ID,,,,,,,,,,,,,,,,,,,,,,,,,,,,,,,,,,,,,,,,,,,,,,,,,,,,,,,,,,,,,,,,,,,,,,,,,,,,,,,,,,,,,,,,,,,,,,,,,,,,5.0,6.0
753887,417,"Hermiston, OR",msa,OR,,,,,,,,,,,,,,,,,,,,,,,,,,,7.0,14.0,15.0,18.0,16.0,15.0,11.0,27.0,14.0,6.0,12.0,6.0,15.0,16.0,14.0,11.0,13.0,11.0,9.0,18.0,16.0,10.0,12.0,12.0,19.0,24.0,19.0,19.0,11.0,13.0,21.0,21.0,18.0,11.0,14.0,12.0,15.0,15.0,11.0,13.0,19.0,20.0,16.0,28.0,15.0,16.0,18.0,17.0,10.0,18.0,24.0,20.0,18.0,15.0,14.0,21.0,21.0,14.0,18.0,19.0,16.0,27.0,21.0,14.0,19.0,18.0,18.0,12.0,12.0,28.0,22.0,17.0,15.0,19.0,16.0
394469,418,"Clarksburg, WV",msa,WV,,,,,,,,,,,,,,,,,,,,,,,,,,,,,,,,,,,,,,,,,,,,,,,,,,,,,,,,,,,,,,,,,,,,,,,,,,,,,,,,,,,,,,,,,,,,,,,,,,,,,6.0
394373,420,"Beaver Dam, WI",msa,WI,,,,,,,,,,,,,,,,,,,,,,,,,,,,,,,,,,,,,,,,,,,,,,,,,,,,,,,,,,,,,,,,,,,,,,,,,,,,,,,,,,,,,,,,,,,,,,,,,,,,,7.0
394511,424,"Cullman, AL",msa,AL,,10.0,12.0,5.0,5.0,12.0,7.0,5.0,11.0,8.0,12.0,10.0,12.0,6.0,10.0,15.0,14.0,27.0,16.0,21.0,9.0,20.0,22.0,16.0,22.0,10.0,14.0,16.0,15.0,25.0,26.0,24.0,21.0,23.0,17.0,18.0,15.0,12.0,17.0,20.0,23.0,21.0,14.0,16.0,23.0,22.0,18.0,29.0,16.0,21.0,49.0,29.0,24.0,34.0,32.0,39.0,25.0,35.0,38.0,34.0,16.0,25.0,20.0,17.0,33.0,47.0,37.0,24.0,36.0,19.0,32.0,30.0,23.0,27.0,43.0,25.0,26.0,27.0,16.0,24.0,19.0,18.0,10.0,23.0,14.0,12.0,19.0,26.0,21.0,26.0,17.0,18.0,25.0,21.0,18.0,18.0,7.0,24.0,19.0,20.0,23.0
394942,429,"Orangeburg, SC",msa,SC,,,,,,,,,,,,,,,,,,,,,,,,,,,,,,,,,,,,,,,,,,,,,,,,,,,,,,,,,,,,,,,,,,,,,,,10.0,12.0,7.0,8.0,14.0,9.0,9.0,17.0,17.0,18.0,18.0,5.0,14.0,17.0,11.0,12.0,17.0,13.0,8.0,21.0,17.0,18.0,18.0,11.0,9.0,12.0,12.0,12.0,12.0,7.0,14.0
394941,440,"Opelousas, LA",msa,LA,,,,,,,,,,,,,,,,,,,,,,,,,,,,,,,,,,,,,,,,,,,,,,,,,,,,,,,,,,,,,,,,,,,,,,,,,,,,,,,,,,,,,,,,,,,,,,,,,,,,,6.0
394675,441,"Helena, MT",msa,MT,,,,,,,,,,,,,8.0,8.0,8.0,8.0,10.0,12.0,16.0,11.0,9.0,13.0,14.0,5.0,8.0,8.0,11.0,10.0,15.0,15.0,13.0,17.0,14.0,9.0,13.0,16.0,12.0,7.0,11.0,9.0,13.0,8.0,16.0,12.0,11.0,13.0,14.0,26.0,10.0,13.0,18.0,17.0,34.0,16.0,17.0,18.0,13.0,13.0,13.0,15.0,11.0,12.0,24.0,25.0,24.0,19.0,7.0,24.0,14.0,15.0,20.0,15.0,6.0,13.0,21.0,14.0,14.0,14.0,13.0,9.0,10.0,12.0,15.0,17.0,13.0,13.0,8.0,8.0,10.0,12.0,7.0,8.0,12.0,13.0,6.0,10.0,7.0,8.0,7.0,10.0,12.0
394744,442,"Key West, FL",msa,FL,,,,,,,,,,,,,,,,,,,,,,,,,,,,,,,,,,,,,,,,,,,,,,,,,,,,,,,,,,,,,,,,,,,,,,,,,,,,,,,,,,,,,,,,,,,,,,12.0,7.0,14.0,11.0,8.0,10.0,11.0,17.0
395145,443,"Talladega, AL",msa,AL,,,,,,,,,,,,,,,,,,,,,,,,,,,,,,,,,,,,,,,,,,,,,,,,,,,,,,,,,,,,,,,,,,,,,,6.0,9.0,12.0,5.0,14.0,11.0,13.0,12.0,13.0,11.0,22.0,15.0,24.0,14.0,21.0,13.0,16.0,31.0,21.0,13.0,21.0,24.0,19.0,8.0,17.0,20.0,13.0,23.0,12.0,20.0,15.0,27.0
395133,444,"Stillwater, OK",msa,OK,,,,,,,,,,,,,,,,,,,,,,,,,,,,,,,,,,,,,,,,,,18.0,7.0,16.0,14.0,12.0,20.0,16.0,12.0,13.0,24.0,9.0,21.0,19.0,20.0,14.0,20.0,9.0,6.0,11.0,17.0,17.0,9.0,31.0,18.0,23.0,13.0,18.0,24.0,17.0,6.0,14.0,10.0,12.0,19.0,27.0,33.0,25.0,29.0,15.0,19.0,14.0,13.0,19.0,10.0,16.0,33.0,33.0,26.0,10.0,27.0,19.0,17.0,10.0,9.0,18.0,6.0,22.0,17.0,21.0,18.0
394345,446,"Athens, TX",msa,TX,,,,,,,,,,,,,,,,,,,,,,,,,,,,,,13.0,13.0,9.0,8.0,6.0,11.0,10.0,5.0,14.0,13.0,9.0,9.0,10.0,8.0,15.0,15.0,18.0,13.0,11.0,16.0,26.0,28.0,24.0,21.0,25.0,30.0,27.0,16.0,10.0,20.0,16.0,10.0,15.0,17.0,12.0,28.0,19.0,23.0,31.0,25.0,14.0,20.0,11.0,13.0,15.0,26.0,27.0,26.0,18.0,24.0,33.0,32.0,25.0,16.0,28.0,7.0,21.0,13.0,13.0,23.0,22.0,18.0,16.0,13.0,25.0,14.0,12.0,11.0,8.0,19.0,23.0,21.0
394452,447,"Centralia, WA",msa,WA,,,,,,,,,,,,,,,,,,,,,,,,,,,,,,,,,,,,,,,,,,,,,,,,,,,,,,,,,,,,,,,,,,,,,,,,,,,,,,,,,,,,,7.0,6.0,9.0,9.0,6.0,8.0,14.0,12.0,18.0,11.0,12.0,26.0,8.0,8.0,8.0,10.0,18.0
394682,449,"Hinesville, GA",msa,GA,23.0,23.0,28.0,31.0,22.0,35.0,34.0,27.0,33.0,37.0,31.0,32.0,23.0,26.0,23.0,33.0,44.0,45.0,51.0,29.0,22.0,32.0,27.0,46.0,23.0,37.0,37.0,35.0,46.0,54.0,45.0,56.0,38.0,47.0,40.0,57.0,57.0,48.0,71.0,63.0,54.0,75.0,71.0,51.0,93.0,80.0,70.0,133.0,46.0,61.0,82.0,69.0,57.0,77.0,56.0,70.0,52.0,57.0,40.0,62.0,46.0,46.0,64.0,49.0,53.0,62.0,57.0,72.0,74.0,58.0,62.0,92.0,42.0,68.0,70.0,70.0,63.0,74.0,68.0,68.0,61.0,64.0,40.0,49.0,29.0,27.0,38.0,36.0,38.0,40.0,65.0,52.0,55.0,57.0,50.0,73.0,35.0,59.0,70.0,66.0,55.0
395205,451,"Warsaw, IN",msa,IN,,,,,,,,,,,,,,,,,,,,,,,,,,,,,,,,,,,,,,,,,,,,,,,,,,,,,,,,,,,,,,,,,,,,,,,,,,,,,,,,,,,,,,,,,,,,,,,,,,,,,5.0
395126,453,"Statesboro, GA",msa,GA,32.0,27.0,48.0,34.0,19.0,36.0,49.0,85.0,10.0,33.0,35.0,23.0,35.0,28.0,62.0,33.0,78.0,59.0,42.0,28.0,31.0,34.0,35.0,40.0,16.0,39.0,47.0,45.0,34.0,40.0,25.0,35.0,36.0,51.0,27.0,33.0,24.0,36.0,54.0,30.0,25.0,25.0,24.0,34.0,18.0,38.0,40.0,44.0,26.0,27.0,60.0,49.0,47.0,50.0,35.0,24.0,22.0,28.0,19.0,19.0,24.0,18.0,36.0,39.0,30.0,23.0,19.0,27.0,26.0,34.0,26.0,20.0,27.0,29.0,48.0,27.0,25.0,32.0,41.0,23.0,29.0,22.0,23.0,20.0,11.0,17.0,21.0,19.0,30.0,26.0,23.0,25.0,26.0,13.0,19.0,33.0,8.0,,50.0,35.0,47.0
395231,455,"Wilson, NC",msa,NC,12.0,18.0,22.0,21.0,26.0,30.0,17.0,20.0,10.0,13.0,14.0,15.0,8.0,12.0,20.0,17.0,17.0,16.0,22.0,19.0,12.0,11.0,9.0,9.0,14.0,12.0,13.0,16.0,23.0,22.0,15.0,17.0,19.0,12.0,15.0,15.0,12.0,20.0,15.0,14.0,21.0,19.0,9.0,21.0,18.0,7.0,12.0,12.0,22.0,5.0,17.0,14.0,12.0,18.0,10.0,19.0,20.0,15.0,10.0,13.0,5.0,11.0,17.0,18.0,16.0,23.0,13.0,14.0,17.0,14.0,20.0,16.0,27.0,23.0,14.0,23.0,28.0,17.0,11.0,19.0,26.0,13.0,22.0,23.0,26.0,32.0,26.0,19.0,12.0,26.0,20.0,19.0,24.0,21.0,11.0,20.0,11.0,21.0,19.0,10.0,21.0
753881,456,"Glenwood Springs, CO",msa,CO,,,,,,,,,,,,,,,,,,,,,,,,,,,,,,,,,,,,,,,,,,,,,,,,,,,,,,,,,,,,,,,,,,,,,,,,,,,,,,,,,,,,,,,,,,,,,,,,,6.0,5.0,5.0,9.0,5.0
395085,457,"Seneca, SC",msa,SC,7.0,9.0,6.0,11.0,7.0,7.0,5.0,9.0,10.0,7.0,10.0,7.0,6.0,12.0,13.0,6.0,15.0,12.0,9.0,14.0,11.0,15.0,15.0,10.0,15.0,15.0,22.0,23.0,19.0,9.0,14.0,14.0,9.0,11.0,13.0,12.0,10.0,11.0,13.0,15.0,9.0,10.0,9.0,17.0,14.0,11.0,10.0,10.0,9.0,15.0,16.0,18.0,23.0,27.0,17.0,26.0,20.0,22.0,20.0,21.0,22.0,32.0,38.0,34.0,24.0,17.0,17.0,24.0,19.0,21.0,16.0,22.0,14.0,22.0,34.0,16.0,17.0,22.0,23.0,19.0,22.0,25.0,12.0,21.0,15.0,15.0,21.0,11.0,19.0,20.0,29.0,20.0,24.0,18.0,16.0,24.0,12.0,18.0,25.0,27.0,25.0
395077,461,"Searcy, AR",msa,AR,,,,,,,,,,,,,,,,,,,,,,,,,,,,,,,,,,,,,,,,,,,,,,,,,,,,,,,,,,,,,,,,,,,,,,,,,,,,,,,,,,,,,,12.0,8.0,9.0,10.0,10.0,14.0,12.0,17.0,13.0,11.0,12.0,14.0,13.0,9.0,14.0,17.0
394994,463,"Port Angeles, WA",msa,WA,,,,,,,,,,,,,,,,,,,,,,,,,,,,,,,,,,,,,,,,,,,,,,,,,,,,,,,,,,,,,,,,,,,,,,,,,,,,,,,,,,,,,,,,,,,,,,,,,6.0,9.0,7.0,8.0,17.0
394699,465,"Huntsville, TX",msa,TX,,,,,,,,,,,,,,,,,,,,,,,,,,,,,,,,,,,,,,,,,,,,,,,,,13.0,17.0,25.0,21.0,24.0,34.0,18.0,16.0,26.0,20.0,21.0,19.0,8.0,20.0,16.0,14.0,29.0,19.0,17.0,16.0,19.0,18.0,27.0,16.0,18.0,28.0,15.0,19.0,22.0,21.0,8.0,10.0,13.0,14.0,8.0,12.0,15.0,7.0,28.0,10.0,12.0,13.0,16.0,13.0,15.0,8.0,8.0,10.0,10.0,8.0,14.0,16.0,20.0
394738,466,"Keene, NH",msa,NH,,,,,,,,,,,,,,,,,,,,,,,,,,,,,,,,,,,,,,,,,,,,,,,,,,,,,,,,,,,,,,,,,,,,,,,,,,,,,,,,,,,,,,,,,,,,,,,,,,,,,5.0
394674,467,"Heber, UT",msa,UT,26.0,37.0,48.0,50.0,37.0,26.0,22.0,37.0,43.0,41.0,26.0,23.0,20.0,16.0,27.0,30.0,37.0,32.0,51.0,39.0,43.0,36.0,57.0,67.0,55.0,26.0,42.0,36.0,31.0,53.0,54.0,59.0,78.0,116.0,79.0,130.0,80.0,42.0,63.0,55.0,56.0,75.0,51.0,59.0,72.0,60.0,75.0,113.0,93.0,113.0,82.0,68.0,65.0,83.0,42.0,86.0,78.0,74.0,71.0,67.0,35.0,48.0,49.0,41.0,47.0,60.0,48.0,58.0,60.0,63.0,66.0,61.0,48.0,58.0,62.0,53.0,61.0,37.0,53.0,54.0,65.0,70.0,54.0,,53.0,64.0,57.0,46.0,59.0,51.0,52.0,48.0,64.0,67.0,79.0,91.0,43.0,40.0,52.0,42.0,62.0
394614,471,"Frankfort, KY",msa,KY,,,,,,,,,,,,,,,,,,,,,,,,,,,,,,,,,,,,,,,,,,,,,,,,,,,,,,,,,,,,,,,,,,,,,,,,,,,,,,,,,,,,,,,,,,,,,,,,,,,,,5.0
394298,473,"Aberdeen, WA",msa,WA,,,,,,,,,,,,,,,,,,,,,,,,,,,,,,,,,,,,,,,,,,,,,,,,,,,,,,,,,,,,,,,,,,,,,,,,,,,,,,,,,,,,,,,,,,,,,,,,,8.0,8.0,10.0,5.0,6.0
753893,477,"Jefferson, GA",msa,GA,64.0,90.0,147.0,115.0,119.0,126.0,117.0,94.0,85.0,84.0,73.0,87.0,60.0,88.0,100.0,84.0,99.0,131.0,86.0,102.0,72.0,98.0,94.0,146.0,83.0,91.0,128.0,111.0,101.0,146.0,138.0,93.0,118.0,99.0,82.0,146.0,85.0,136.0,151.0,115.0,96.0,94.0,103.0,67.0,102.0,101.0,107.0,105.0,89.0,103.0,121.0,128.0,104.0,126.0,119.0,97.0,70.0,75.0,38.0,122.0,76.0,88.0,136.0,122.0,127.0,133.0,105.0,76.0,100.0,129.0,79.0,92.0,56.0,87.0,108.0,108.0,110.0,84.0,71.0,64.0,93.0,93.0,82.0,88.0,62.0,78.0,82.0,63.0,65.0,87.0,66.0,68.0,64.0,78.0,55.0,81.0,50.0,56.0,90.0,76.0,74.0
394683,481,"Hobbs, NM",msa,NM,,,,,,,,,,,,,,,,,,,,,,,,,,,,,,,,,,,,,,,,,,,,,,,,,,,,,,,,,,,,,,,,,,,,,,,,,,,,,,,,,,,,,,,,,,,,,,,,,,7.0,5.0,11.0,7.0
395088,482,"Shawnee, OK",msa,OK,,,,,,,,,,,,,,,,,,,,,,,,,,,,,,,,,,,,,,,,,,,,,,,,,,,,,,,,13.0,11.0,11.0,5.0,11.0,,9.0,16.0,7.0,20.0,19.0,6.0,9.0,9.0,14.0,11.0,10.0,11.0,7.0,17.0,8.0,18.0,13.0,11.0,7.0,6.0,15.0,10.0,15.0,11.0,15.0,14.0,19.0,15.0,14.0,18.0,21.0,18.0,12.0,13.0,19.0,12.0,23.0,18.0,22.0,15.0
786258,483,"Fort Payne, AL",msa,AL,,,,,,,,,,,,,,,,,,,,,,,,,,,,,,,,,,,,,,,,,,,,,,,,,,,,,,,,,,,,,,,,,,,,,,,,,,,,,,,,,,,,,,,,,,,,,,,,,,,,,10.0
395132,485,"Stevens Point, WI",msa,WI,,,,,,,,,,,,,,,,,,,,,,,,,,,,,,,,,,,,,,,,,,,,,,,,,,,,,,,,,,,,,,,,,,,,,,,,,,,,,,,,,,,,,,,,,,,,,,,,,,,,,9.0
394655,488,"Greenwood, SC",msa,SC,,,,,,,,,,,,,,,,,,,,,,,,,,,,,,,,,,,,,,,,,,,,,,,,,,,,,,,,,,,,,,,,,,,,,,,,,8.0,5.0,11.0,9.0,11.0,13.0,11.0,11.0,5.0,5.0,6.0,13.0,7.0,10.0,13.0,19.0,23.0,23.0,19.0,15.0,31.0,12.0,15.0,10.0,7.0,16.0,20.0,11.0,19.0
394877,491,"Morehead City, NC",msa,NC,34.0,25.0,31.0,16.0,22.0,24.0,27.0,34.0,6.0,25.0,16.0,11.0,14.0,38.0,17.0,19.0,34.0,27.0,32.0,26.0,13.0,26.0,15.0,19.0,15.0,28.0,27.0,20.0,23.0,26.0,36.0,28.0,44.0,23.0,22.0,36.0,25.0,29.0,32.0,51.0,58.0,49.0,29.0,26.0,34.0,17.0,20.0,35.0,22.0,26.0,45.0,38.0,27.0,27.0,31.0,27.0,28.0,27.0,32.0,39.0,32.0,34.0,37.0,22.0,36.0,32.0,30.0,36.0,38.0,24.0,25.0,21.0,15.0,20.0,28.0,20.0,37.0,40.0,19.0,18.0,17.0,21.0,13.0,39.0,14.0,24.0,24.0,36.0,44.0,25.0,27.0,28.0,24.0,15.0,18.0,22.0,10.0,7.0,21.0,30.0,24.0
394360,505,"Baraboo, WI",msa,WI,,,,,,,,,,,,,,,,,,,,,,,,,,,,,,,,,,,,,,,,,,,,,,,,,,,,,,,,,,,,,,,,,,,,,,,,,,,,,,,,,,,,,,,,,,,,,,,,,,,,5.0,8.0
394787,518,"Lewiston, ID",msa,ID,,,,,,,,,,,,,,,,,,,,,,,,,,,,,,,,,,,,,,,,,,,,,,,,,,,,,,,,,,,,,,,,,,,,,,,,,,,,,,,,,,,,,,,,,,,,,,,,,,,5.0,8.0,6.0
394759,519,"Laconia, NH",msa,NH,,,,,,,,,,,,,,,,,,,,,,,,,,,,,,,,,,,,,,,,,,,,,,,,,,,,,,,,,,,,,,,,,,,,,,,,,,,,,,,,,,,,,,,,,,,,,,,,,,,,6.0,13.0
394629,520,"Georgetown, SC",msa,SC,22.0,11.0,21.0,15.0,16.0,15.0,33.0,34.0,6.0,33.0,21.0,8.0,24.0,20.0,28.0,31.0,13.0,23.0,22.0,11.0,25.0,19.0,29.0,19.0,15.0,17.0,24.0,34.0,16.0,28.0,33.0,40.0,37.0,24.0,31.0,29.0,35.0,55.0,58.0,60.0,38.0,64.0,57.0,50.0,51.0,43.0,44.0,37.0,58.0,35.0,64.0,50.0,51.0,63.0,29.0,60.0,51.0,38.0,15.0,19.0,25.0,20.0,23.0,33.0,36.0,29.0,16.0,21.0,30.0,19.0,6.0,9.0,16.0,16.0,32.0,34.0,18.0,15.0,25.0,21.0,22.0,31.0,10.0,9.0,5.0,9.0,24.0,10.0,16.0,16.0,13.0,18.0,20.0,14.0,13.0,16.0,12.0,15.0,18.0,22.0,19.0
395063,522,"Sanford, NC",msa,NC,,,,,,,,,,,,,,,,,,,,,,,13.0,23.0,16.0,22.0,18.0,22.0,26.0,21.0,26.0,21.0,29.0,33.0,19.0,24.0,25.0,13.0,28.0,12.0,26.0,31.0,24.0,23.0,35.0,32.0,25.0,20.0,17.0,16.0,10.0,17.0,19.0,22.0,13.0,23.0,21.0,17.0,11.0,17.0,22.0,20.0,29.0,31.0,19.0,35.0,19.0,25.0,18.0,20.0,27.0,33.0,33.0,31.0,50.0,32.0,43.0,49.0,33.0,50.0,49.0,50.0,43.0,55.0,39.0,54.0,51.0,46.0,50.0,70.0,45.0,48.0,62.0,43.0,37.0,36.0,25.0,31.0,47.0,29.0,45.0
395199,525,"Walla Walla, WA",msa,WA,,,,,,,,,,,,,,,,,,,,,,,,,,,,,,,,,,,,,,,,,,,,,,,,,,,,,,,,,,,,,,,,,,,,,,,,,,,,,,,,,,,,,,,,,,,,,,,,,,6.0,7.0,9.0,9.0
394309,526,"Albemarle, NC",msa,NC,,,,,,,,,,,,,,,,,,,,,,,,,,,,,,,,,,,,,,,,,,,,,,,,,,,,,,,,,,,,,,,,,,,,,,,,,,,,,,,,,,,,,,,,,,,,,,16.0,17.0,15.0,9.0,21.0,12.0,26.0,22.0
394443,530,"Carlsbad, NM",msa,NM,,,,,,,,,,,,,,,,,,,,,,,,,,,,,,,,,,,,,,,,,,,,,,,,,,,,,,,,,,,,5.0,12.0,7.0,9.0,16.0,16.0,12.0,11.0,13.0,7.0,14.0,17.0,11.0,34.0,14.0,10.0,18.0,15.0,11.0,15.0,11.0,12.0,9.0,13.0,12.0,6.0,5.0,7.0,10.0,7.0,11.0,15.0,13.0,12.0,9.0,13.0,12.0,8.0,12.0,15.0,18.0,9.0
394509,534,"Crossville, TN",msa,TN,13.0,9.0,13.0,19.0,13.0,10.0,11.0,10.0,17.0,10.0,13.0,16.0,9.0,16.0,20.0,16.0,14.0,16.0,17.0,23.0,15.0,11.0,13.0,19.0,23.0,17.0,14.0,16.0,18.0,18.0,21.0,26.0,22.0,18.0,19.0,15.0,17.0,17.0,13.0,17.0,13.0,11.0,12.0,7.0,12.0,11.0,19.0,16.0,19.0,17.0,25.0,13.0,13.0,16.0,7.0,14.0,15.0,15.0,10.0,10.0,21.0,22.0,22.0,15.0,19.0,18.0,13.0,21.0,12.0,15.0,6.0,9.0,13.0,11.0,25.0,15.0,13.0,11.0,15.0,9.0,8.0,9.0,8.0,23.0,27.0,9.0,14.0,15.0,9.0,7.0,19.0,6.0,16.0,7.0,20.0,16.0,12.0,9.0,20.0,15.0,25.0
845162,535,"Granbury, TX",msa,TX,22.0,14.0,33.0,26.0,34.0,24.0,25.0,24.0,24.0,18.0,18.0,15.0,21.0,28.0,47.0,41.0,33.0,34.0,23.0,30.0,33.0,27.0,19.0,15.0,22.0,35.0,29.0,31.0,25.0,30.0,44.0,38.0,34.0,36.0,29.0,23.0,31.0,31.0,47.0,48.0,55.0,38.0,29.0,46.0,42.0,31.0,44.0,48.0,38.0,47.0,39.0,41.0,34.0,45.0,23.0,36.0,31.0,32.0,28.0,27.0,23.0,35.0,32.0,43.0,35.0,36.0,32.0,34.0,29.0,21.0,18.0,21.0,19.0,29.0,47.0,58.0,45.0,27.0,34.0,42.0,36.0,26.0,32.0,35.0,21.0,32.0,39.0,38.0,37.0,36.0,41.0,46.0,47.0,43.0,30.0,48.0,18.0,32.0,44.0,34.0,54.0
394592,550,"Fernley, NV",msa,NV,28.0,19.0,23.0,22.0,28.0,25.0,28.0,27.0,18.0,28.0,19.0,23.0,15.0,21.0,23.0,34.0,31.0,23.0,33.0,30.0,13.0,17.0,36.0,25.0,17.0,30.0,23.0,14.0,25.0,31.0,31.0,35.0,26.0,26.0,39.0,36.0,26.0,29.0,55.0,42.0,27.0,31.0,29.0,26.0,13.0,23.0,26.0,31.0,38.0,45.0,46.0,45.0,29.0,30.0,16.0,30.0,28.0,21.0,23.0,23.0,8.0,25.0,23.0,16.0,29.0,36.0,36.0,39.0,36.0,40.0,36.0,21.0,24.0,30.0,49.0,25.0,50.0,38.0,39.0,45.0,46.0,23.0,22.0,23.0,22.0,27.0,33.0,28.0,21.0,27.0,25.0,20.0,24.0,25.0,20.0,38.0,18.0,15.0,14.0,23.0,14.0
394444,551,"Carson City, NV",msa,NV,,,,,,,,,,,,,,,,,,,,,,,,,,,,,,,,,,,,,,,,,,,,,,,,,,,,,,,,,,,,,,8.0,10.0,8.0,6.0,14.0,9.0,12.0,12.0,11.0,24.0,9.0,13.0,29.0,12.0,20.0,34.0,19.0,29.0,27.0,23.0,27.0,25.0,17.0,17.0,22.0,18.0,11.0,12.0,12.0,8.0,15.0,26.0,22.0,16.0,13.0,16.0,9.0,19.0,22.0,22.0
394432,553,"Calhoun, GA",msa,GA,10.0,6.0,6.0,13.0,15.0,12.0,7.0,7.0,21.0,19.0,9.0,13.0,8.0,7.0,8.0,18.0,16.0,15.0,28.0,33.0,16.0,17.0,14.0,23.0,15.0,25.0,16.0,21.0,19.0,16.0,24.0,13.0,20.0,12.0,6.0,16.0,10.0,10.0,19.0,19.0,22.0,26.0,20.0,15.0,13.0,7.0,11.0,19.0,17.0,19.0,28.0,11.0,19.0,26.0,19.0,12.0,8.0,8.0,8.0,28.0,7.0,15.0,17.0,15.0,26.0,27.0,29.0,15.0,14.0,12.0,12.0,21.0,8.0,6.0,6.0,8.0,7.0,8.0,12.0,8.0,5.0,7.0,9.0,7.0,12.0,9.0,12.0,12.0,13.0,6.0,14.0,11.0,21.0,10.0,16.0,6.0,7.0,11.0,14.0,14.0,15.0
394940,557,"Ontario, OR",msa,OR,,,,,,,,,,,,,,,,,,,,,,,,,,,,,,,,,,,,,,,,,,,,,,,,,,,,,,,,,,,,,,,7.0,12.0,6.0,9.0,7.0,6.0,12.0,5.0,12.0,7.0,11.0,10.0,12.0,15.0,16.0,10.0,14.0,17.0,7.0,16.0,14.0,12.0,12.0,11.0,7.0,12.0,12.0,9.0,11.0,11.0,13.0,13.0,6.0,5.0,5.0,9.0,16.0,18.0,11.0
394621,558,"Gaffney, SC",msa,SC,,,,,,,,,,,,,,,,,,,,,,,,,,,,,,,,,,,,,,,,,,,,,,,,,,,,,,,,,,,,,,,,,,,,,,,,,,,,,,,,,,,,,,,,,,,,,,,,,10.0,6.0,7.0,14.0,8.0
394411,561,"Branson, MO",msa,MO,,,,,,,,,,,,,,,,,,,,,,,,,,,,,,,,,,,,,,,,,,,,,,,,,,,,,,,,,,,,,,,,,,,,,,,,,,,,,,,,,,,,,,,,,15.0,41.0,18.0,13.0,7.0,7.0,17.0,30.0,20.0,5.0,9.0,16.0,11.0
394446,562,"Cedar City, UT",msa,UT,,,,,,,,,,,,,,,,,,,,,,,,,,,,,,,,,,,,,,,,,,,,,,,,,,,,,,,,,,,,,,16.0,14.0,11.0,19.0,18.0,15.0,33.0,36.0,13.0,26.0,20.0,17.0,30.0,32.0,32.0,22.0,26.0,27.0,33.0,35.0,39.0,21.0,12.0,25.0,27.0,14.0,16.0,23.0,25.0,13.0,33.0,14.0,23.0,36.0,30.0,18.0,25.0,27.0,18.0,21.0
394951,564,"Oxford, MS",msa,MS,,,,,,,,,,,,,,9.0,15.0,12.0,18.0,18.0,27.0,25.0,17.0,19.0,11.0,9.0,13.0,14.0,12.0,10.0,16.0,26.0,27.0,23.0,25.0,15.0,16.0,19.0,17.0,7.0,17.0,19.0,22.0,37.0,33.0,25.0,20.0,14.0,21.0,23.0,17.0,13.0,8.0,6.0,7.0,8.0,11.0,14.0,8.0,9.0,6.0,9.0,7.0,7.0,13.0,15.0,11.0,17.0,18.0,25.0,19.0,9.0,16.0,14.0,7.0,14.0,8.0,17.0,33.0,32.0,66.0,57.0,35.0,30.0,16.0,27.0,18.0,46.0,39.0,54.0,82.0,54.0,40.0,42.0,46.0,25.0,23.0,18.0,7.0,20.0,26.0,39.0,47.0
394750,568,"Kinston, NC",msa,NC,,,,,,,,,,,,,,,,,,,,,,,,,,,,,,,,,,,,,,,,,,,,,,,,,,,,,,,,,,,,,,,,,,,,,,,,,,,,,12.0,14.0,14.0,6.0,22.0,8.0,17.0,9.0,9.0,11.0,10.0,19.0,10.0,9.0,11.0,8.0,10.0,7.0,7.0,10.0,8.0,7.0,10.0,15.0,15.0
394566,573,"Elko, NV",msa,NV,,,,,,,,,,,,,,,,,,,,,,,,,,,,,,,,,,,,,,,,,,,,,,,,,,,,,,,,,,,,,,,,,,,,,,,,,,,,,,,,,,,,,,,,,,,,,,,,,,,,,10.0
395122,576,"St. Marys, GA",msa,GA,22.0,21.0,24.0,43.0,32.0,41.0,42.0,31.0,27.0,19.0,38.0,32.0,20.0,30.0,48.0,41.0,23.0,36.0,44.0,43.0,30.0,29.0,20.0,12.0,28.0,23.0,47.0,30.0,25.0,23.0,32.0,18.0,18.0,18.0,15.0,25.0,10.0,29.0,29.0,45.0,29.0,35.0,20.0,18.0,29.0,34.0,23.0,31.0,30.0,24.0,46.0,47.0,52.0,44.0,40.0,38.0,24.0,41.0,22.0,21.0,14.0,27.0,39.0,32.0,42.0,43.0,27.0,46.0,36.0,35.0,30.0,43.0,41.0,38.0,70.0,46.0,30.0,43.0,39.0,34.0,51.0,35.0,23.0,35.0,38.0,36.0,38.0,31.0,29.0,31.0,19.0,24.0,36.0,23.0,22.0,40.0,18.0,21.0,19.0,15.0,18.0
395204,578,"Warrensburg, MO",msa,MO,,,,,,,,,,,,,,,,,,,,,,,,,,,,,,,,,,,,,,,,,,,,,,,,,,,,,,,,,,,,,,,,,,,,,,,,,,,,,,,,,,,,,,,,,,,,,7.0,5.0,5.0,5.0,5.0,7.0,8.0,10.0,11.0
394993,581,"Poplar Bluff, MO",msa,MO,,,,,,,,,,,,,,,,,,,,,,,,,,,,,,,,,,,,,,,,,,,,,,,,,,,,,,,,,,,,,,,,,,,,,,,,,,,,,,,,,,,,,,,,,,,,,,,,,,,,6.0,
394562,582,"Elizabeth City, NC",msa,NC,,,,,,,,,,,,,,,,,,,,,,,,,,,,,,,,,,,,,,,,,,,,,,,13.0,12.0,8.0,12.0,13.0,11.0,10.0,17.0,13.0,24.0,14.0,15.0,14.0,18.0,21.0,16.0,20.0,12.0,10.0,18.0,23.0,23.0,22.0,14.0,15.0,18.0,28.0,33.0,34.0,20.0,21.0,28.0,24.0,34.0,14.0,21.0,18.0,16.0,18.0,12.0,21.0,27.0,22.0,20.0,22.0,28.0,46.0,26.0,21.0,24.0,17.0,15.0,36.0,24.0,26.0
394344,584,"Athens, TN",msa,TN,,,,,,,,,,,,,,,,,,,,,,,,,,,,,,,,,,,,,,,,,,,,,,,,,,,,,,,,,,,,,,,,,,,,,,,,,,,,,,,,,,,,,,,,,,,,,,,,,,,16.0,18.0,9.0
394571,585,"Enterprise, AL",msa,AL,,,,,,,,,,,,,,,,,,,,,,,,,,,,,,,,,,,,,,,,,,,,,,,,,,,,,,,,,,,,,,,,,,,,,,,,,13.0,8.0,10.0,13.0,12.0,15.0,16.0,5.0,9.0,9.0,14.0,16.0,5.0,13.0,11.0,13.0,11.0,11.0,18.0,6.0,8.0,15.0,9.0,13.0,8.0,15.0,18.0,18.0,17.0
786250,595,"Alexander City, AL",msa,AL,,,,,,,,,,,,,,,,,,,,,,,,,,,,,,,,,,,,,,,,,,,,,,,,,,,,,,,,,,,,,,,,,,,,,,,,,,,,,,,,,,,,,,,,,,,,,,,,,,5.0,8.0,9.0,9.0
394954,601,"Pahrump, NV",msa,NV,21.0,15.0,30.0,20.0,18.0,21.0,19.0,23.0,28.0,21.0,27.0,42.0,19.0,22.0,30.0,22.0,22.0,36.0,27.0,36.0,30.0,31.0,36.0,34.0,21.0,37.0,23.0,27.0,33.0,37.0,35.0,22.0,25.0,17.0,18.0,20.0,19.0,15.0,25.0,29.0,28.0,32.0,25.0,32.0,32.0,18.0,21.0,28.0,22.0,28.0,39.0,28.0,27.0,16.0,19.0,23.0,17.0,18.0,15.0,18.0,12.0,17.0,32.0,24.0,17.0,33.0,20.0,14.0,34.0,29.0,26.0,24.0,18.0,34.0,25.0,27.0,31.0,31.0,24.0,28.0,12.0,14.0,11.0,19.0,16.0,13.0,10.0,15.0,14.0,12.0,11.0,7.0,13.0,14.0,12.0,19.0,9.0,7.0,15.0,12.0,23.0
395091,606,"Shelbyville, TN",msa,TN,17.0,12.0,20.0,18.0,25.0,17.0,18.0,11.0,8.0,12.0,17.0,10.0,11.0,17.0,22.0,22.0,33.0,14.0,30.0,23.0,26.0,14.0,11.0,26.0,18.0,15.0,24.0,27.0,18.0,23.0,24.0,25.0,18.0,28.0,15.0,19.0,18.0,27.0,38.0,30.0,38.0,30.0,39.0,29.0,20.0,25.0,20.0,30.0,13.0,16.0,17.0,21.0,31.0,35.0,36.0,20.0,11.0,12.0,16.0,19.0,18.0,16.0,34.0,27.0,28.0,57.0,35.0,29.0,41.0,26.0,32.0,30.0,30.0,30.0,46.0,25.0,30.0,33.0,42.0,20.0,40.0,21.0,33.0,9.0,7.0,13.0,19.0,11.0,14.0,24.0,20.0,25.0,15.0,23.0,14.0,18.0,15.0,12.0,15.0,12.0,20.0
394628,610,"Gardnerville Ranchos, NV",msa,NV,,,,,,,,,,,,,,,,,,,,,,,,,,,,,,,,,,,,,,,,,,,,,,,,,,,,,,,,,,14.0,11.0,19.0,5.0,10.0,9.0,25.0,13.0,18.0,11.0,19.0,10.0,14.0,14.0,26.0,9.0,22.0,15.0,20.0,19.0,12.0,16.0,13.0,7.0,19.0,15.0,14.0,11.0,10.0,12.0,31.0,26.0,38.0,15.0,22.0,12.0,27.0,17.0,29.0,20.0,19.0,21.0,23.0,24.0
395043,618,"Ruston, LA",msa,LA,,,,,,,,,,,,,,,,,,,,,,,,,,,,,,,,,,,,,,,,,,,,,,,,,,,,,,,,,,,,,,,,,,,,,,,,,,,,,,,,,,,,,,,,,,,,,,,,,,7.0,10.0,9.0,6.0
394918,625,"Nogales, AZ",msa,AZ,,,,,,,,,,,,,,,,,,,,,,,,,,,,,,,,,,,,,,,,,,,,,,10.0,10.0,12.0,25.0,20.0,25.0,20.0,19.0,20.0,13.0,11.0,11.0,12.0,10.0,12.0,9.0,15.0,20.0,12.0,18.0,15.0,18.0,17.0,9.0,18.0,10.0,17.0,11.0,19.0,19.0,22.0,19.0,15.0,11.0,18.0,18.0,16.0,12.0,14.0,10.0,15.0,25.0,18.0,17.0,13.0,17.0,22.0,16.0,21.0,10.0,16.0,14.0,11.0,21.0,18.0,19.0
395144,626,"Tahlequah, OK",msa,OK,,,,,,,,,,,,,,,,,,,,,,,,,,,,,,,,,,,,,,,,,,,,,,,,,,,,,,,,,,,,,,,,,,,,,,,,,,,,,,,,,,,,,,,,,,,,,,,,,,,,,6.0
394876,628,"Montrose, CO",msa,CO,,,,,,,,,,,,,,,,,,,,,,,,,,,,,,,,,,,,,,,,,,,,,,,,,,,,,,,,,,,,,,,,,,,,,,,,,,,,,,,,,,,,,,,,,,,,,,,,,,,,,5.0
394887,630,"Mount Sterling, KY",msa,KY,,,,,,,,,,,,,,,,,,,,,,,,,,,,,,,,,,,,,,,,,,,,,,,,,,,,,,,,,,,,,,,,,,,,,,,,,,,,,,,,,,,,,,,,,,,,,,,,,,,,6.0,6.0
753916,632,"Sandpoint, ID",msa,ID,,,,,,,,,,,,,,,,,,,,,,,,,,,,,,,,,,,,,,,,,,,,,,,,,,,,,,,,,,,,,,,,,,,,,,,,,,,,,,,,,10.0,12.0,7.0,10.0,6.0,12.0,11.0,8.0,13.0,10.0,17.0,19.0,14.0,10.0,8.0,16.0,7.0,7.0,9.0,15.0,11.0
753865,633,"Bardstown, KY",msa,KY,,,,,,,,,,,,,,,,,,,,,,,,,,,,,,,,,,,,,,,,,,,,,,,,,,,,,,,,,,,,,,,,,,,,,,,,,,,,,,,,,,,,,,,,,,,,,,5.0,6.0,9.0,7.0,6.0,5.0,7.0,11.0
395087,639,"Seymour, IN",msa,IN,,,,,,,,,,,,,,,,,,,,,,,,,,,,,,,,,,,,,,,,,,,,,,,,,,,,,,,,,,,,,,,,,,,,,,,,,,,,,,,,,,,,,,,,,,,,,,,,,,,,6.0,5.0
394426,640,"Burley, ID",msa,ID,,,,,,,,,,,,,,,,,,,,,,,,,,,,,,,,,,,,,,,,,,,,,,,,,,,,,,,,,,,,,,,,,,,,,,,,,,,,,,,,,,,,,,,,,,,,,,,,,,,8.0,10.0,8.0
394548,641,"Durant, OK",msa,OK,,,,,,,,,,,,,,,,,,,,,,,,,,,,,,,,,,,,,,,,,,,,,,,,,,,,,,,,,,,,,,,,,,,,,,,,,,,,,,,,,,,,,,,,,,,,,,,,,,6.0,14.0,7.0,12.0
394500,644,"Cornelia, GA",msa,GA,,,,,,,,,,,,,,,,,,,,,,,,,,,,,,,,,,,,,,,,,,,,,,,,,,,,,,,,,,,,,,,,,,,,,,,,,,,,,,,,,,,,,,,,,,,,,,,,,,15.0,11.0,8.0,12.0
394961,647,"Paragould, AR",msa,AR,,,,,,,,,,,,,,,,,,,,,,,,,,,,,,,,,,,,,,,,,,,,,,,,,,,,,,,,,,,,,,,,,,,,,,,,,,,,,,,,,,,,,,,,,,,,,,,,,,,,9.0,5.0
786259,655,"Grand Rapids, MN",msa,MN,,,,,,,,,,,,,,,,,,,,,,,,,,,,,,,,,,,,,,,,,,,,,,,,,,,,,,,,,,,,,,,,,,,,,,,,,,,,,,,,,,,,,,,,,,,,,,,,,,,,6.0,
394567,663,"Ellensburg, WA",msa,WA,,,,,,,,,,,,,,,,,,,,,,,,,,,,,,,,,,,,,,,,,,,,,,,,,,,,,,,,,,,,,,18.0,26.0,15.0,28.0,27.0,14.0,23.0,30.0,25.0,15.0,17.0,17.0,26.0,13.0,18.0,30.0,33.0,20.0,27.0,50.0,17.0,23.0,26.0,17.0,22.0,26.0,28.0,31.0,39.0,27.0,13.0,23.0,21.0,17.0,20.0,14.0,18.0,9.0,14.0,6.0
394624,687,"Gainesville, TX",msa,TX,,,,,,,,,,,,,,,,,,,,,,,,,,,,,,,,,,,,,,,,,,,,,,,,,,,,,,,,,,,,,,,,,,,,,,,,,,,,,,,,,,,,,,,,,,,,,,,,,,,,,10.0
394845,690,"McMinnville, TN",msa,TN,,,,,,,,,,,,,,,,,,,,,,,,,,,,,,,,,,,,,,,,,,,,,,,,,,,,,,,,,,,,,,,,,,,,,,,,,,,,,,,,,,,,,,,,,,,,,,,,,12.0,9.0,17.0,10.0,6.0
394476,704,"Clewiston, FL",msa,FL,,,,,,,,,,,,,,,9.0,11.0,14.0,9.0,12.0,13.0,8.0,9.0,9.0,13.0,15.0,9.0,9.0,14.0,22.0,11.0,24.0,13.0,12.0,17.0,16.0,16.0,13.0,21.0,24.0,26.0,21.0,19.0,21.0,27.0,31.0,20.0,22.0,23.0,18.0,26.0,30.0,29.0,19.0,28.0,27.0,29.0,26.0,12.0,16.0,23.0,27.0,26.0,32.0,24.0,27.0,20.0,17.0,23.0,41.0,26.0,24.0,22.0,28.0,15.0,34.0,33.0,27.0,35.0,36.0,25.0,31.0,26.0,26.0,31.0,20.0,21.0,25.0,24.0,21.0,27.0,8.0,24.0,25.0,14.0,16.0,18.0,12.0,18.0,22.0,19.0,18.0
394554,729,"Easton, MD",msa,MD,,,,,,,,,,,,,,,,,,,,,,,,,,,,,,,,,,,,,,,,,,,,,,,,,,,,,,,,,,,,,,,,,,,,,,,,,,,,,,,,,,,,,,,,,,,,,,,,,,,,,7.0
394413,759,"Brenham, TX",msa,TX,,,,,,,,,,,,,,,,,,,,,,,,,,,,,,,,,,,,,,,,,,,,,,,,,,,,,,,,,,,,,,,,,,,,,,,,,,,,,,,,,,,,,,,,,,,,,,12.0,10.0,15.0,5.0,6.0,14.0,7.0,11.0
786252,761,"Bonham, TX",msa,TX,,,,,,,,,,,,,,,,,,,,,,,,,,,,,,,,,,,,,,,,,,,,,,,,,,,,,,,,,,,,,,,,,,,,,,,,,,,,,,,,,,7.0,5.0,7.0,7.0,5.0,10.0,10.0,10.0,11.0,13.0,11.0,13.0,9.0,8.0,12.0,6.0,5.0,6.0,5.0,15.0
394713,768,"Jackson, WY",msa,WY,,,,,,,,,,,,,,,,,,,,,,,,,,,,,,,,,,,,,,,,,,,,,,,,,,,,,,,,,,,,,,,,,,,,,,,,,,,,,,,,,,,,,,,,,,,,,,,,,,,23.0,6.0,12.0
394786,783,"Lewisburg, TN",msa,TN,25.0,13.0,28.0,31.0,23.0,25.0,30.0,25.0,17.0,9.0,11.0,15.0,9.0,15.0,17.0,19.0,17.0,21.0,20.0,17.0,19.0,17.0,18.0,20.0,10.0,11.0,20.0,13.0,19.0,25.0,26.0,14.0,31.0,20.0,19.0,22.0,24.0,18.0,19.0,39.0,31.0,14.0,19.0,20.0,23.0,11.0,19.0,10.0,18.0,35.0,49.0,33.0,27.0,29.0,35.0,27.0,46.0,6.0,13.0,34.0,17.0,30.0,40.0,22.0,23.0,60.0,43.0,19.0,24.0,27.0,11.0,19.0,10.0,13.0,30.0,37.0,31.0,23.0,20.0,16.0,20.0,18.0,14.0,10.0,14.0,13.0,29.0,22.0,25.0,27.0,28.0,17.0,22.0,19.0,23.0,19.0,15.0,22.0,37.0,23.0,28.0
753871,811,"Breckenridge, CO",msa,CO,,,,,,,,,,,,,,,,,,,,,,,,,,,,,,,,,,,,,,,,,,,,,,,,,,,,,,,,,,,,,,,,,,,,,,,,,,,,,,,,,,,,,,,,,,,,,,,,,,11.0,9.0,17.0,11.0
394892,832,"Mountain Home, ID",msa,ID,,,,,,,,,,,,,,,,,,,,,,,,,,,,,,,,,,,,,,,,,,,,,,,,,,,,,,,,,,,,,,,,,,,,,,,,,,,,,,,,,,,14.0,8.0,9.0,8.0,5.0,12.0,12.0,7.0,10.0,14.0,12.0,17.0,14.0,18.0,13.0,11.0,9.0,10.0,11.0
395154,843,"Thomaston, GA",msa,GA,,,,,,,,,,,,,,,,,,,,,,,,,,,,,,,,,,,,,,,,,,,,,,,,,,,,,,,,,,,,,,,,,,,,,,,,,,,,,,,,,,,,,,,,,,,,,,,,,,,,,5.0
753921,867,"Steamboat Springs, CO",msa,CO,,,,,,,,,,,,,,,,,,,,,,,,,,,,,,,,,,,,,,,,,,,,,,,,,,,,,,,,,,,,,,,,,,,,,,,,,,,,,,,,,,,,,,,,,,,,,,,,,,,,,5.0
