RegionID,SizeRank,RegionName,RegionType,StateName,2015-01-31,2015-02-28,2015-03-31,2015-04-30,2015-05-31,2015-06-30,2015-07-31,2015-08-31,2015-09-30,2015-10-31,2015-11-30,2015-12-31,2016-01-31,2016-02-29,2016-03-31,2016-04-30,2016-05-31,2016-06-30,2016-07-31,2016-08-31,2016-09-30,2016-10-31,2016-11-30,2016-12-31,2017-01-31,2017-02-28,2017-03-31,2017-04-30,2017-05-31,2017-06-30,2017-07-31,2017-08-31,2017-09-30,2017-10-31,2017-11-30,2017-12-31,2018-01-31,2018-02-28,2018-03-31,2018-04-30,2018-05-31,2018-06-30,2018-07-31,2018-08-31,2018-09-30,2018-10-31,2018-11-30,2018-12-31,2019-01-31,2019-02-28,2019-03-31,2019-04-30,2019-05-31,2019-06-30,2019-07-31,2019-08-31,2019-09-30,2019-10-31,2019-11-30,2019-12-31,2020-01-31,2020-02-29,2020-03-31,2020-04-30,2020-05-31,2020-06-30,2020-07-31,2020-08-31,2020-09-30,2020-10-31,2020-11-30,2020-12-31,2021-01-31,2021-02-28,2021-03-31,2021-04-30,2021-05-31,2021-06-30,2021-07-31,2021-08-31,2021-09-30,2021-10-31,2021-11-30,2021-12-31,2022-01-31,2022-02-28,2022-03-31,2022-04-30,2022-05-31,2022-06-30,2022-07-31,2022-08-31,2022-09-30,2022-10-31,2022-11-30,2022-12-31,2023-01-31,2023-02-28,2023-03-31,2023-04-30,2023-05-31,2023-06-30,2023-07-31,2023-08-31,2023-09-30,2023-10-31,2023-11-30,2023-12-31,2024-01-31,2024-02-29,2024-03-31,2024-04-30,2024-05-31,2024-06-30,2024-07-31,2024-08-31,2024-09-30,2024-10-31,2024-11-30,2024-12-31,2025-01-31,2025-02-28,2025-03-31,2025-04-30,2025-05-31,2025-06-30,2025-07-31,2025-08-31,2025-09-30,2025-10-31,2025-11-30,2025-12-31,2026-01-31,2026-02-28,2026-03-31,2026-04-30,2026-05-31,2026-06-30,2026-07-31,2026-08-31
102001,0,United States,country,,1253.2912315466497,1259.5966819675903,1268.2092145717838,1278.2252526886184,1287.487648924008,1295.862734293606,1301.5473148046337,1304.8135778921658,1306.0378666949266,1306.0265716774747,1306.5451359007025,1307.7784811092743,1311.65798595621,1316.9606735868424,1323.447416360096,1332.2851474686265,1341.2796716819169,1349.4552291988864,1353.6610376458132,1355.1996788377326,1354.1383299865697,1352.23153889633,1350.5068758322557,1350.7030388151363,1356.296560269625,1366.5377440852503,1379.931980271551,1391.8630266465718,1401.906984467662,1409.6473932703786,1414.2584173927455,1415.6846789606386,1416.350566392329,1415.9561968542957,1416.8371630148815,1418.3270829593612,1423.1880819730927,1430.7546144848116,1441.7835221066284,1452.6984900212037,1462.2609981338421,1469.3781441749247,1473.6699102875762,1476.081522439884,1475.9308756398252,1476.3715700589717,1477.90584573044,1480.8649670548928,1485.529405376539,1493.285912719174,1504.702142823876,1516.4020486986906,1526.714113738267,1534.2850012091512,1538.7048913623573,1540.363030178067,1540.4084279667009,1540.5007903561848,1541.4973830574684,1542.977689293003,1548.3602610017438,1557.1913621592864,1567.480659476147,1573.6686379485857,1580.3732060388768,1589.2279528126242,1602.8583150132793,1614.6398120674703,1625.060640871948,1633.479548021478,1640.0600064736977,1647.1683916660825,1657.9799669147517,1672.3739901622,1689.4886215725342,1708.823301240301,1732.3721817508888,1757.1307458983308,1780.6360378619231,1802.549430628303,1820.5121484621684,1834.2238882922475,1844.8017987834714,1856.1176707924756,1870.1381273870556,1887.9455938328485,1907.4870837004519,1928.366269882304,1947.0755322916223,1965.101887171637,1979.5453437110582,1990.1361541970616,1994.6043762983347,1996.5908926832353,1995.5352508727347,1997.9038374527033,2002.7263745430428,2012.3499375180284,2025.8892640780193,2040.120364898253,2053.146969918951,2062.740833845141,2071.6667902133436,2078.4859636139404,2082.1655578932764,2082.7816272616647,2082.24031700407,2084.5946466117434,2091.5706807441393,2102.531229379082,2116.583486625421,2129.012218370591,2140.010688007567,2148.394736656143,2155.317588500604,2159.7311352021793,2160.649692454934,2160.1622457800777,2161.438593339515,2164.360019997693,2171.816236462762,2181.3654884800303,2193.0269660109043,2202.717471464097,2210.469792865501,2216.1161421140923,2219.437212598431,2222.051135242549,2223.5402541889853,2224.561505329782,2224.266697207338,2224.9444485689714,2228.8998132604347,2236.6915508276993,2248.044185328461,2261.5244889781798,2272.693562972911,2280.9050701785022,2285.2458417517,2289.1560980615154
394913,1,"New York, NY",msa,NY,1969.4753301224068,1990.2031568698485,2010.6652967421571,2024.0301534268388,2026.2486662870704,2038.890162061311,2042.80740295166,2042.9245740033336,2043.3100697098805,2042.919058229411,2045.108002398683,2045.5081429114052,2051.955738468705,2062.469725662607,2075.0170049199915,2088.0287286721896,2099.087030001607,2100.908960409361,2105.174597637649,2101.8033892809513,2101.8346479654742,2095.2547963103098,2103.9721807832116,2110.6940877433863,2127.352993389263,2138.313190458442,2156.036857591088,2168.648487555152,2180.0975942604246,2184.4565717192795,2190.8809558185017,2187.590221808953,2208.0872689071402,2214.512136715923,2213.786263645944,2192.701240549305,2191.10643266676,2203.2318960285784,2217.1612733468223,2234.2222911199938,2243.962690715493,2251.1616600588354,2251.6852908034034,2257.57731991319,2260.397195992621,2259.422904378409,2262.1215573265927,2261.6287817739167,2264.797584998416,2280.8786786368732,2305.538503583142,2322.761524154739,2331.83935842128,2337.5629231083576,2338.6375821608613,2329.590706738394,2315.1381513856395,2325.32148122787,2331.9536915936123,2346.96888587041,2347.2552956657723,2357.3192773681194,2370.541668283369,2387.1700700834685,2403.826003934771,2417.484884243048,2426.140955401624,2431.1726212614735,2431.7279386737746,2423.752186652035,2435.4201251127965,2439.2220114873985,2465.41283494312,2483.7455485664777,2525.7618278770906,2551.2197608287092,2571.2150036298276,2590.47906882604,2610.7550129586057,2627.301663792775,2622.6533265043554,2635.8145961154723,2633.7520565487216,2670.5751923831117,2696.4701864364824,2744.5690389490765,2772.6005398125953,2800.6269875178236,2830.5255664501083,2853.9777308470425,2884.65456783302,2902.2304857100153,2909.7103853456147,2906.559490831671,2903.0923126589078,2903.1827417214818,2915.5380679509954,2941.6083165961536,2985.806831907669,3020.7810652598323,3044.9698884506784,3045.0866651208007,3053.6479650158917,3061.461541479186,3068.92045037222,3066.074206400628,3069.313967084587,3092.7173542134806,3120.988953357199,3143.8846577404433,3172.6793060672217,3188.000477450271,3201.2474791230557,3203.16747945364,3214.834736910121,3222.059339675283,3215.566938488344,3209.5628497370976,3219.6982695683864,3252.937961682274,3270.7386827484447,3272.4262028399385,3271.8069940784576,3287.995792823875,3313.902776642104,3329.0756527392105,3336.628902914042,3340.85176704969,3333.723025914166,3339.1794285031706,3351.4832064053894,3360.869385506032,3374.047078683055,3380.4604671613865,3406.3121049209467,3424.319941898234,3457.0324632718743,3468.263201661378,3482.7269457967486,3470.9179950578377
753899,2,"Los Angeles, CA",msa,CA,2481.676154859203,2496.1970482931224,2518.653809618876,2533.10061186829,2556.6467759840443,2573.217698419295,2592.254666030642,2598.1858161349855,2607.061541004849,2610.7244202743263,2610.1255178220686,2615.1358918000933,2627.8981269529772,2647.7463618365155,2666.5315974984455,2681.6847511369515,2711.244088769637,2726.470376333765,2743.71527198728,2743.035042352702,2743.428571538264,2734.003858575104,2725.444144985648,2727.164769498588,2750.3094025072114,2777.4314850898777,2808.8715149306718,2829.480291732804,2854.311381896948,2863.8107517516373,2876.8802740815863,2877.2460948228654,2882.5973294356663,2874.698794284408,2882.3028488440805,2885.2848399697573,2902.4112841233073,2914.4864450709542,2937.888931946893,2956.9440682730688,2974.220179705288,2988.5775909263925,2998.7500133682624,3002.4068713755432,3005.1136739705057,3011.343436344962,3026.7550622461686,3030.548498685842,3037.2689042529273,3039.3836190939874,3064.2483070782405,3078.834431153786,3105.3195204884946,3113.448906769946,3123.6132278893874,3120.8774867270467,3122.0094500079376,3124.563065155688,3129.312521510866,3132.3713639494563,3142.3229944439154,3157.4848296312757,3167.7486833387075,3159.7549790277885,3158.343251922647,3173.112787832738,3207.5492597609373,3220.434266398407,3233.761964701411,3238.716575298128,3260.1044480226838,3271.1120636170913,3301.078721868141,3321.4513047579576,3354.457164643074,3372.5214770534267,3401.6166582374394,3433.129210569222,3467.2283707878632,3511.2160670866783,3546.953651057729,3575.1263323003172,3598.2503492283886,3624.493819040468,3656.173765837532,3696.2552175307164,3739.8148022553332,3782.9194004420283,3819.213367760352,3845.9914188855396,3869.1707965103783,3876.2835186349007,3880.9534330373035,3888.025581202637,3894.123668323607,3893.1484432490156,3898.8237266214387,3907.5777677023298,3935.4799390533067,3962.9031634133453,3991.225141646128,4016.6123844371577,4033.088670743412,4048.559188532571,4046.757767362572,4045.4200823504543,4047.412937268826,4059.8715063990003,4080.114382842747,4099.643404874074,4122.889516540942,4143.613038696103,4157.098602905009,4174.807442680106,4189.947837371314,4202.239743059732,4205.898081844862,4202.649123251023,4206.031618489941,4208.645357546462,4276.875547205671,4332.259337329514,4386.086780784188,4371.530476430643,4366.2156772567505,4364.184524943635,4361.242209143892,4357.645632353047,4353.998864232437,4349.429868327858,4353.047874681537,4343.939577812635,4349.528758989133,4356.652394776739,4389.445300110358,4421.5634498549125,4453.9074372203895,4465.926965769619,4469.576440358751,4468.54166047307
394463,3,"Chicago, IL",msa,IL,1463.3339057142357,1468.2827050615301,1474.691757785977,1487.1600219352345,1497.4998041541267,1507.1709518598743,1508.896028578148,1510.6477943027433,1505.8881058838642,1499.675880716848,1494.3749757402024,1498.2147035398818,1505.5167879000912,1514.9992477709127,1524.804477657039,1533.8422331420277,1540.8604687393397,1543.8941649574042,1547.4662928153662,1550.5422761173968,1546.3059356478184,1539.407557945851,1532.5157960936092,1526.6991739741184,1533.4760495526623,1543.0097417748411,1561.837591360255,1575.316604809523,1587.4473248776312,1593.2859772349636,1594.2778157982902,1590.9235243094886,1587.6685088556133,1579.3609371525515,1575.849941723112,1574.466588934158,1580.654941841123,1589.2516488898416,1603.0844631113882,1619.203551980139,1630.2141408101088,1635.6456797909843,1635.201559107587,1634.6661694314814,1633.4966052241216,1630.038948982463,1626.9171886365236,1621.0161440957802,1627.350141241036,1633.4991452931,1650.3963392968994,1662.5036852404178,1673.9800797089358,1679.6866070226379,1682.2106750291848,1683.1087224679015,1682.844793676688,1678.3367341129897,1674.0093212948484,1669.852903656656,1672.2180391946777,1684.3686670499326,1698.6830278323373,1710.7538649985913,1713.8963352676144,1722.0443699141265,1731.09096548723,1741.5696097882374,1741.9200701912112,1741.7352453486392,1740.0098735398471,1745.8652166930092,1758.964212391739,1773.4818132037988,1789.3900926760552,1803.2559416647066,1824.253729925342,1843.8295933396575,1860.168120099304,1873.4308755342413,1889.6596507949835,1900.8279000179377,1910.0703278864914,1912.834294455158,1916.443342898592,1922.657664743353,1941.6287382840833,1968.4393805115237,1999.0285335006563,2019.0653146686534,2034.2303163842198,2043.8676464621149,2049.665962550923,2051.929988068339,2047.563508376241,2055.1887940835654,2068.0044874564037,2086.7430308579073,2100.4755257794186,2118.7648644473866,2135.7832854975545,2156.6252944791154,2167.6945719409114,2179.0603621421938,2179.1260183940594,2184.075463582689,2189.077522160137,2201.367089819743,2214.8275153067807,2227.9816155267035,2247.0252456667745,2266.9820614347145,2285.4962317899112,2298.2366499597197,2311.5991892847073,2323.490080883449,2330.1499212458593,2334.075712436238,2337.6113896716834,2346.0587948250595,2355.051546318299,2375.885377311866,2392.748832508572,2408.3948999561467,2419.2231856074086,2429.0473791681143,2444.6399272315925,2451.271727439104,2459.129762704156,2455.727391470661,2455.9964167462513,2456.0617190814555,2467.789285252484,2480.1126442887307,2494.7578150428726,2511.7999376636562,2529.1114492792394,2543.997201295769,2555.3363148520866,2555.52167443971
394514,4,"Dallas, TX",msa,TX,1390.266574413506,1398.4701528302392,1408.8601970324453,1422.2044388486456,1435.240467830688,1446.005106705408,1454.640283799047,1457.1251476638308,1458.0337073725443,1457.2029016597296,1457.0523750868115,1458.9642404531392,1462.2646367243349,1471.9363818586082,1481.6998432221153,1494.82925604438,1505.5358406930893,1516.0487913408772,1521.2130387061397,1523.9936936186764,1522.3208214746069,1519.9442867983657,1517.443458939578,1516.9771019512857,1524.9422815430596,1534.8421139042905,1550.388679486985,1562.5198423494664,1575.6270201803861,1583.268462588837,1588.6093342024749,1589.9479746374113,1588.7616602113867,1587.8038239717152,1587.825996433991,1591.0718216686487,1596.1154051738554,1604.4625406432588,1612.9071609523055,1623.9540916107928,1631.2728218709071,1641.0140882862386,1643.0192229432555,1646.1935009168944,1645.5707932389014,1645.5163749778737,1642.9577405520763,1644.8522655773431,1651.3488866220653,1659.0544676813904,1668.3945888924954,1678.29804371026,1690.7911501514443,1697.8780832823425,1700.0525262416734,1700.3904119184228,1700.2705694041085,1702.3281717052719,1704.4114018048422,1703.2160835784114,1705.837786481402,1711.003041936587,1722.8655316879117,1727.7670362399829,1734.8458763032845,1742.3513740208336,1754.5834496573666,1763.067415206498,1771.2329872446755,1780.3853455817846,1790.3587703045507,1800.8555302887758,1813.0549977409019,1829.34392466815,1846.7826113920066,1869.5861074753511,1896.588344296589,1927.0039561818785,1956.3954457755688,1981.2364428256014,2002.741223474792,2021.0683535547753,2032.1556276432555,2040.1352289517865,2050.7725662696153,2068.890610303276,2090.880945223323,2112.534550946302,2136.305062376908,2162.710165729259,2182.0691007500855,2191.9713416619843,2193.0488777593673,2194.4233175858603,2196.1014508281,2198.606816895128,2201.5662433380216,2207.3163643008324,2219.832857751895,2231.3110546440453,2246.563234443165,2257.7728645562966,2268.3499914104846,2270.9043888475494,2269.009039546754,2261.9950908838446,2261.9045051699486,2260.7668258110634,2267.569861300963,2275.0697532657227,2291.0636999422018,2302.122161171217,2308.00016570098,2313.85272489915,2317.4088877463914,2317.9226235243873,2310.6145812496993,2303.296807267139,2297.9575538465506,2295.89276657309,2301.766878774305,2313.5373291603855,2331.8391097645103,2341.8162565230464,2345.508355213541,2342.5063846641756,2339.2489104256165,2333.939916079557,2331.4734423091104,2330.115986992152,2328.4463955371825,2325.2525627060745,2327.283833524643,2334.992367890033,2340.7584296577083,2354.189002074031,2363.654100324785,2372.1897699633073,2369.682725726142,2371.2354558383754
394692,5,"Houston, TX",msa,TX,1555.1855652639226,1558.848888304623,1567.2525822396842,1579.250338537285,1591.7599886690161,1601.71068753117,1604.4938926060065,1604.2499361357243,1599.1937520713207,1594.5223707037094,1590.408138137228,1585.8283314218397,1587.408349473874,1587.6546754778678,1593.5840736601663,1596.3394281649382,1601.131365155477,1604.85145898666,1604.0061451252107,1601.1212663963975,1592.8682847487064,1585.1679976356727,1575.302160600863,1570.47919370247,1573.494662247227,1585.0219494812432,1597.0871416818395,1606.5793118289293,1613.7654719798288,1618.8281005134172,1619.7537457027656,1619.2719522041414,1624.9110399297251,1631.2277909161833,1636.0264334674107,1635.5089425663177,1639.9228178871726,1645.6031201236078,1652.847765492824,1658.2276460766618,1664.5523268956902,1671.1977852153484,1670.8057500261677,1670.7821780547274,1667.1471920649792,1665.6732197517233,1660.4470579624267,1658.8599101605907,1661.095426462624,1668.0343131527832,1677.6187143539385,1688.9890442892536,1699.4041242783678,1705.62266392779,1706.6084721735926,1704.6432372646798,1703.5242313959886,1701.7564541202335,1700.0518705105171,1699.310524480423,1704.7369178516265,1711.9639875045875,1719.801477263622,1719.3825824434493,1723.6678899035471,1727.6494700246978,1739.6347582458616,1749.9336621576401,1759.0028420416993,1766.4575804504157,1771.0668289928542,1778.1042970492413,1792.0921818117517,1805.91590418824,1818.1786205990848,1831.3743606431,1852.4540030582505,1876.2748008224812,1889.4411803100968,1902.720802113806,1911.2839405852455,1925.787666325842,1932.3271043728141,1941.009638548695,1950.468835787742,1966.3363098391412,1978.709292627395,1992.2513487211038,2002.8144829136456,2024.3560766912635,2037.7932062984892,2047.471648871733,2046.1637310680412,2049.450166027698,2047.917547127477,2050.2807867062556,2053.381024067612,2064.9075675322897,2078.0147288846297,2089.064535737263,2101.032740533541,2114.434563895203,2127.752997751311,2133.910784192567,2131.5493512395205,2128.7385448032446,2125.1187346090173,2127.6799700973575,2129.8580482549155,2142.519652092606,2150.9897241479644,2163.87048728267,2171.106422715373,2182.318841925557,2188.18779985204,2191.774646518658,2190.173868374124,2187.6069105359115,2188.67040850841,2190.972169857612,2194.378373397634,2198.7470429046853,2207.590413269297,2216.684383225008,2221.7346415919837,2222.325476294828,2221.9279960153895,2220.2465424910743,2218.8620619502212,2215.948715465149,2214.526516500587,2212.578548527797,2213.095736846734,2212.158713702304,2217.997301782785,2223.8084273978134,2235.165008148214,2241.8379098937135,2246.8271985457573,2242.190719633189
395209,6,"Washington, DC",msa,VA,2083.378578472946,2098.0571164884186,2114.491401958426,2125.255800819491,2133.689129538643,2143.5807384869545,2148.690687233303,2145.2291626495776,2143.6565739002463,2136.5506198698345,2135.943228486036,2131.8702299214456,2137.3296555393863,2147.325487184457,2159.0530729184234,2166.836571108886,2176.673168671526,2185.1570515494436,2193.3576358179125,2195.3790985677624,2187.918556804223,2182.0731153614715,2172.901378346538,2169.8617868502056,2175.7383031612962,2190.2179461705023,2209.838103414466,2222.9839997183544,2233.8012708319175,2242.61361939653,2247.3758120807233,2244.9806256631755,2240.8271123012028,2232.2508556910984,2228.201051086665,2230.1325791669346,2238.106641892007,2247.301968685708,2258.6665429330073,2273.2671365725128,2287.5368174134887,2296.546447679116,2301.47129735716,2304.822353591259,2298.906822661467,2291.602581515293,2288.445329242831,2289.669990536922,2294.75957313807,2306.9489894704516,2325.026361196994,2344.9978579570547,2355.2210048220304,2364.0952157891797,2364.90811468289,2368.5245265828835,2368.571841635424,2365.060599319254,2358.880504328419,2350.7975471612813,2357.553952568452,2368.5419733163476,2391.8738445018794,2405.7786492913633,2419.367613291831,2424.6516652163414,2434.8609309650983,2442.4908384343053,2450.57313723358,2449.2287353339525,2450.4591748363705,2448.8200915758234,2460.495397841649,2467.785168373319,2489.9710855792264,2512.06787911909,2543.647041089021,2566.766416136941,2587.5473639803295,2603.856801088771,2616.3262905258475,2625.382823486077,2630.5542641800234,2632.9977369849125,2646.0582523569606,2668.8735478806425,2694.9552578945136,2726.2887902783423,2747.6191340115925,2771.1704547450177,2784.3431405271635,2793.2441235559704,2804.008596617582,2801.3346557028294,2801.521069126044,2802.193986171365,2812.2170154209657,2828.2020346340896,2846.756088040706,2869.070671073815,2892.825105560496,2915.9672106653347,2935.519055333065,2948.6141292228035,2952.725511810016,2956.499512136596,2961.617370204649,2967.801832670506,2974.628120204529,2987.6874635869294,3009.1496133385776,3036.009754424416,3057.7539482627203,3079.062196213721,3094.210718297892,3103.0440972379038,3104.6712104409658,3098.78747038466,3103.179305762126,3100.633649153954,3119.097597891563,3136.4157521394254,3166.2267592493145,3175.4453403210523,3181.796507287947,3187.4852310602187,3200.829614086403,3206.8519513430165,3209.3621252174275,3197.216627385653,3188.8232262822726,3179.2482659266793,3198.628347240226,3216.082214387504,3246.983814645912,3259.3000786278485,3273.8377273585215,3276.4058389689776,3283.2064835454444,3291.7756304696645
394974,7,"Philadelphia, PA",msa,PA,1334.476795579433,1342.7529297066324,1353.2909293879632,1359.3267352167168,1365.9040334363694,1369.1783756752543,1374.0951874518153,1374.460589781,1375.0379766655299,1373.9594034517825,1371.0321704060773,1371.063272847253,1373.1696250258126,1380.4873710487218,1389.1926990274671,1398.855100922387,1406.7588432334094,1413.3329185886867,1415.0358476561225,1415.260859820715,1410.3981178908427,1409.0823988663535,1411.8521960255075,1416.6329061859863,1423.2023456591878,1430.4206926480144,1442.1651772623884,1451.3676468219692,1457.1781580780519,1456.5643329232785,1458.0320802308772,1458.8946151176428,1462.2424021012966,1465.429957151369,1466.73098799065,1468.5189806437538,1466.759925614349,1473.9707080406693,1486.493661076328,1500.264025910845,1510.0914714005332,1514.881022344811,1513.1839592633835,1512.3318054469744,1512.6739045766774,1517.146666306235,1521.2070356691565,1522.635592581162,1527.85564682574,1536.5359019181046,1546.5181423162635,1558.6479838114237,1565.8309481967926,1573.335894238827,1575.4386483100277,1576.0440317890884,1576.4506198605868,1580.820210179885,1582.1362781836121,1584.5578493245491,1587.3765991013388,1596.6301585574977,1609.401938487031,1614.7604562246784,1623.3031229382104,1629.0434575758968,1642.2892562538984,1649.5831549107945,1659.120951003864,1663.907418674018,1669.4751379480847,1677.435621876867,1691.0654914576212,1705.15411239227,1712.4080846229776,1726.066121480836,1743.631243802468,1760.8966177462278,1774.189004082877,1787.2242320601595,1788.4329476393214,1801.8018388375576,1816.194359421033,1843.2812063609679,1857.3446175536774,1866.3696696434367,1880.4692968053514,1894.3647851292712,1910.8535857099178,1925.8026649259423,1938.1587311271687,1948.0641735805652,1955.2590700948247,1956.1037852732022,1960.0884586085099,1958.0519895701473,1969.2989582252324,1979.2604385700918,1995.9361541115609,2007.3932499637453,2016.0783659809267,2022.9612120516617,2028.5981125329342,2036.1163995567308,2051.388998434066,2069.0648292727983,2078.820253599036,2079.6608877306753,2080.9617963633004,2089.5852792249957,2105.463779961899,2117.200815185676,2129.6344984216057,2135.12357644108,2138.186943020387,2146.636462412421,2156.326809516145,2168.8586801684414,2176.324422911698,2187.225844756955,2196.3320516841786,2205.8010724317787,2203.5255368381418,2207.4730768566483,2212.078975727888,2220.5180418811274,2229.2038431975093,2233.4533249137753,2242.594873841521,2246.692364427626,2250.485786886183,2254.3055283276,2257.1453922462306,2270.073429623178,2280.8511559935578,2299.6370910458395,2303.8473300626815,2308.89856334366,2309.4044204674033,2314.0208189845066
394856,8,"Miami, FL",msa,FL,1713.820685460237,1717.538331960395,1727.723648607643,1737.3844606071239,1744.683485220403,1750.9024454205182,1761.9723992897268,1771.7798848289701,1783.3135788951624,1790.8037258887168,1805.1502685338162,1810.0624949661274,1818.7002594139685,1815.1883272087414,1819.9259088448998,1821.6609126806222,1829.8194399028562,1830.79329156435,1834.930555433262,1838.0186118479342,1846.9477933842095,1850.23434319115,1856.239096306899,1854.8040320426962,1859.7340013401745,1866.9905057969988,1881.126387600155,1888.0309542656023,1891.4034822011706,1896.511727476799,1905.522795815397,1913.466214892558,1917.8738617210556,1924.1109648090835,1927.780057725164,1933.9533725273354,1938.573822707067,1944.5103019823878,1950.246679946565,1956.3851630617014,1963.2446214450554,1967.2382922027439,1971.01624914593,1978.7090244703652,1985.9415929055826,1996.0981017077802,2000.7036283197274,2002.57260980929,2003.3272648572445,2007.1381650264898,2016.792478220064,2021.8227300154979,2028.2331485058778,2035.4279989212098,2041.6563828259198,2044.2770739677114,2051.0979857165007,2064.4714888661692,2078.9721202743094,2084.585816949666,2082.8942497304047,2088.270788354334,2090.7037714912813,2092.597490238995,2091.805903658861,2101.8063801060707,2120.435752495159,2137.9897457433167,2159.886525776817,2193.466754504478,2223.158501928059,2248.9415361168058,2258.2065307265916,2274.426545922907,2284.1287152399323,2313.445459691633,2347.3012344322974,2402.939791899734,2459.3855347532794,2526.66134874503,2597.935238774914,2648.8684586149425,2708.884027174146,2756.917858151849,2811.3018401777717,2847.2732632502166,2893.3808390043278,2951.6080315567374,3013.4018668440385,3059.8953754391373,3091.798349366055,3111.5551509656543,3120.7210709331707,3131.474870769755,3138.132043265117,3142.6559556458683,3135.4394851953125,3131.3310430029896,3134.458296939852,3151.291718261328,3168.1777247358823,3188.0359445363392,3197.893849326716,3209.2230716957247,3221.4047761655124,3240.5108100935417,3248.0564583740356,3238.690084019356,3229.5634701395766,3234.747756142542,3250.4595905340066,3266.215682745863,3276.154245944821,3281.632552269719,3288.9934634407723,3299.6402637953197,3309.048070505815,3308.097032126552,3310.7772381313653,3316.007168126865,3320.173159539589,3322.236728753227,3330.3820721119814,3338.532106779729,3340.789510759664,3342.2458577595903,3347.5643733354814,3348.596996982556,3344.4949730546437,3355.490877398784,3355.834655718252,3364.7047761524077,3356.2865433219617,3364.0534121976284,3372.3644061479895,3389.9974819656477,3403.8913693431664,3409.428815904043,3419.4251939049527,3435.574145308954
394347,9,"Atlanta, GA",msa,GA,1140.3963230132108,1147.0028472237382,1150.5031988633123,1159.7798243013635,1167.783404560835,1179.486331700399,1186.3738647165,1189.2904900886263,1189.8323588339604,1189.5814442133503,1188.6144425450725,1192.430937852951,1197.7939558973733,1206.894699805224,1213.5385626412572,1221.0844150135174,1230.9355427234605,1240.6494707083561,1249.47252978432,1253.3326951778395,1252.7941929190024,1252.5426628308821,1251.147266463542,1254.0237885698655,1258.941990904548,1268.7858232044425,1281.2245180004115,1293.745388950051,1306.6728322385916,1317.458751297509,1327.1257258648507,1329.409333510553,1331.150599308419,1327.642064003678,1333.1981703061783,1335.1585708232387,1343.5046043712841,1348.4865200278439,1361.8563373929924,1372.8001513202369,1384.8680695166647,1390.972246491922,1396.8250233716028,1398.9198800855543,1400.8855591519641,1405.4920026565462,1410.0493378885933,1414.2493842785047,1418.6171486734554,1426.613232504467,1439.4299694176011,1452.8552404230315,1464.9178832472069,1475.104180993672,1480.0977042309235,1482.7169451133266,1484.1273733200273,1485.8509166300144,1488.908530982756,1490.6776626871865,1495.4741216416364,1504.2281284016688,1517.436659041817,1528.714326144062,1540.0490061348494,1553.3066167893087,1568.9371081908348,1586.6710708466046,1601.403541766849,1616.5689414015817,1626.525944869495,1637.2300662759385,1651.3612885441144,1672.3446574300265,1695.878109597843,1723.1249722897023,1748.9788177863036,1779.1950801251496,1806.1512345588042,1839.331245324772,1864.0946151892874,1887.789582714223,1899.8897486821659,1908.4974333130695,1915.7944949258554,1925.0795866961878,1940.154814748315,1955.1692996089903,1974.7462443997108,1998.1806858622144,2023.6438958073693,2041.911002564203,2051.4149075342334,2054.2464995976943,2052.93295475409,2058.288701216886,2057.1583789656543,2062.6136671142986,2068.7357325654257,2079.437848117203,2089.1815757007575,2092.521076835464,2100.168231520382,2105.1774956422455,2109.575720199556,2102.862092527663,2094.0209383136976,2092.4913807976986,2106.587227693555,2127.9375960786797,2141.829821893705,2148.9790912564836,2149.954992449496,2160.0303526275534,2169.082585051626,2177.700626180073,2174.788630800618,2171.8157192105514,2169.2308510910934,2173.928675082017,2181.3761277254803,2197.0174013039405,2206.8571202071125,2218.1197682830325,2223.2059309136507,2230.0725603726796,2236.605782779135,2242.2964638568565,2248.0547420942034,2247.1855695093636,2243.3215239990923,2239.2466542611564,2240.2951940731505,2246.4163046992967,2253.705225973362,2264.754096808654,2276.9094500369756,2286.0483169858253,2294.690836957507,2295.9195325764595
394404,10,"Boston, MA",msa,MA,2072.031592880521,2097.2311509224355,2139.2717821272176,2192.0192846185205,2206.188101085231,2233.154867510018,2226.9394755260078,2219.795478890896,2193.6809316451454,2175.3958809608007,2159.264892978644,2151.5766772615652,2173.2344446128054,2196.718230838077,2220.6734153311168,2241.4543063596643,2261.989682431092,2285.3888431218675,2295.747189658757,2308.841688467893,2290.496486526791,2274.370575542551,2273.31010861163,2272.354384774177,2291.9788427036005,2314.675673720394,2357.174667354125,2377.0957214478685,2393.202082350506,2419.3244010975022,2429.6624492695287,2405.9576078062537,2378.221204029565,2349.1525386731155,2358.842469804069,2350.077357492132,2384.668235551107,2414.600424380209,2465.9821065670135,2498.1222591385126,2497.820920081122,2503.094026826326,2495.753913424575,2491.831908782545,2464.1789105650514,2447.5653423596223,2444.679277815049,2460.636993758428,2479.0438377972932,2526.322801495909,2562.192657223032,2589.6754663031106,2590.8375174780494,2614.66434436106,2615.6086904246963,2607.8691120225717,2580.1832926408197,2570.926139392855,2573.2138703856667,2584.034747415616,2606.5614100551184,2651.519505592924,2686.1086751567213,2704.40896176509,2690.9309962261123,2679.4676896237847,2685.536282947045,2655.2930279825114,2632.7526068169177,2603.3981288892546,2617.2653290860626,2635.427360501857,2642.4658314737057,2667.829509784698,2676.2104592486767,2705.4464062369198,2727.9450571269367,2770.8710306140424,2803.1377158112873,2806.107084647129,2830.535624070787,2840.616479744965,2840.611280857325,2846.0182617856935,2859.2670152049163,2903.1997784329174,2933.5736199531275,2959.2678962333357,3009.2996125584814,3035.557519989361,3084.5840162389395,3088.0118078223127,3100.057513109093,3101.245892476676,3126.8095848449743,3132.519724067678,3132.320223576038,3152.0521981262937,3196.850440072509,3252.391520022812,3266.912388802711,3273.071296522566,3282.0301243179288,3292.601385476856,3312.2942759641605,3310.5586395855908,3318.910368545301,3327.8891567136097,3357.6282257983084,3381.5933836640265,3394.078205594806,3405.3358713050043,3417.6119566911834,3437.5467348130283,3452.971556163506,3451.6847099574115,3439.217691273539,3430.1369253125704,3462.2670301212047,3456.9532420989412,3455.729229301578,3441.800798305244,3481.229667377231,3521.270880031949,3551.5538077643105,3565.937281826264,3555.0235442709677,3549.200555057846,3544.6321082049444,3557.289476201207,3548.9137804922666,3567.505264747667,3601.225189420979,3628.731780523454,3652.860018770295,3664.879990409719,3699.8037910886446,3704.7176470507593,3692.9227444729254,3648.5565420560742
394976,11,"Phoenix, AZ",msa,AZ,1147.2840908383084,1161.5776523700347,1170.2925648143605,1184.179163542138,1186.8687141835726,1196.3231601082762,1197.858282904997,1199.6945031270734,1203.154056196967,1205.4241510126933,1209.4795383357337,1211.3303046900646,1217.3283457910186,1223.9601741730378,1232.5176945367941,1242.6330822809102,1252.6780125217363,1260.0299615124177,1264.3612201707083,1265.2894431786146,1266.5222255509384,1264.1620994030895,1265.01030801436,1266.8599164622688,1275.9745768143396,1287.75293916046,1303.4842687884793,1316.8142803351163,1328.750992439068,1336.68306046027,1341.3843821129587,1343.2454913514978,1343.632404218078,1344.346450230671,1346.8651466686267,1351.4274987802846,1360.205692280712,1366.7971807855465,1380.8098743831508,1394.1759952659404,1409.8679153373764,1418.3407992276057,1425.6521922841823,1430.0732576229889,1435.0578625989933,1437.951199733962,1442.0427899580602,1449.2874059967003,1453.471351760515,1467.84338131468,1481.9196809922612,1504.5649066604292,1517.214642763973,1526.9918662189207,1533.9423810613023,1543.0935708117895,1548.4761494847144,1552.9168754197115,1555.0435690785525,1561.1621465350247,1571.3750550334191,1584.9215951061292,1595.8293521415135,1600.363265259376,1606.8188124243961,1619.3555761015523,1639.948799808195,1665.6276456248866,1690.8938510808446,1718.9043295840474,1736.2127510288144,1753.0457848250742,1767.0798617722758,1787.3831653480988,1814.6377456540874,1845.5266287458628,1884.4839901792222,1926.7090788549613,1965.5935126760903,2001.1171347482893,2029.9847193500223,2058.4890438369307,2077.3291807842375,2084.6653683903,2095.3266615398625,2110.1614132804775,2131.8735253305836,2146.2047949101216,2158.680187103147,2169.9371747322825,2178.5835292594497,2179.4518493755613,2168.6816505719357,2162.0071028177954,2152.2543041538997,2150.2729227166974,2153.178895773983,2168.251452380409,2193.4632084307605,2205.7641838023937,2213.618418955375,2212.793417641787,2219.0303805367457,2219.2310155268665,2215.792954341548,2205.956856519654,2198.573487984916,2196.9648651632897,2205.3233548088083,2216.9334314993193,2229.854497867077,2238.714200941303,2245.2338326631507,2247.9761590418816,2249.2266606460835,2249.4568687471906,2247.3310078386116,2242.336388143376,2241.091139953846,2242.120770590961,2244.907500484843,2255.0391523892736,2266.9221665031196,2279.0610602894258,2279.5731419087947,2277.452776460514,2273.8211745914728,2269.431327986641,2266.8923515270412,2264.5337741278,2262.678942736399,2265.08745894938,2268.348809981819,2276.7688386020295,2283.5785053707536,2291.1833127676123,2302.2107045676166,2305.6061815789703,2307.448569766933,2302.4467059839694
395057,12,"San Francisco, CA",msa,CA,2591.6161774847255,2608.4128975179146,2617.463358240761,2649.666634497362,2680.5768836453026,2724.020077872259,2752.5459940862843,2781.3568032090657,2800.7484383589126,2806.9188068917483,2807.22884023689,2797.7082223504763,2802.6272226939823,2823.5259852695376,2835.7923271419527,2878.1646167427402,2903.85286154172,2936.019953088029,2947.1259415642717,2953.6960894712834,2944.9330611757223,2922.584599517116,2897.609846807768,2883.736753593457,2897.046508270315,2923.9320035895585,2964.007253886345,2989.483693850661,3011.8435371036726,3031.988210813957,3041.2349829588698,3051.6673482117562,3053.3959811527293,3060.211214920698,3054.997942338969,3049.4921306206584,3046.081914302621,3058.682733247341,3078.303661979291,3107.6994785092697,3134.644240617321,3162.1781809368194,3172.04723498441,3171.303430482459,3167.1163757098525,3160.3632330203577,3158.0926205310843,3168.8041485663994,3176.1856865039126,3186.9117109641193,3193.2618365051735,3210.0953374574487,3224.132902561151,3235.8753093123446,3247.45975640707,3253.147826633477,3253.269841158098,3243.180312565441,3240.0120980099164,3238.473557693116,3242.669516547397,3252.6275835501565,3263.4229422029857,3267.8727243363774,3274.4912009604345,3276.0985823552282,3283.758732333796,3281.300084890095,3278.780014268961,3267.1103459690203,3254.6837797463177,3250.714626220286,3259.657067280928,3272.6528387711587,3291.7779290823623,3314.331988112687,3344.963313630264,3369.8475528541067,3394.0679027951505,3414.775331352922,3428.2767081659886,3435.696427030283,3445.164467938232,3455.7167115147527,3474.279977550628,3488.202528835006,3518.181593423778,3547.453195483611,3574.5280106533232,3598.3280404306547,3602.824107815951,3611.2653715362085,3608.5213205156792,3606.646990967107,3600.0734289976904,3591.219257353368,3593.8868029177042,3605.0054974348745,3621.6155576272718,3646.444586147349,3664.721883326592,3687.6072884806513,3698.0840519875155,3705.453316378678,3700.3777094362413,3700.2834524735395,3691.608840827759,3699.067574794941,3706.835616608663,3719.0638885956428,3741.7032303164588,3769.8795894416726,3797.169379282383,3815.507642974518,3826.9244054370724,3834.712295650833,3830.04199277845,3815.36051168046,3815.252073961428,3802.872413102575,3819.2374351226076,3837.5473700600082,3866.8749373018404,3895.6658582994132,3919.23488799885,3949.8455793199655,3957.6532505548807,3964.568960319244,3961.9447660217816,3977.344268344074,3975.978222253075,3970.8118446910316,3972.025951274019,4009.9350618713156,4046.478957800296,4073.1625263946157,4094.76075617702,4143.075049018856,4186.175824137568,4219.56770701669
395025,13,"Riverside, CA",msa,CA,1608.5208706701578,1609.2944688786877,1619.9136168377504,1630.515082769917,1645.560099912585,1651.4268268564476,1661.4005659365782,1668.0905651063163,1675.665136050068,1682.0513782063315,1682.4729034364245,1688.9261096445716,1690.7408867688825,1703.5330176103466,1709.636256632557,1718.3891244594236,1727.050746889199,1732.8469699296195,1744.8876203357775,1748.0986386616532,1759.4236860263175,1759.775379845112,1763.9964730448935,1761.8173508112288,1773.3299684006274,1787.9451625835507,1804.6406312126176,1817.3665435095581,1827.252557082069,1843.0406550169357,1854.1313538263203,1866.8516121754665,1871.8316644419474,1879.424972586601,1882.9631869253358,1882.6276090882347,1887.2247558816987,1900.4778320548253,1917.4755181358032,1929.4835287496312,1936.8966593895002,1952.1553427083206,1964.3802856122118,1973.075558336009,1973.827964904808,1981.3327066672234,1988.4775225889975,1994.3269504399652,1998.3764974324613,2001.8922988128134,2012.4173987132092,2022.2765189597471,2037.9761547468484,2049.4275434822716,2061.265751264987,2072.329126209479,2080.4167291355175,2086.5379767197246,2082.0739152690267,2085.0467120812573,2085.6687207586197,2098.573265917669,2106.108513527731,2106.368675465879,2103.5268020876724,2119.638835634635,2150.9563943136263,2189.244646500474,2214.824220804225,2241.922334851591,2261.045664893474,2290.0223035167555,2315.1197220044814,2341.0568580098775,2371.102630197471,2389.2400895320375,2426.763474645591,2451.9902456700684,2507.377080574636,2555.9973638010993,2597.9102482260237,2618.007218960442,2633.197762269236,2651.0996722349655,2676.990170126377,2704.5904315097414,2739.572751878227,2766.655803062125,2782.4386574375067,2795.8371785135437,2812.5807706940063,2825.0816221657606,2838.887513584435,2839.481872882165,2842.673031434155,2841.935073474484,2853.244571613555,2859.549976761643,2865.233008329848,2877.941090520884,2892.2095891661356,2908.404639015281,2915.0870051227926,2929.4703855467296,2942.583117023113,2962.9251490929364,2972.573511049507,2965.20096042076,2954.0525430521507,2961.521481061621,2984.6682808501723,2999.319953068614,3012.8533971010047,3018.8699607674043,3036.607047053066,3052.5880993595138,3069.763502322527,3077.5663593162394,3073.108197022695,3073.9008132763893,3089.179782643919,3097.590129747433,3103.7303331455714,3099.977102149317,3108.39280964636,3113.805541574263,3117.977013327092,3123.367009879478,3134.7885800567656,3138.7508867441948,3132.665067084932,3132.7447658548717,3140.137081291543,3156.060452668872,3170.340154331223,3200.241678906225,3204.861671855864,3210.592690460144,3198.5994384333967,3215.1398221515324
394532,14,"Detroit, MI",msa,MI,910.8845217050434,915.0506978117177,920.6201671572801,927.8496480276141,934.4387506106299,939.5431788021633,944.9113377519226,947.1527864988076,947.4624325837071,944.1275156928374,941.9426606687289,940.1185969422668,942.4762618111763,945.7855977554674,951.835306001711,958.5701722859471,965.761095657571,970.1315462576282,974.9321316495999,977.0898855073536,976.7058600125512,976.8434321347203,974.2919118283553,973.7450818896335,972.0715726739131,977.9446249018531,987.1285934769943,1000.1003390991991,1010.4515907553308,1018.5993492515254,1023.5063020723047,1025.3899065143667,1026.7133453077322,1023.9843883936283,1022.0610012445251,1021.41421778284,1023.2489069883022,1027.4443565753531,1034.4564297718675,1044.532253484191,1055.452557507627,1062.1648819049437,1064.226839178291,1067.0566857923848,1070.9451659091535,1070.723712433963,1067.2327921440437,1063.9517249640685,1068.3435741496303,1074.104190613851,1083.6876721782653,1093.95166298503,1105.4780066958826,1111.2782311124229,1113.3446148626049,1112.9854242787671,1112.6293643822428,1112.858544414441,1112.7664978752096,1111.178023609865,1110.4278165936337,1110.5834399495347,1116.4041298023296,1124.1989117413677,1133.3525616983745,1144.982356573531,1159.202287645167,1174.9279455874805,1185.5660288442214,1192.3168747710101,1194.7329771808604,1202.0191375238228,1208.092079761739,1222.1987522288991,1236.0159763275567,1249.3472921578332,1262.403979449787,1274.3769055398936,1294.9218256834195,1316.3214188498528,1331.2118135941014,1340.9804790953633,1345.678893493684,1356.904274860424,1364.8353897233976,1373.2093632380463,1381.265824636702,1397.4901056567253,1410.9278524074039,1424.8573896971275,1431.4457558222512,1434.5174125517196,1440.780053050067,1438.3205057164403,1438.4163395846035,1435.127048321665,1439.2144012118397,1444.1674484634075,1450.137118810669,1461.4991295387472,1471.304528247756,1480.9488545098277,1484.3742094062127,1490.8372248837668,1494.1080539161783,1495.0615572419724,1498.3889808046567,1499.4415534506852,1508.2460207304885,1513.8020947115517,1525.3359666958827,1534.5590029346035,1548.3232875471874,1558.5436320268227,1565.796458453071,1570.7911094474553,1568.3392072208892,1571.5916458078966,1567.6266174834723,1577.9229588075782,1579.0714816209893,1591.5162590871234,1593.8303640841289,1604.2325542434749,1607.827792854772,1614.3362345126877,1616.0178689806246,1622.109370608425,1619.6505378179968,1619.556872619957,1615.4193019057852,1622.641712632722,1628.4740391004275,1637.857276974166,1647.7072120547325,1657.313538393297,1665.4762466646173,1670.0861680039811,1675.7436558808638,1679.6858896369968
395078,15,"Seattle, WA",msa,WA,1848.1600538044477,1860.635157495782,1877.7529747984318,1890.494958601037,1915.1047089778576,1936.4564235538612,1962.6205199660187,1969.7764940707198,1971.0510766057973,1966.0259295677574,1961.8006553140306,1967.7949692735342,1978.9820709738926,2003.0795052100168,2017.0556699569415,2042.129713582653,2067.1082642495876,2099.145645955367,2119.032350086667,2124.9308686283216,2119.123689293469,2106.700564251823,2097.107104163358,2086.3490947314285,2105.6717592860164,2128.7132466070643,2169.6823945404253,2195.4523094135866,2223.3470780079097,2250.0051989233352,2264.1132084721335,2274.2750619748595,2269.7235962235723,2264.121837424844,2248.4136237284615,2241.310463781521,2244.889885972922,2259.729736643547,2285.6418553973017,2311.0177378662197,2340.8035255484074,2354.9629943366717,2360.520513823176,2350.8561604957263,2344.851128857423,2333.871683530541,2326.1575923709734,2324.14073774016,2337.7829546439625,2362.1207257400906,2386.8668444297914,2405.221706012606,2421.4103721828737,2436.6630448935084,2446.712886379751,2453.262591966916,2441.7132059412775,2436.501151048591,2433.5268295397814,2438.294553039752,2456.4156430781727,2472.697263179598,2499.3918100795026,2505.8536386742066,2512.119582790158,2519.8852301819556,2534.8766820604496,2554.972052906942,2567.3624467148393,2575.2449081706477,2571.0309147550392,2570.6265388716356,2576.458981095364,2597.9412621922115,2627.8265957154267,2660.059423619328,2691.013012156998,2721.6417475437393,2751.4630600001087,2782.0758536464514,2801.210142203567,2808.590272999408,2807.415373194966,2812.3527632721784,2828.4395558703873,2860.905453488342,2894.8319946230054,2933.9310825531725,2962.7687969711305,2992.022427751803,3007.0178550123373,3012.4768075640495,3003.8701902370144,2998.8910160984656,2979.144864533556,2977.8705676601376,2979.833033644942,3008.6439873086165,3028.8745692301313,3054.088379665109,3079.6640523263713,3106.7750701549053,3124.9915663729157,3130.287205488253,3124.3149564825344,3111.1910160375496,3100.691074822263,3100.187668246933,3112.2929327055417,3130.698582912816,3161.013079354216,3188.388298432879,3221.297771668509,3241.1313144136516,3261.9870103802236,3260.9724006685133,3256.78435738299,3234.9621852082337,3230.2811119404682,3228.8005575588577,3245.800179874499,3261.676937542988,3282.74538095441,3305.0008869518333,3335.1857416267535,3366.3708245041375,3381.1902602362775,3378.633832845701,3357.7574723903226,3344.7741504000705,3323.6354424893248,3322.8546298802326,3329.2872527096333,3361.1117695773637,3389.377937890658,3419.378460727908,3442.4330873336007,3467.748563041404,3486.8526515483304,3493.624391537323
394865,16,"Minneapolis, MN",msa,MN,1445.3189246163156,1454.9215799739854,1465.0572077987297,1480.1751255745214,1494.7249819485853,1501.7724468357123,1504.038353507923,1503.2434378079322,1503.0135871708346,1495.531723941154,1491.9741227612108,1488.0535041764401,1496.2364197419954,1505.6304778918154,1517.2121209901727,1529.3115295120156,1540.87454612719,1554.6722640239993,1557.7239563104172,1561.6930220163322,1560.5018581062393,1558.8929593872156,1556.7244144843476,1548.706409414915,1556.9183187522297,1567.7481687145416,1589.3546302332697,1600.9710513397679,1610.5460137964408,1620.2363931977397,1626.6382551007796,1631.0765060470776,1628.9602269982104,1621.7611653595504,1618.4563184083313,1621.9887409259652,1635.6931818686173,1649.4417906023282,1659.7322319705263,1671.0003341932613,1679.8202468374088,1688.8065854872782,1694.26489192981,1697.7812566918979,1701.5832534661586,1700.1961261925821,1700.4705388821938,1698.673468241844,1706.7851995154363,1716.2011103950479,1735.622024495042,1748.6727940199544,1760.948101742084,1764.2558273978962,1770.7952535187426,1772.291596836277,1771.6052032445928,1766.906310033701,1768.0308253735163,1772.455853331964,1781.6263782326089,1789.2920541507362,1800.0438035961795,1805.3626740090838,1815.4193680470053,1821.3731789949477,1829.173732099827,1834.2291308322617,1840.4066438596042,1842.8688784131677,1844.9973643621518,1847.6750276997195,1859.2119998223877,1874.0501258312584,1893.1365031224702,1910.7120107742983,1928.6470640689195,1943.7483370327056,1956.549765803569,1965.8567537621416,1970.746962902474,1972.5107435105874,1969.6070109251154,1973.999476482139,1984.2919997756435,2003.7003450949596,2026.8637752152094,2046.8850725249756,2067.285644171373,2077.432081199409,2087.652162453077,2085.149232624814,2082.591639997758,2072.957448108438,2064.2028285920874,2065.7174056773747,2075.8680599222066,2096.9057942791555,2116.9329649351293,2137.4983432317067,2155.4343179570014,2170.5074588103853,2177.9585195550685,2176.585074952957,2171.166698080179,2164.8469082629654,2166.5227982350148,2169.640094039352,2180.614040543987,2193.4178535796395,2206.835093642158,2223.4836845989716,2238.9510982098072,2254.008451462242,2262.056993316385,2268.907966620227,2268.109959445478,2267.0404646207608,2253.176631272081,2264.881661248361,2278.1067580098024,2305.7944729711535,2313.5295207614113,2323.8885277874256,2333.533407428392,2342.585027848345,2349.547208247368,2356.3249656622984,2362.474576834895,2360.0414167683675,2356.0367276306615,2368.715435682724,2373.3593995878027,2388.4817992437647,2386.71614979497,2407.137234392189,2417.48631652114,2432.7236899124327,2441.700232799228,2447.989150467016
395056,17,"San Diego, CA",msa,CA,2180.747753303868,2189.6676683310184,2201.147197949155,2206.2383355701104,2223.6972626194156,2229.376387648654,2247.091381340644,2255.2912038525537,2267.819048681641,2266.7538545380967,2266.8905901787853,2276.528996199069,2283.115737196816,2293.2800172569796,2307.9942703590787,2324.7076933998196,2339.7258421836987,2355.47979071332,2369.8292089866195,2378.4695825936137,2378.9582109057847,2376.297917135153,2372.971030519767,2373.5022202875607,2380.4601873691668,2403.4720787678134,2426.8747174956898,2463.100745809841,2485.454418465826,2505.1558247025882,2515.261251515973,2515.291228312669,2514.1072964520245,2510.527027486975,2511.985498890508,2515.0854559828786,2527.281896505204,2549.4743213607485,2570.952259002512,2584.883313640422,2598.64242259297,2610.9259234999836,2627.3838714258177,2632.2564227460325,2633.5560782794637,2630.380596001886,2626.320035572284,2634.393912759532,2643.606893252032,2661.078248931451,2668.893059589648,2681.684755030735,2693.7242662380395,2706.7092599962975,2718.911267387646,2719.8962051296944,2722.2387319889717,2716.3761096141657,2727.166190322645,2729.730373139652,2746.5067635734945,2748.178298253938,2760.621089509548,2749.4475367786818,2754.4701692132385,2763.1898870129285,2800.2124222244884,2829.3108777045577,2853.705093502283,2866.7753292039815,2876.0393368771784,2892.2771944383585,2905.605314393176,2927.5596269829834,2949.9147510751704,2983.2719398407594,3026.1245479647755,3067.972317669862,3118.7503837239556,3174.735388269408,3225.6018877958604,3256.619716893029,3278.157495669313,3289.908476747497,3328.0122560323407,3367.298266002994,3428.526417177462,3476.523776767142,3520.8533653745176,3553.9686291971316,3573.053458979799,3581.922869681622,3579.7959277057407,3583.521588661607,3588.6010718355465,3597.8577906482456,3608.7930666631196,3622.733164049468,3657.513033674078,3694.654625971717,3738.185497521979,3766.1571516169815,3788.0971109955394,3796.8583580792993,3798.21510562789,3800.096905915886,3792.1732550664155,3790.0464751511486,3785.486153100701,3815.6027156893065,3837.7201772072212,3869.7903614230277,3881.6552867164482,3907.701704245627,3917.6877623192854,3921.478942107646,3917.4902639108104,3925.716132791408,3925.6512898789756,3917.1361678884164,3918.547577738003,3932.630548406377,3963.97483591205,3983.442802866664,4005.624691949354,4019.2976106349274,4019.1558333001617,4016.0499930539772,4014.461289136408,4024.002418287722,4026.4957733448164,4020.5094201830448,4031.7956609708003,4044.0882090124064,4076.684352494719,4105.8050026135525,4129.060898639124,4140.032079218477,4130.118037378138,4136.100099899267
395148,18,"Tampa, FL",msa,FL,1195.0470518475552,1197.659013644583,1202.2587365906984,1211.930911435904,1221.3874972684987,1229.5073043326508,1235.8813427705638,1240.647829549075,1243.291281813861,1244.361904491323,1245.3725425816638,1249.5517416648847,1253.609254870239,1261.645712611978,1265.6547475321172,1274.8500731595348,1280.4467616106583,1290.1523117443899,1292.6880208751663,1296.369830726344,1297.5418837900008,1301.266356912531,1302.3122201603549,1302.3463787801638,1306.3189038455746,1312.7254362293093,1325.3786369471702,1338.4283673731877,1351.0222988173505,1359.1345830498283,1360.3386101083427,1359.297304762333,1356.1542650314411,1357.8454415074652,1362.4804575582,1373.420860934781,1379.6511244542257,1386.6760146052568,1392.380266281393,1405.5880988235244,1415.8386338367582,1424.600845485483,1427.515078303538,1430.0841899498478,1428.5120043310649,1430.0512864553098,1434.047514000112,1439.3859515172455,1445.1421715194926,1452.7625747268792,1463.5985894003957,1476.0253517826923,1484.7011970989424,1492.9834856957475,1494.8483681266143,1498.480590288324,1499.7100662391956,1502.346315339175,1503.960931697505,1507.2643172289334,1508.5869016362706,1514.655069525301,1524.5666718529496,1533.3413583771653,1540.322936904668,1547.7518523237416,1563.9954419057983,1579.2942845525745,1595.4035781043485,1608.5500655576352,1619.1134129111142,1627.9830149463792,1637.078067157882,1654.8690646337122,1676.9140268630936,1711.0474413460222,1748.717555973197,1787.6509122442396,1824.7747199942162,1866.8570823522066,1912.818882578508,1951.311710035187,1983.3705625881632,2003.756329789217,2015.1287383072793,2034.4315054379363,2062.289583079066,2097.369408849684,2128.065843393121,2152.574937985359,2173.853785422574,2181.856144637185,2181.2241469359496,2184.514441220142,2190.6344653976025,2193.2969258770054,2193.4733505082995,2192.6704030294486,2213.4532993056882,2228.3181497760024,2242.0129706882967,2244.0627216576486,2257.3839611603416,2268.2878376752265,2272.245307549888,2268.866645313071,2262.7458920970435,2262.4560162534326,2268.646255658157,2274.5503016766047,2284.815249980835,2292.723546470304,2300.7637259079024,2303.9095134261415,2309.4542355578765,2312.6586007809765,2317.538318412166,2330.514116991902,2340.4813688093086,2349.0541194881644,2348.3289079008546,2356.003608711639,2364.7721830937744,2369.015890479029,2372.0883930730283,2375.2181369291834,2372.6961009245474,2376.5623398929447,2370.8022452787345,2374.12848924329,2366.4961946371222,2373.741839312698,2364.283229561307,2367.7513189264005,2367.8032238864093,2384.0521180062606,2394.411062009609,2402.257037066658,2404.7277888683775,2410.461395423704
394530,19,"Denver, CO",msa,CO,1753.7438555078754,1775.0455765663864,1798.9648672727183,1822.6636144491786,1839.0812008448545,1862.9386921249923,1874.3495638116833,1880.1716040256738,1877.092747410705,1879.3157172975095,1880.3109265854182,1887.7017385115064,1897.8111608747179,1907.6157338560977,1916.8854703805398,1923.8265942615765,1939.2191392007348,1954.1097968514446,1962.1308420505572,1957.17426549788,1946.3801104923568,1934.3246350632796,1929.3407632276894,1932.0240935704949,1944.248962850773,1963.8932941422659,1985.394121399071,2009.7914941320998,2027.227616890409,2038.688748152393,2046.3664310078223,2053.1623853354604,2049.15641441617,2036.8462515343597,2032.4342629511598,2038.5685214621346,2056.3005406319176,2068.5647309850924,2090.822999970017,2103.949235045444,2116.0073566309143,2119.1374276930856,2122.799117716057,2124.2199821524737,2120.407442470482,2114.243319753068,2109.9457998851076,2112.2544717787914,2125.3092074502297,2141.4545324861683,2159.586133080992,2171.3473466018927,2184.3839114135562,2194.99273980164,2201.6861471626466,2199.1004028651478,2195.460514115492,2190.4995274793846,2185.8853610316933,2188.0616224259024,2201.441321001215,2221.6943896481957,2234.109326564891,2230.2505923198078,2233.186645106085,2237.9960578751798,2260.1587336980883,2271.738384178023,2288.1342669956425,2292.446850402234,2298.6259694242926,2301.3215635483525,2315.483807039995,2329.8623351058686,2351.1634206007693,2372.339303761075,2404.9039376467904,2431.2644031375858,2455.7482931239874,2473.464544810849,2489.4651330153074,2502.2982133656415,2510.223710915618,2522.1413035848473,2540.096333232098,2563.0598882347367,2590.5503246131334,2610.6923523784594,2637.9529774889834,2653.9841966589697,2665.852583538375,2665.3306582492737,2662.6233333546475,2658.94847143127,2650.9339333279368,2644.546190095064,2658.4917627312097,2680.449006559724,2715.0448919248997,2734.2006924647803,2755.236967344947,2773.356143983973,2789.013049485967,2799.3432202117738,2798.2331023278894,2791.5806965995557,2786.263049407341,2780.168272272187,2793.0464229286417,2805.9023211088006,2835.681898774746,2852.3485223791267,2876.551877342583,2884.5193195787497,2895.247408894745,2893.9005853442727,2897.627730789115,2885.091679812698,2873.8006396912238,2864.376441104552,2872.566286120809,2888.968768201019,2905.893615031889,2923.585520986853,2934.7521383317103,2943.4743222558004,2943.7161763951003,2940.046461200699,2928.6133890435513,2917.1416073055307,2900.861727823917,2896.9067962888776,2898.991613175714,2918.0848419812446,2925.6998728414924,2943.3603287699475,2954.9863675967194,2972.301960377861,2981.1101991107953,2981.4333525343013
394358,20,"Baltimore, MD",msa,MD,1624.2363675320812,1633.3200123357321,1642.4648269950862,1646.9690943162154,1652.783875114226,1656.5385819025123,1662.3403424735322,1659.705616022738,1659.2347492599447,1656.4381234543735,1655.6777783302655,1656.181397495432,1660.2922904820928,1668.3224499629926,1676.121894279667,1682.3296302695144,1683.7809778024418,1683.0369233086606,1680.7523623247928,1675.4503099585106,1673.3142202147874,1672.7385708412507,1670.2250107690238,1664.0553483943404,1667.8201375308045,1678.4547120160896,1693.2661345224199,1696.8945980827289,1705.9833186389474,1713.362576005501,1717.059741530211,1708.9420835361736,1700.982388742453,1699.1262477848215,1695.1546692435804,1697.9440944794114,1698.7777848047492,1709.0833230254227,1717.0261044006693,1727.3787116019057,1737.3720835233562,1738.9084216986387,1741.9201300062948,1738.8671405631928,1739.7592309625702,1734.4979292205178,1733.6749701029985,1736.308486036582,1739.0082598915228,1747.133953740257,1756.677062754172,1770.1463183492083,1779.0463282791804,1782.0611731864715,1783.985798045106,1781.2644724850682,1780.0714219458112,1776.3169653939444,1778.8866685526966,1781.6800906586702,1787.7389401914147,1787.4700375707544,1794.8529927174277,1801.4076847549427,1814.11585067357,1823.2343603110082,1833.5820447426681,1842.4380019580547,1846.2163884563338,1852.1193318866951,1864.3547466478876,1876.4315564588383,1889.7801129594202,1900.3801982276932,1904.1469311192475,1919.3771676672206,1931.0745768477886,1955.2975622530312,1967.575975706445,1984.2853197782795,1996.8744641648634,1982.6183288244765,1992.735521333444,2010.452667317359,2051.9878674797455,2065.718186509396,2073.7287428902646,2086.5823862137468,2101.396258705667,2117.6784677543415,2128.9232877427175,2137.6934722365936,2143.409202676429,2143.342036534878,2143.954590524868,2152.3206024008505,2166.881812216904,2188.411927573877,2199.9218596150477,2213.409021121882,2218.1064237209803,2229.6179986127727,2243.7954438622833,2252.3967290128753,2259.488574501375,2257.961332115685,2260.898427489883,2262.7592091441907,2272.382117399529,2284.2876197337896,2303.0992913868813,2313.5506354206955,2328.81975341163,2336.913749526945,2349.4792604912477,2356.657321096453,2361.376457260959,2365.8706796934844,2375.661236463649,2384.6066829698166,2394.8745202695427,2395.2606858617264,2402.9428365618146,2406.0883559179183,2421.7360835137365,2425.5186964915542,2442.5625586301044,2446.624512132696,2456.980904467629,2449.6851294279763,2455.296114364362,2465.6410817494807,2484.2889724502393,2482.0873193263787,2476.946654473994,2469.855634621123,2484.5302616967606,2491.16061606843,2506.2979484615253,2502.1621158632875
395121,21,"St. Louis, MO",msa,MO,968.0833928499484,970.3274163974669,975.196083664475,978.9195678645328,983.0942830122447,987.4225134179306,989.9812738098177,989.5714860671659,989.7650275679448,990.1874983051256,993.4220650090027,991.3938058955557,993.6367046229068,994.4693348956977,998.4363174173416,1001.150931229723,1003.499372622919,1007.7650817634155,1010.687504907429,1011.4716152601077,1010.5681283259435,1009.172136047998,1006.3477323450323,1006.0293730735831,1007.6307628069159,1014.1102270116089,1020.965314058779,1026.2058047358576,1032.141307338343,1035.7093283130068,1037.842664440289,1036.3823029026373,1033.334232242546,1031.2647932824889,1030.3685859867326,1029.7652320530788,1030.7449808465362,1034.7961558110012,1043.4417875250565,1051.4070418128154,1058.2618613844054,1061.288479920602,1064.71217052819,1064.8867933442086,1066.4834696625119,1067.1506502447478,1068.206901229168,1070.0956740375268,1071.8442808663547,1076.519072564046,1083.880798124265,1089.3393015036543,1093.9959047772895,1096.272056624897,1099.580725749661,1103.2228417891317,1103.0005599392666,1100.8187955652845,1101.933413084185,1102.4871174235768,1109.824611240633,1113.4376649709136,1119.1228712493378,1126.6907422925267,1134.481384097313,1146.1035424932702,1151.1428152000838,1158.9720857396992,1165.3784496325713,1168.7822226141486,1172.8962278150443,1174.7453569477702,1181.2268306796193,1186.4385175219352,1191.6633005362594,1203.337100930906,1217.6970781617308,1235.3550618533768,1245.9209823140416,1254.1812776314046,1261.9668221026063,1271.163860773265,1276.9250478771746,1284.1667161018859,1291.5575867370187,1311.5467136071004,1323.6503625043324,1334.7550270193724,1340.0637262387152,1353.1828464298546,1366.3862938584448,1377.4583361157843,1368.006464103613,1374.2098935007284,1377.810517018674,1393.2787717726928,1395.0367322648221,1398.2409252066057,1406.5604184706974,1417.8331183509647,1432.3032331078352,1450.0541471961574,1458.8941189752463,1460.239636620906,1461.33125918579,1464.328573124826,1468.4018989368083,1472.0388476100916,1476.9140425181124,1489.0126202001,1504.3039891963176,1523.4594426174963,1534.8286325598192,1545.7044642703345,1548.3459828253506,1553.6463208183495,1553.4574509979175,1558.574670429891,1567.3115349868303,1571.2560607162031,1578.555007356857,1578.4518105746406,1590.0868849778067,1603.3877095373095,1613.295369874557,1617.4637842176583,1617.9365903776174,1631.8396696498835,1633.3495043450873,1633.1450602722248,1629.291698730931,1638.5849440627376,1651.0161343069205,1653.9069176880942,1659.1462697524644,1665.5756043783424,1683.8225708760049,1691.3391073995308,1699.8737829271226,1697.3965026863168
394943,22,"Orlando, FL",msa,FL,1317.1802546225786,1322.4616748096298,1330.8748984126748,1342.0912109937074,1354.3626845766469,1364.8331473346236,1371.1513641751355,1374.6445019403498,1376.2156856372173,1377.190935287935,1379.754580409138,1381.816649918491,1385.0225644054897,1388.9958168032279,1395.2455223870206,1404.8961420840606,1415.231817767388,1425.5619632563644,1432.4858303635922,1438.2712855111863,1438.587714052702,1439.3288594346186,1436.1712657577607,1434.3900351978907,1440.372598339811,1452.5893745747544,1459.3221136875932,1469.8489950229416,1481.6696324421666,1502.3536085911492,1510.2282838892513,1513.1485008037157,1509.1257297285226,1508.7416947592476,1511.682549541759,1523.1749969182565,1532.3789503363607,1540.5594636372048,1548.6151904685757,1555.8270262108042,1569.0547350702236,1582.2902622034085,1593.349505897546,1598.0565451334492,1597.1639053720103,1599.4135355028066,1601.5432075911633,1606.9504808703962,1612.7389763019278,1619.3677320450684,1629.857263577327,1643.1309604544178,1652.8738802931705,1660.5863815619791,1662.9906534383551,1665.967622386399,1670.054384721379,1669.4886051897417,1669.0523427075796,1664.2741455661521,1669.1366088117345,1677.7598960429727,1687.5924096339243,1689.419729152358,1690.5999812716768,1697.397794503435,1711.2576864843793,1721.1579662748009,1727.4800202681163,1730.3059290501178,1737.0948779931282,1746.0490742866612,1760.2991846883538,1774.6638140148589,1790.3232833119444,1808.6826903384338,1838.3256253239035,1871.7417004817119,1912.098402927295,1949.4564067728566,1987.1712316074336,2022.9375731855657,2044.4617744727661,2064.2319143676314,2079.6832015454447,2106.3785863105004,2133.2929831711203,2160.8923614889377,2192.2431465130508,2225.911077569335,2254.6533822129236,2269.4072273914735,2270.3734765168983,2264.9319446493423,2260.486738454461,2252.755933475777,2248.936203563533,2252.8250614921276,2268.759254168044,2283.1383994741523,2293.2464894515324,2302.962030099447,2313.0814312252437,2323.2532490138638,2324.884860911946,2323.9588356662975,2322.3457298377552,2320.4299783799784,2324.9999922622214,2331.234844887302,2348.3625669461394,2359.848775685792,2369.2621887224905,2373.4251928518725,2377.586464424556,2372.9899687294146,2370.4919600284775,2366.149518020662,2371.67449205236,2369.603178698195,2376.5732608182943,2383.1819430229393,2393.139516797292,2397.253582763264,2401.6130894634584,2409.538285855159,2409.2972621194986,2410.987584343839,2409.298451670016,2409.483619104929,2408.2225756443677,2402.107266522513,2407.554397779529,2404.9408092991407,2414.525424699966,2432.113086721269,2445.3066467155168,2454.9116195772854,2449.795927213427,2452.1580466074806
394458,23,"Charlotte, NC",msa,NC,1156.1343017928655,1161.89333316507,1168.7234723052072,1182.5017954202083,1192.0541883723852,1199.3712256238753,1204.5462963789164,1210.9539942545928,1213.7613947665113,1213.0572268038263,1211.723466355086,1212.9685640366968,1217.5067385438542,1224.5140853402056,1232.670288871438,1240.8147708139359,1247.8640170370475,1254.6788258365495,1260.734258452075,1266.9696246222409,1268.9289747697692,1268.9562670034434,1264.5924283885724,1261.0789529793367,1265.6297316748262,1278.2846063588127,1294.9533005519427,1309.2309763856297,1319.2146021865824,1326.2973411950509,1329.5449033012392,1329.3322410983355,1330.5889600299504,1328.0327329526763,1328.6154676101753,1332.5781295154818,1338.0992406538967,1348.5376731834049,1358.1627436426597,1371.0666007716536,1379.3748896914217,1386.0792082247206,1390.1900298639714,1393.0754604137426,1391.333291969836,1391.230231730584,1389.63038786159,1397.158733896439,1401.4507270312736,1412.408110265355,1422.2849503209616,1438.0839871174533,1447.7365362736941,1454.260637418141,1457.7460984410752,1460.7914481791572,1464.5874234847465,1465.2722866515508,1466.495948982347,1464.3586464410969,1467.4666128843235,1472.5220663861533,1488.5886715945096,1494.099262289061,1508.4716826732645,1515.8126439322843,1538.2668181596482,1553.609271558846,1566.5074413805467,1575.0566893299188,1583.7579022159673,1592.3291416049522,1597.479401085832,1603.9781856878328,1614.0458264568285,1636.2193110369565,1661.9377989932566,1693.616588395406,1721.0946830102812,1741.9851297931043,1758.0518476765362,1769.3148682178671,1780.0367593476271,1792.3677385971005,1802.613858351236,1815.5408107502944,1825.263660906637,1840.3841487166508,1859.9333647251026,1882.5899390704274,1905.370155960944,1922.6213819424452,1930.505228949153,1939.5997815025075,1943.8863614667202,1952.8033192117346,1951.2596059521013,1959.9747539911104,1968.6554317371383,1982.446736706232,1991.697269250955,2003.2774074235645,2012.43698347573,2019.2255879584604,2019.6816652663638,2016.813747524336,2011.88301560136,2015.5978035914661,2030.0411548890706,2044.5488275671082,2057.8422723385866,2067.4023192027116,2076.416952745061,2084.8327144526606,2086.6187346404595,2087.2195652462265,2082.0713047293384,2079.8045559261614,2084.529537769361,2089.8803395556206,2098.1030192261746,2106.1785168673973,2119.93073361721,2136.1118183738536,2147.1950522207967,2155.6491075869617,2155.929913719445,2154.2122733010633,2151.785328960674,2146.9267199303804,2154.1752250296176,2152.181015651982,2156.531318864737,2156.549525524195,2169.5535115915654,2185.2812644671426,2199.8975538398427,2205.838926262281,2210.077507501305,2213.6454505701695
395055,24,"San Antonio, TX",msa,TX,1206.765871779648,1210.46396526157,1218.1296369482686,1226.6109050565508,1238.950555757102,1247.0199631781302,1250.7050476196089,1247.8240660458657,1244.3562958598827,1248.8773544218895,1249.3692814011458,1251.82831461888,1250.833119451865,1256.5430524418907,1261.2723605859094,1269.130756679019,1278.1794438966633,1288.0884570332878,1291.8529586401125,1290.0316107741407,1289.006788261974,1287.0010799036656,1286.4496339860855,1288.2738038891196,1292.925779928447,1301.1246920555,1309.6576541224986,1319.8036177945721,1326.4684204448804,1333.7930036677392,1335.6024854232153,1335.5192651226344,1331.896685585218,1329.4474481472482,1328.9915230637014,1332.5773986866357,1335.2122229480804,1343.487655644062,1353.5880913763967,1364.8870514559685,1370.6179746152206,1372.9567915907971,1373.7565724317192,1376.8047510301888,1376.2867731899166,1376.7139912965836,1374.2112031461456,1375.1706891169663,1376.9989987011022,1385.6317471866814,1391.9151799031429,1404.2298248159645,1411.3065750268709,1420.4724280309842,1422.4851814336232,1421.6997197152018,1420.8015343018697,1416.6130400801087,1420.6585223484713,1422.4863264357166,1429.6833389714195,1433.1232786554008,1440.3787569519143,1445.961475028829,1450.997927742164,1458.0706694768423,1466.8956124952717,1475.2119810813033,1482.1997628991369,1489.91760756218,1496.2087368869743,1499.677858924351,1505.1319918447084,1514.7992844428852,1528.0025940898238,1544.37021135377,1566.0140762269214,1587.112068054005,1607.532348339088,1626.156118119505,1644.4523756256347,1651.4760858369414,1656.5994833789891,1665.9109437829775,1680.1785933079789,1691.074546352167,1707.9885444466356,1720.3882664013317,1736.550361708082,1740.7927968625522,1754.9626369749067,1764.4301882250027,1769.4728293817725,1765.685559275364,1766.0867004176996,1767.6465503394668,1770.932715748303,1769.7026619020928,1778.586816068302,1789.1941896904723,1801.9921514355465,1803.3476262614847,1803.3232811854614,1802.5078001125678,1799.8930277047336,1796.0543657695623,1791.6734466450844,1788.372561326319,1790.349260171904,1795.640086066238,1809.1384416039082,1818.2738616649256,1822.0124765099147,1823.8090673645327,1825.7875680666211,1826.828965587941,1820.7403231297114,1813.504820972288,1808.3772905218718,1810.7020161391188,1812.6600689740274,1815.7806313675592,1821.9219244529686,1828.571742406117,1835.0731656620771,1834.2601199126068,1836.0259689060163,1834.2257817433447,1834.733889320773,1830.6003390586673,1826.4564492089298,1820.6533267436268,1824.322126691663,1830.1709868515893,1839.7987898280853,1851.1216175063007,1854.8709194075107,1857.4007660969153,1849.4081146275237,1845.2487840976012
394998,25,"Portland, OR",msa,OR,1543.3527724438854,1548.6931013317396,1568.2498258187168,1590.5327956339204,1616.637197329157,1639.0628083269028,1658.4983465388932,1672.7144667796474,1683.198477076799,1685.4675795566902,1684.1526534090367,1681.5127959291342,1684.206579799729,1695.7943851629468,1712.6720201154415,1734.1168320676775,1755.356123903598,1773.155965276409,1782.805874978458,1783.0686333780436,1779.8217019018064,1770.7229348997428,1764.9807515525379,1760.9059282599258,1767.2507599032583,1781.7807530100429,1805.2871321737355,1830.6682715059637,1847.4046440999937,1858.9158833469708,1863.9827500165102,1868.199724157838,1862.5696309296081,1846.6455022143114,1831.905006248572,1828.2820997258361,1836.357911759589,1846.842008225254,1858.951406785334,1874.3865058781732,1893.7742549354182,1903.3418038037528,1910.6533368033638,1913.5117134986444,1913.2239080063077,1910.5948942464624,1901.8537267270774,1901.9114391060255,1905.868148363117,1914.0389715244635,1927.1289095160942,1942.0304648262827,1965.6338506404138,1978.0841875948636,1986.8078535650207,1985.9410336312415,1985.0446999813487,1978.6331237359461,1971.0330093935709,1971.268461795807,1976.9076778281537,1985.2160688261688,1993.1651343886551,1998.2573217313432,2008.761830377048,2020.7461211773202,2039.730246741879,2061.279890160572,2078.3568873167,2088.880119906041,2088.498083954983,2090.9204525402665,2094.380056024626,2110.579087652397,2131.9735867316667,2166.1023636427144,2201.910742248955,2242.1453096195455,2269.3331394046636,2289.5958125402067,2296.3164755227103,2301.7769641010264,2301.759695200411,2298.166507534888,2304.389920855134,2324.248217323993,2346.8076842296264,2374.09077862995,2398.162181042257,2429.679478824607,2444.045826409696,2451.088575948421,2454.6930228740616,2457.870469855604,2454.0385474940517,2446.458776333457,2447.3693834907854,2462.405406665894,2479.1340307870614,2496.0155231818703,2508.6703026324035,2521.044602348352,2527.5764626542086,2528.041514727751,2527.298176850772,2520.059142573112,2506.5324122242155,2493.8658300334732,2498.065792954176,2511.8590123990875,2538.3777371898245,2560.5659376633816,2579.940290003306,2593.3548756959535,2605.8133652889733,2611.938641721734,2608.783872870863,2602.4157701902777,2594.744499226151,2594.41483961446,2597.1553677129937,2608.307773990747,2622.1910371283775,2630.9898155624514,2643.0942060983352,2648.641065902507,2657.0063635599754,2670.1058882772377,2674.1909740520314,2668.1714341745046,2645.408289006024,2629.096395528018,2630.145972226744,2641.1985656349043,2657.869959108128,2667.7836820090442,2678.0063607302363,2689.6803033655233,2701.6893619637435,2713.9094032042344
395045,26,"Sacramento, CA",msa,CA,1486.3433402929538,1499.3368472664217,1506.141797321924,1519.552452753279,1532.3630846506978,1546.8256191065684,1554.4180518575774,1566.6700431332051,1572.450717840181,1578.5416155675439,1579.0826504364425,1582.173659991332,1587.8776617471963,1598.1047020702965,1608.4495754864097,1625.0494416855104,1642.030543083668,1660.4759286554986,1673.6224009475545,1680.4889045537177,1673.6036143033098,1671.6776097169418,1668.8024988549105,1679.8581551370546,1689.175530369906,1709.8875608364835,1733.3475473659414,1756.5558565477634,1780.830454218736,1799.1595576733632,1812.8331108268922,1818.579457897364,1820.2216933911923,1824.3898572757953,1824.953085470795,1828.6232809096412,1832.8318112262768,1836.375213798254,1852.6700991156104,1871.811072291119,1893.3681128823248,1906.4676308050523,1911.094041826176,1919.070215991114,1917.5127874390714,1917.9465980628795,1913.9134757783895,1921.1514799078545,1925.8735957481942,1940.9304493474106,1952.8112914263168,1977.025146980063,1986.8867853854676,2002.4212357324675,2007.6924655887879,2020.7677061576246,2019.3355010787388,2020.2415642903757,2013.0530141526149,2015.2557940396669,2014.3360041979508,2024.3387906401374,2039.0882084077086,2045.915803481635,2051.966499916986,2064.998474928116,2091.456270036021,2117.425668449239,2134.7076374892727,2154.4005247096266,2166.239110494469,2176.113511373803,2183.410525405998,2199.72621443031,2224.5368457584736,2253.425219264229,2290.66529991857,2323.7906735408396,2358.0403982149896,2386.266190643002,2405.711069238553,2417.9410900781245,2426.4504023670343,2430.772856263668,2434.5689126658026,2443.541225013328,2463.330762847801,2490.172058731382,2511.196155181604,2529.5335940812597,2541.691254500541,2548.7835138556625,2549.4994102845258,2549.459304063394,2539.608654393699,2531.9763821401775,2528.4810560886363,2529.513532213268,2541.677876547895,2551.8605487224563,2569.6660685481775,2582.7565076023348,2593.5381508013734,2603.9120534554363,2614.9931080900533,2614.6034564514184,2608.7330152675136,2603.7780199703457,2609.0472499453704,2624.7287381869737,2637.839306747595,2653.739476283127,2664.9355001917984,2676.5014178801953,2687.4262563492352,2704.6544874998876,2706.425860956834,2698.1540196989154,2692.2961390943533,2688.487642062057,2694.940137842585,2694.002843733577,2711.0256035002008,2732.0125317484326,2746.6902224211717,2755.2145915662986,2754.8669399990918,2766.227386792674,2760.287659580489,2768.9347121069736,2761.1596689290536,2768.4262706766076,2761.029419006505,2767.938312485731,2775.18912232588,2805.6067666530157,2819.1448119531765,2834.161185347301,2829.191220270247,2838.6740174901047
394982,27,"Pittsburgh, PA",msa,PA,1009.45041362531,1011.9689278919882,1020.5968012371828,1024.5835774172315,1035.1028907639195,1037.9971191694756,1038.5646273167497,1032.613808323842,1027.7430057119368,1023.2899977556962,1024.4983997198697,1026.659308006935,1033.4216290182771,1041.0054731090675,1051.6575518353302,1055.1133582402038,1052.793870191901,1047.503631627337,1049.0697129511968,1047.561935402775,1044.2297501179037,1030.833784465428,1025.5191766286757,1028.2691286690742,1034.549940696876,1050.0729405881968,1061.086121040508,1072.6569944969156,1074.6978626747268,1076.214537765979,1075.0791050122177,1075.7804418164062,1070.4637921045437,1070.9954532999243,1071.5373356592704,1073.284290507223,1078.9849955717887,1086.7366245369842,1101.4053122740356,1109.6835755369498,1113.0985057360178,1113.9344660851839,1114.3646369847445,1112.8180336049745,1111.2013580819419,1108.4281201516785,1113.7334240324155,1122.708780903194,1132.0754233347911,1142.9621820072084,1145.669697601719,1153.012838020289,1153.6578840480063,1156.5109209561535,1151.9683117459294,1152.0276786175443,1155.11403910294,1166.264012356361,1172.40346929467,1177.12533895479,1182.7253180787966,1191.1635464799926,1198.317664439655,1196.0046386198214,1195.7116400100476,1193.7049964153675,1201.0721179626134,1204.242276336274,1217.67885910769,1224.5835049090072,1231.270095125277,1232.3013809230758,1239.1062776159947,1246.9473014422801,1253.8244345316218,1260.6205162324602,1272.381600422437,1284.4462647203927,1294.6031254774368,1304.5111264122143,1314.0552510382115,1319.6751461225128,1331.2559007414868,1331.5327421286074,1337.8477142012098,1341.8951920893674,1356.5393710639266,1369.0360862241266,1375.9113854014497,1385.029299663531,1392.68349906555,1405.6838129047512,1406.506515834791,1409.4685368894036,1404.4004108172774,1407.1571495891596,1410.6009652467144,1418.3154578997423,1427.1219510746255,1433.8421033802128,1441.1806909817724,1451.2664279650658,1460.6335075765667,1466.3292521025294,1463.8072388995129,1466.459248426278,1470.4798054115033,1488.3130657761258,1500.0101130934918,1511.5631531842266,1510.9471437020406,1514.9057586971878,1524.678415440881,1534.08864139487,1536.276065292291,1535.9560233945238,1537.6909598688312,1540.7156147007315,1544.2363966728983,1551.20515912928,1558.9771077071912,1565.7776600608738,1570.6168925935758,1584.7443385671504,1593.9080851693616,1605.0164530301495,1609.2817748526375,1615.5479277911302,1618.1834614611557,1616.0829966424137,1620.3592598775417,1626.566397485031,1635.0476053884347,1634.343089121335,1639.8132166320172,1651.687485412177,1661.6132290258658,1664.0919918382444,1661.773873275276,1665.1216990716846
394466,28,"Cincinnati, OH",msa,OH,1067.6541799150762,1071.4198526981029,1077.0565304971944,1085.4401366452043,1092.9120396257945,1096.2393897991726,1101.4956798646976,1103.4414838364949,1109.0212560603172,1106.1075983983894,1112.4785118866694,1111.2287271128837,1114.7022604458916,1113.7805563780391,1120.490028661198,1126.7782966281902,1135.504549891432,1135.7082688918513,1138.2722820296583,1133.5916046402847,1134.7901944179332,1133.8115232934604,1134.6629707380878,1139.4820841220908,1145.1783207542724,1157.2599353235014,1163.6487653002248,1177.4525047344807,1182.8127680873663,1189.0950659699317,1191.7883031047684,1194.1923781371388,1191.7496161362508,1187.7465798589335,1188.8427410159388,1196.0057925221113,1197.4049649443377,1202.1225643756743,1211.088847000941,1225.6993579093632,1233.0681155281638,1237.3788405567143,1238.6177194888132,1241.5402348868986,1241.7373842450768,1243.9212304672506,1246.437409589424,1249.9476955552536,1254.0438733213675,1263.7285841198764,1271.9766836709482,1283.4429402964865,1290.9270535270582,1300.686603025972,1306.6939758014184,1307.5197455561313,1299.272134103032,1299.2694947263183,1305.7508734351427,1315.6094691589094,1323.3572118510076,1331.5860710436502,1343.2737074804775,1347.1289809009697,1347.6173997417739,1353.7878767274115,1368.333640156315,1380.8633818661801,1387.37462159692,1388.1603683615394,1389.792248440699,1394.18024240672,1404.8390534921778,1420.4048945319369,1438.3712399644912,1456.0090910283943,1468.2365363842991,1488.5586316939998,1503.4674590748723,1523.3531130197512,1528.0669983937953,1525.42658400954,1528.8989890624262,1535.3295292334046,1556.4364295524188,1567.2665053734395,1589.617798236446,1607.0464742672702,1622.663490399257,1637.5886651817627,1647.2193253682317,1665.9577420749324,1668.163745649767,1673.7427392575823,1670.773943518459,1673.7796170199883,1681.347655541009,1697.1476381955406,1715.1574479388348,1731.008157568709,1745.1001476859135,1756.5572969160005,1762.041925983475,1768.9230362079286,1777.8660537271667,1798.475902903207,1800.8602405237034,1807.4408239418863,1804.7095658909072,1815.8793207846516,1827.946078147934,1841.7744077707414,1858.3441692411764,1875.9801392437566,1887.0895817156152,1893.5236263375002,1887.8716763408129,1886.6131873524205,1889.7337742537654,1894.6429732009074,1905.2834877188673,1912.2534406647283,1925.384678941678,1932.3841649988917,1944.6935776865992,1950.2142877017086,1961.616328035421,1964.2015122660475,1970.4970823132649,1970.9200587922942,1970.2317933796649,1965.5498184819958,1972.4134915637458,1995.5851322128603,2017.0214178191684,2032.7900960483882,2032.5793349407704,2037.5970290863065,2041.1711260121012,2043.600965010354
394355,29,"Austin, TX",msa,TX,1518.4344023387212,1536.930033536385,1544.546486750063,1550.8930976307618,1558.0721472150046,1567.484458871359,1578.5675500518648,1585.1161897246077,1581.7083427354032,1571.3648260918014,1566.4545626107029,1573.3800404495578,1584.212579770325,1592.7584535515175,1600.7050191150208,1611.8134131139884,1622.50051391024,1630.5677821662252,1634.2046991299803,1630.736890329528,1622.1012009600865,1610.079408875082,1605.591073671487,1602.2909238112275,1610.8561733969632,1625.2698926173869,1645.7127819987825,1660.6389930345554,1667.652253804456,1673.2445777989433,1670.3942501717981,1663.2627854679029,1654.888527935213,1646.1271007945338,1646.5926063881197,1647.151976980147,1652.4113352000977,1662.8419140622118,1675.0243110618037,1692.8290829549185,1703.4432049350435,1711.8605902436732,1714.224702272615,1710.9933662255849,1705.8765299023335,1701.1433836457581,1700.4086500367657,1705.7575334547182,1714.3764660492845,1728.585291245384,1739.374817330495,1752.238005777643,1763.0790876195997,1773.6203408663857,1780.9406213539169,1777.683474458443,1775.8563952568795,1768.508263946953,1774.0419014925276,1777.6949683196817,1789.918459338076,1800.8370069945659,1810.5430631131692,1811.847614095031,1810.2561949212845,1816.5364284843463,1827.3367109451387,1840.199890203498,1848.8279278260889,1853.9543699950118,1860.4761549706495,1869.731014366263,1891.804517782257,1915.2117062197526,1943.991022378374,1975.4479141218833,2011.917569522526,2053.7259108608423,2093.5604819999753,2120.961091210801,2129.8104936210116,2134.657034183798,2149.3884410969536,2169.326658588394,2186.5680970394933,2207.951635016347,2227.484708008799,2254.181585615581,2274.229842335135,2299.8308046267593,2318.098020059036,2319.959222330665,2313.0661843303374,2298.075229094986,2287.613846867306,2281.8703360138966,2282.713823771645,2289.8858087921158,2300.2717111857214,2309.268118643642,2319.708200318527,2325.4078901586213,2325.2395142543637,2314.676103381781,2293.929866117884,2280.254706401974,2267.158615415289,2263.2774461072286,2265.033636918694,2276.549843413801,2292.2178589208725,2299.8525807233136,2302.8593155861163,2302.1466884435767,2301.2573029119108,2287.845103325446,2270.8749613293658,2250.3807475680956,2242.1550578149318,2250.0203673199285,2255.3574176805405,2267.324078892686,2270.7305333638164,2283.972000111719,2292.7634031260245,2296.6672828516844,2292.9002336563235,2283.222514877875,2274.162012750903,2267.492842197995,2262.0309487596023,2258.7872803696328,2255.313581524632,2261.4862660411563,2273.334547116217,2288.18050688696,2304.4068546230574,2310.461265285555,2317.699629030604,2312.409183124461
394775,30,"Las Vegas, NV",msa,NV,1232.6369919211734,1240.3425381250415,1249.3962814021672,1259.8756038642239,1268.6329991236757,1275.7484959913522,1281.322135989371,1284.588125131831,1287.980974638491,1287.800361988748,1286.9680790534876,1284.4229509807421,1284.8830820832104,1288.6617486538466,1295.2206466039866,1307.6439315812677,1317.3555177644264,1329.3691960092372,1331.48439679761,1336.2512226636286,1335.9929976462981,1336.341352490765,1336.58499250238,1335.5936486145947,1341.2810241456596,1349.0503338130602,1361.7317298663577,1373.99133135076,1385.3921027848387,1397.4431330814405,1405.6141927865365,1409.6025780069342,1409.462701014427,1410.2867914128976,1411.449836444913,1414.5593581070764,1417.938971120641,1425.931216120378,1440.437475464969,1457.2659512550504,1475.3702954197806,1487.1511847423228,1497.7481702003115,1503.226968094941,1507.216630770773,1506.9964756623824,1507.7707454881834,1509.4721945129793,1516.472445415878,1524.1815293385253,1541.5626740532268,1557.9921802160272,1573.7323891539736,1584.1202885096568,1588.2961100290104,1595.10010095477,1594.1704919041115,1593.3765690455734,1587.5432326220287,1585.037488528302,1589.3545939330113,1599.6114377323731,1609.2149023122706,1605.5575895270724,1605.0796419422327,1611.236733500401,1637.3710466399818,1660.6495804920194,1685.1354021602006,1703.1780200203311,1715.2595136540576,1722.1561637874927,1734.9545168492925,1750.6457113517454,1777.145161679751,1777.1316283051774,1828.696176959269,1867.2158508552275,1933.3215529431004,1954.3422556177861,1986.2424973911382,2010.7148681209248,2033.698236781522,2038.9073151877817,2054.106562036932,2065.5230432737453,2083.7884868579176,2098.7701789419752,2111.3690784071296,2128.6443771581858,2139.566145016572,2139.480956363335,2124.972518152758,2103.480596312413,2083.4577554094494,2073.4748627413783,2073.5447687597484,2082.0348929365005,2098.3245606470323,2111.4117593686074,2125.360739921076,2131.4510423413767,2136.7884349455326,2140.8416423988156,2135.9682262634287,2131.106192605973,2124.83582245679,2129.780191470596,2139.414370388732,2146.9921873848716,2165.580107174318,2176.6307160316014,2191.82442831508,2199.8588778890617,2208.4473752068857,2211.9142025007914,2208.072622051361,2200.301468788599,2194.3157421541446,2190.5800012440104,2200.9881660587816,2212.0562299859293,2224.8173016229184,2227.8850258470848,2231.1916731385636,2232.0342408191814,2229.891501053375,2228.480902926987,2222.629698881104,2221.835915714517,2214.7528456763166,2211.612251699529,2213.580471732814,2224.9798633642313,2237.9458908581432,2256.153927167085,2267.0330330608404,2277.5835933729054,2274.5500728533852,2270.1048289395344
394735,31,"Kansas City, MO",msa,MO,975.2609550514569,980.8486210594765,989.488917180726,993.339312431566,996.2591946433157,1001.6100648976254,1007.2322288947668,1012.1534661820984,1010.2589773361519,1007.5434689224631,1006.3865607137193,1006.7225744012101,1010.5570940320571,1014.1176609531311,1020.6552983016048,1026.741793048028,1030.1457948441127,1036.451204647314,1041.7449153835414,1048.0354220582392,1052.4730685907016,1051.2260879270066,1049.3519215499866,1045.836767172025,1046.55097768812,1052.3661201966636,1060.9047440713186,1071.4423808173788,1080.27341850016,1083.9899228532965,1087.0726926969608,1088.0550319133572,1089.4568073470662,1089.7753232596363,1090.923831548809,1094.5427042414526,1095.9373509729844,1100.011395641301,1106.157181379922,1115.2066458790214,1121.354182423518,1128.0040406839744,1129.2854470817397,1129.3554664205471,1130.060572186059,1127.7298520305808,1126.8135542345408,1121.9112886064588,1127.741001389807,1135.9883114328152,1146.921574416533,1155.0700363911865,1163.3779897447255,1171.306361277747,1178.8672462908585,1178.101610743657,1172.4769491662776,1164.0218460688718,1161.4619395233956,1168.9835719118696,1176.2690788515145,1186.1025993215806,1192.8112337562754,1201.3700047845643,1207.4476553545562,1217.6153675301207,1228.4729810123051,1239.2066038188036,1245.1303545124717,1247.27808565928,1248.523009705217,1247.5035176708884,1254.777683958403,1264.9992150215362,1275.9500984122647,1288.2372821022725,1305.2451844448485,1323.2031421651463,1338.6553103737674,1348.660804757253,1355.1115685694883,1358.8673191704304,1358.8720853051343,1369.2971684777488,1377.6722864186056,1392.225149721038,1400.5870843787573,1414.3258817216806,1430.7734134298262,1447.600921886385,1464.6232172409398,1472.0731107001955,1477.34162757405,1475.0805210377105,1476.13878927413,1477.1903104738428,1485.2274518452043,1493.630104487763,1507.4544397875002,1521.657414815199,1536.7895555251393,1546.5629544190447,1552.4584604032939,1556.6382942809003,1556.7497158881768,1558.3566847481968,1561.9085667275394,1574.2302325956541,1585.264803089623,1596.624485617652,1606.0801015694585,1617.1674534608753,1628.7249136247756,1637.7061172716994,1646.1999112704864,1652.9524998635957,1655.988784336347,1655.016492068744,1654.048841033979,1655.70006678774,1669.1099802222818,1674.3877430447083,1688.947005874159,1698.189987738316,1716.2126805021119,1726.7786496033518,1731.3507400257138,1736.0372042529193,1737.830759510934,1743.475651079557,1739.266681888405,1739.7633698047016,1741.9037608763697,1754.0300077961822,1765.638394595365,1775.3684751284393,1786.4101803328497,1796.685648877657,1807.1608501769724,1816.7695017156857
394492,32,"Columbus, OH",msa,OH,1091.576167516441,1096.7953589172123,1094.1946514837737,1106.0241656304122,1121.1238209186959,1132.8015605807518,1132.3053032376592,1133.418066691578,1132.8350464145058,1140.305650446036,1135.3521797402814,1135.8677355070765,1138.3972561754265,1141.868430760724,1149.479050966697,1158.735655037854,1172.2186338587735,1183.8325969249186,1181.1490475467567,1178.245109502807,1169.7806287078893,1170.941181013019,1172.3382659124488,1174.039520398539,1179.3523891235056,1190.2046072887424,1203.7230956658902,1214.2902584094181,1220.2675198105408,1223.3105080535547,1228.8750241756325,1231.2398016711445,1239.0687766092317,1236.8446985486776,1241.2234549666564,1242.6607273202317,1250.1404032588398,1256.4581999248169,1271.9461582641193,1288.5751056708564,1300.6000457677692,1301.66867749261,1301.7265887000863,1304.9987808911678,1306.972205490039,1305.9877268277596,1302.7082882736368,1303.316104206073,1310.0387069893825,1318.5622817811832,1330.951507604567,1342.3963948434314,1353.9388480064201,1357.7636404239367,1358.5910155043234,1357.7756397618944,1363.0368179820805,1365.7304680391935,1369.6864011171506,1370.6381887679695,1378.1572495478836,1385.8400043045353,1390.7406244265699,1399.270814438633,1408.6788183715394,1420.5805195429455,1428.84282114997,1438.986724292128,1449.6768229498055,1459.0906433074836,1459.1483927219422,1450.8001509112294,1457.8976687721338,1473.6876968409176,1500.5521501690284,1515.5522507825603,1533.0813364046821,1549.092637480476,1565.898484729633,1577.71922205024,1587.5844267422376,1592.574556754458,1602.2729606387747,1603.4600092369549,1613.7179435542578,1617.799638120132,1637.4574343270415,1648.1029514034465,1667.590634549707,1682.537853661253,1705.1282925010964,1715.7647220588794,1725.337518550219,1722.3329287635165,1726.4573424371858,1728.2205073956004,1733.2822170951797,1737.8911786377696,1748.7251775185684,1766.8826540781492,1780.3543589790788,1790.8166811240874,1794.241656608983,1806.6857308687343,1813.0967121731344,1816.4673437872812,1814.7249403718486,1817.4620466541137,1827.0301458202175,1843.0299440003778,1862.0194191030114,1877.6678058453983,1888.6396247240632,1899.1221041038832,1911.8633068979725,1918.320615237213,1920.5225820962078,1918.559596163508,1921.9962767774884,1921.588633637426,1926.5933729997687,1934.1113291259364,1948.3238920316307,1960.8332134571035,1974.2315372139788,1982.7595969096087,1988.8611684702287,1991.6452629368364,1994.67093855582,1998.0175484608535,1996.5026152270723,1995.7882381595084,1999.1821567840955,2003.3883525259564,2018.5598755691456,2027.4380297158714,2048.9464664907423,2052.523952374719,2070.2823461717535,2081.479915685332
394705,34,"Indianapolis, IN",msa,IN,1031.4354800392719,1033.904523196402,1041.3123161513306,1045.5962015986458,1053.9557376011417,1055.1046536689946,1058.718367751736,1058.1655764130244,1058.990620971539,1057.393057204417,1057.4373930941751,1056.9571142226835,1056.3988656238841,1057.7861872518179,1064.696208210154,1071.4984665117706,1081.8470201392906,1085.9991019289603,1090.9298721791026,1085.782065830366,1081.2402495903095,1078.4011902449954,1075.6408827761793,1073.8080095352802,1076.2768835975676,1085.4159964747842,1096.4891205539764,1106.3187508741498,1113.305153174788,1119.5744788799748,1121.309196049701,1121.8776258672099,1120.8141869584886,1121.9291539788833,1120.7201049478479,1124.522235711833,1126.5308047676608,1133.9401702975815,1140.0953301628635,1149.2367065963165,1156.9770907022598,1164.2179034788783,1167.001803028797,1168.4951669390682,1164.262215803872,1161.5809433227005,1159.9923625481472,1162.2660160177452,1166.3707584559945,1175.3017367441853,1186.351239132764,1199.377372466893,1205.001646012953,1213.2528100499303,1215.253837631649,1217.2657155570275,1219.4171855407244,1216.4145363119587,1211.8694608673231,1207.4068987873868,1212.370570898029,1228.0827355262197,1242.103689676939,1253.735546302404,1263.371565516771,1271.0424621624763,1282.8688092989878,1293.4608796626312,1304.324446760648,1315.390732660835,1316.6098927591404,1323.0616821572437,1325.3267941938943,1335.8718619979961,1345.2327590204582,1360.1922495472131,1380.9032465614923,1401.0441986226635,1416.7663897609646,1434.552897002432,1444.908530887216,1453.5377301979133,1453.4457393694354,1453.5735753423587,1462.4036673180253,1471.610803396435,1492.5243244802587,1510.011484968044,1531.344855562123,1548.7859629357456,1564.7524734434119,1575.7177095959155,1578.335440413117,1575.0534071345471,1572.0234232302414,1570.1755687539558,1578.4496789233415,1585.4554366238642,1603.648659857001,1615.4985218660058,1631.4361163093845,1636.7030136835808,1644.543262914425,1646.598194199623,1650.7469639716921,1653.9554083570142,1655.2495869524546,1664.297568778281,1672.5411100111794,1690.3375205589898,1702.9292181693702,1719.129646598795,1733.3515948943107,1743.6181172900021,1756.6934288439027,1758.4653085426637,1759.5508276911892,1751.3760647854403,1749.8795828019238,1758.5351846819065,1770.6602596342375,1788.1245837043748,1799.1919831790638,1812.8193457242694,1828.0438042636754,1841.8068115002495,1849.1530618078434,1849.4931902917187,1843.1860791504628,1841.6265565589622,1842.4987062796813,1846.572489448493,1851.54763718189,1860.5472600308149,1874.8703655308614,1885.2761237442155,1895.0524873356628,1902.0176865320118,1916.2732629516668,1923.2736109880323
394475,35,"Cleveland, OH",msa,OH,944.8259385215499,953.8743376484553,956.6992157524483,964.4143175131185,963.2978149087163,962.917311876484,962.0111879924073,969.6528958966526,978.8372416075545,977.0540663533279,971.8500347057299,962.751397512754,969.8274141012978,970.5667300186361,976.3478578385892,972.7762207151562,983.0053818509706,984.3968420889687,987.6649706836013,979.9549552802525,983.2987306579948,982.9616905438058,982.3393294257181,978.2966720943391,979.0052340857193,985.5118746974707,997.1667686820442,1008.798131930802,1015.7837688851002,1015.5877266394035,1011.4905499451914,1009.9197292751106,1012.1419178320348,1013.8265915603653,1013.4037353946916,1010.4766469381483,1013.2372671640856,1020.8494669174656,1030.6600873950163,1034.8544764643475,1039.9611345594114,1042.0395118337449,1044.6314397431365,1045.4926313330056,1040.6465782482155,1043.7281419531937,1046.2204439793418,1053.094117487625,1054.2461320479078,1057.733623246761,1066.2465172912548,1074.5015199232357,1079.9706145095229,1085.2988041007418,1087.6256638291043,1090.3102106189704,1089.2518752977435,1090.591028364465,1082.756114624399,1084.2107563182326,1083.676216941084,1099.6976190678533,1107.440044368854,1118.917294375144,1123.9271638482464,1128.1502830771572,1139.5161397607749,1150.2455193810536,1161.0005420253326,1165.0368540875868,1161.3962866821303,1167.5465309618824,1173.9502537185806,1185.2164198789903,1190.8356945819403,1199.9699745633054,1214.7089533239446,1232.744400815441,1249.9488417092055,1265.5136351123201,1269.1015777747043,1279.6050100660937,1284.2898183576735,1300.9433810055607,1308.544278650528,1324.7770683242281,1336.2191033349475,1344.44483079996,1360.0283499020186,1373.055846367023,1383.1491855309318,1386.3897496103755,1395.104764951449,1407.6708352487915,1409.3977417822664,1407.608323257266,1401.7824232742034,1403.980180103222,1419.4424731409665,1437.7988916004083,1453.1294862987172,1454.4288388731193,1467.2415133851446,1480.480551206227,1491.2324212885803,1491.366131003451,1496.1474022903817,1504.3478816310428,1511.3906341575569,1526.0129169851427,1538.4233612747812,1553.3782414641205,1561.9705993213456,1574.8912782818543,1586.166734356565,1595.673038266776,1599.2885175865413,1598.5586598527843,1601.803138370115,1608.9561194314908,1624.7746261038576,1638.2260692619152,1649.4944934751588,1659.6708739109931,1660.1380287445202,1660.5442627637747,1662.7061404591886,1667.923550584822,1681.6476755023702,1691.8294344330675,1700.5247384204797,1705.7841116075633,1713.955496282365,1723.294021671748,1731.0316207493788,1725.6697828672575,1729.275880597167,1739.4027712099942,1753.6786163911802,1758.1205090899557
395059,36,"San Jose, CA",msa,CA,3087.8961956266676,3102.3609327127665,3131.2215087401382,3171.7651047418344,3246.826972645176,3316.170655650121,3354.7460713397095,3354.995259339302,3338.5475702859753,3340.358357538109,3331.2582186966547,3338.7258670997385,3333.203148459789,3353.7937596969405,3380.1342472230094,3389.159158532798,3441.3355934367864,3460.655613298405,3482.350069332337,3436.7665831746176,3400.360852496904,3371.053692832942,3350.637294869268,3342.7503569939586,3355.938006790248,3393.687748205649,3437.3542694587277,3466.7957636659357,3501.0121800713055,3528.850731798347,3546.171610954424,3553.052288044048,3539.417937367435,3522.0545808853735,3491.9371096224036,3496.6870490683505,3521.501098239241,3563.5549106446906,3581.95645140892,3596.518535727739,3618.1835174772837,3642.078616917397,3660.0416396829164,3662.157791995797,3648.6404040895673,3621.9105458103536,3602.7520295717504,3602.4523058274663,3619.4694514714715,3647.7209135057774,3675.8773271846194,3705.315909008271,3720.897155001369,3738.6680268902546,3743.1683272638465,3745.764769420821,3732.611887329232,3722.413025100882,3687.371638798518,3688.398287509175,3696.5639411609873,3734.2542691965245,3753.318288431116,3764.4855272408363,3760.4778583858338,3747.2843618868687,3738.2323695758046,3724.64594394005,3705.4179279995597,3663.963633828282,3651.9281126571605,3639.0143569479883,3650.453822630528,3655.034988253883,3671.3285627867263,3699.4362782166845,3740.5477276951087,3778.252080996651,3809.39829459916,3823.7365628546177,3833.662612960751,3837.948871070353,3831.712299112809,3836.449872903626,3856.8780085247936,3864.7567367833876,3896.253186955704,3923.8476020435523,3981.532891620111,4013.5235452799075,4037.0464537531293,4050.4812843774107,4050.0270704038862,4041.100655798827,4034.6050209342347,4031.6044354084647,4041.3365777502,4042.6659018547625,4061.9480269777105,4084.4927768028606,4126.042935301599,4155.832416073495,4169.830702691658,4178.980463965726,4182.862130588461,4188.582150423136,4155.821586464025,4150.714461452208,4148.245618421786,4183.858935202438,4227.023672212778,4261.260382346626,4307.796864951549,4334.0645664433005,4365.304765793698,4369.844286735144,4371.551744878356,4366.43333925932,4345.354333465945,4335.2700665478105,4336.526045409066,4365.5982788150895,4386.327969914118,4422.812725029362,4459.085727784661,4498.161368067135,4520.949819858452,4530.445093728043,4530.308110502644,4524.295915317886,4528.298485033663,4522.154497102453,4522.584109851653,4552.122695434303,4579.930584373135,4647.336284536533,4695.448279528733,4763.785658620157,4799.375584653289,4836.633875828812
394902,37,"Nashville, TN",msa,TN,1342.1447679104483,1345.5440279672912,1362.9563627917637,1368.3909002407468,1388.9687553812603,1402.1188681672566,1413.9959762308113,1418.8523210852982,1413.5248077536278,1412.5231829548206,1404.0335542107582,1411.4693117095096,1422.128680116887,1436.1535231726841,1443.1760252334448,1446.1596953225692,1460.3706926657067,1476.4431833062158,1486.6985233601647,1494.2166492164301,1489.7384549373355,1488.8229947162706,1475.1625218585743,1474.6814665605323,1479.4622304157479,1494.3232152561948,1510.9308559958843,1525.7287809957302,1540.3963745299334,1545.2644086235157,1550.2277223738909,1551.2988426703653,1550.8617540607481,1544.2090319800664,1534.3229492225232,1530.9299319940005,1536.5537538673393,1551.2009706067877,1568.8677349060606,1582.3295768505368,1592.0309795643084,1593.5645841239295,1594.72740109902,1594.788430197724,1592.23239011478,1590.6510105928578,1587.5282952728382,1590.3856062733198,1595.7724470622368,1603.5397709211725,1617.3675104940971,1629.0018759459085,1642.5451067133527,1649.6159114953937,1656.7746448531345,1658.108624853015,1654.9258451921157,1646.757506076603,1644.6209982442244,1649.4613583453656,1656.383296287843,1666.8872728750675,1679.8058098175145,1689.4225287664312,1699.1332041248952,1704.860574410116,1720.2016403572088,1732.242763449072,1734.972941540061,1740.6562629668783,1732.2621805716433,1738.3473096451098,1742.5503856592463,1763.5794337130678,1783.7010680865098,1807.7358545643992,1833.7514076270702,1864.654489174359,1894.474779499972,1920.1463100237256,1937.7085832822502,1951.3637166000526,1963.7389477555273,1976.7631917703375,1990.4256310006365,2012.4260586689215,2036.7838648903673,2061.8139705328153,2087.661172803717,2110.8216496740856,2132.30272626434,2144.030322328553,2147.41542703774,2145.936488158332,2149.0834805626423,2148.787346445636,2150.809298592117,2150.4524925947444,2162.876501789081,2177.72271690329,2197.6017838069138,2210.114039928994,2220.68301378926,2219.3714887153756,2219.2053000840333,2210.3015872912597,2205.5238579988786,2205.940361751477,2211.388417937009,2224.5932419679334,2240.178245414642,2258.8795723135772,2262.0070292437917,2265.803548306198,2269.7806340620623,2279.198510540727,2275.931928908977,2279.8321981474396,2275.588058512252,2278.0750381709427,2270.5094483021394,2275.4640523748526,2284.678262880026,2298.1287560441665,2310.5612002846756,2325.3647646492363,2331.4511203992856,2340.1068932237913,2335.902825270291,2333.390703489237,2314.845407957748,2314.5659300302873,2317.2465082440026,2329.8643090674946,2335.03890783872,2346.0839056323684,2361.011178248923,2374.219628328644,2382.588360809273,2386.5769758853185
395194,38,"Virginia Beach, VA",msa,VA,1291.0119434277547,1290.6908097382814,1296.0172491015473,1302.8839791917055,1311.7825837599298,1314.8018976135907,1313.8626218134389,1311.5871023668249,1309.7682315145953,1308.424655762884,1305.7029155993766,1304.1772148971193,1305.3513923202804,1309.8924390676898,1317.6742100927015,1323.1083978346692,1328.566020120079,1330.1495203869008,1333.8743415764834,1333.5390948840663,1329.9845958258022,1324.4941653158926,1318.3874579099986,1321.2216760135057,1326.0759547847506,1337.4163244402835,1345.742419400888,1353.7533321922565,1360.6597545075836,1364.362307544138,1364.7684243350423,1363.6593864936644,1359.7422766045347,1358.0867153624904,1358.3954788398758,1360.5445693312688,1365.1298999022192,1370.1212991267919,1379.5183565707073,1388.544845700998,1394.0518619124596,1397.9391149001083,1399.161807658427,1400.876690302086,1395.6177250688258,1395.875257654358,1398.9830064954501,1403.437767707191,1404.418427100464,1407.0929924874183,1419.426084065114,1432.9871612204233,1440.740275427863,1447.565869150208,1446.7580872144258,1450.9511414448891,1447.3878408623227,1446.745033095326,1443.4671510154024,1447.86898875006,1450.8882426955695,1461.7277115930347,1470.376695607128,1479.162156675372,1483.6914109070055,1490.3994973715926,1504.6065844216268,1521.3357693132343,1533.5491570962454,1540.5085200598432,1547.7423265236548,1550.8667869984981,1565.9628577415924,1575.9645749262284,1595.4287351061616,1611.688117736494,1629.9236575963141,1647.6422854149725,1668.1571446255762,1689.0679215044042,1714.1123575488768,1726.7000296933193,1732.3978259034063,1745.487951263864,1765.919143824771,1784.5460500356367,1797.7661955227147,1813.2149073720468,1841.7613239894388,1855.4125742649044,1864.802390752303,1867.078033572101,1876.3625336126888,1889.947512338951,1900.8114134864113,1907.8158048220464,1913.156699226248,1927.550674141077,1944.9693146004336,1962.730476978242,1973.5266664140188,1981.1059132118821,1989.1262192358843,1992.793190766252,2008.4261447268675,2015.3227672258158,2019.4160399355194,2023.3434872112246,2030.1841849183493,2047.6270897470893,2057.0955925604494,2063.3309372792996,2071.476712670602,2087.4085363768636,2103.471443140843,2113.774572029467,2122.4416856606986,2121.708675422618,2127.6880120970054,2120.5273050212304,2138.9534318122132,2146.631441264464,2160.775027356199,2161.233214039204,2175.467560978596,2191.8004643978084,2202.8556229301826,2208.687948768083,2204.7542059594875,2216.234489592207,2216.147212921916,2230.328602437459,2226.9503084750527,2245.1151645306463,2257.734581469031,2278.068917973606,2279.5377755479535,2289.474817025427,2295.3191408791117,2317.9359107040605
395005,39,"Providence, RI",msa,RI,1415.8886910281092,1419.8605575445692,1451.0673494138193,1462.0147461095703,1476.8918281645108,1491.8218424676322,1481.5497188685201,1489.2010555717522,1470.731238716014,1482.4736113990793,1462.6475580932226,1477.4549213964806,1485.710969099803,1503.7630049332356,1520.2876965758876,1544.0688993071412,1562.563971474616,1540.7076735796184,1532.4111960702135,1529.7057605179214,1557.8570751999277,1556.71923195448,1566.7074038901685,1573.647118194335,1594.0766580080247,1603.614342937748,1608.3587672466879,1608.4953902665397,1610.6612977141801,1614.2289652102331,1627.8989772915331,1624.383378690413,1591.8548133619172,1583.4160131787246,1598.8774383402615,1635.4451577431005,1658.217901013745,1682.7317449513719,1706.1784319699443,1694.5796179961894,1694.4529956761783,1709.1300165277296,1723.1700380513603,1719.2836162240408,1719.614872173683,1714.3726368829764,1719.9941919009502,1711.393169997554,1726.6023215638252,1740.5874468073007,1769.1960196921036,1784.3934103879844,1799.451796117592,1799.5689301005577,1800.736913968839,1786.9863549548745,1783.7050954329936,1786.6062898498174,1795.903757185316,1797.1592274624722,1810.2625559218263,1831.5293726139646,1861.9745028547113,1885.1082034508343,1905.291131329177,1902.4200374314933,1900.8828782172359,1887.8278935779308,1927.0878396196797,1938.7976249026344,1959.320853435202,1953.861951609,1976.012976852485,2003.7871331504175,2045.2200167157378,2079.333590109449,2135.1736505034,2170.4750528310806,2194.689224582342,2180.929034991546,2166.1929052198634,2159.429423208778,2144.8412372169855,2143.1115786233936,2170.995517691301,2219.0301575741446,2265.1932028319957,2301.2392328138885,2370.756483270642,2408.1932895282616,2431.6094139650777,2404.6435667833503,2409.2316045810376,2388.3331352157347,2385.243151786424,2401.010576906729,2433.4693519986404,2483.7739438297767,2495.1115119234764,2547.575252139146,2564.502938279865,2590.5052402305355,2588.3262913920203,2571.820487668693,2568.731343661591,2562.071515583289,2565.821591152288,2575.8710741378454,2593.8416829408307,2612.5605697455217,2644.7155251464787,2676.616467494098,2716.1183956105665,2737.9729667280503,2739.9844493362093,2737.9173460520706,2718.369055041798,2705.785616976283,2718.5961154918855,2739.360873154421,2800.3192132830122,2796.5768435583846,2812.3968384168097,2796.1515218523114,2858.0239796258793,2898.320029364581,2907.831714723864,2865.057171742193,2835.3345898973052,2843.234385643174,2867.1723803617783,2888.6886295187924,2901.241498686026,2944.786523638044,3003.524441743203,3017.452824987976,3022.9377633002314,2995.164158263301,2999.345968174876,3002.807108941665
394714,40,"Jacksonville, FL",msa,FL,1153.7526288687193,1154.1671623159093,1157.7783358679317,1161.0911704967455,1168.8783111107227,1175.457010881376,1180.4599639836438,1185.3618894271087,1185.0669984001152,1185.8467681154136,1183.0704876286588,1184.0391014408685,1187.1084848070027,1191.5489010433002,1199.1196978697685,1205.30548438838,1212.7643712322033,1217.942454132512,1217.369024877142,1217.5751861357955,1214.5894697657657,1217.3108343992658,1214.2289370301671,1210.339267266604,1212.8652592835367,1221.3027736232689,1237.8088712538772,1247.1373661144987,1256.7648699473657,1263.2605739059727,1269.533965045056,1270.7793429128612,1266.2741819584883,1263.829766284233,1266.4866838392597,1273.7215936208045,1281.772925731254,1286.6953494872625,1297.286617340316,1304.9942247394783,1316.1603552377653,1322.784353569093,1330.2065095619816,1333.5718665874958,1332.4726903208352,1333.1036342622408,1336.5370639709179,1339.0246482814935,1342.5844018346268,1347.9095418950817,1359.4837566567712,1366.162843302355,1372.416667358161,1377.0404123994838,1382.027095848435,1386.6159055089038,1389.1543146452934,1390.0021098881216,1390.967269902291,1397.4982950261099,1402.3261677486955,1411.0453377151287,1414.8830161566486,1421.9213015581427,1425.0358398867718,1433.2848539352624,1444.6004758602924,1460.3057060453395,1472.6331951920015,1482.287671198112,1488.0764814316474,1494.6037181921351,1506.3415508717685,1519.4171510672645,1538.7064817017163,1561.0621569551056,1591.6452822364702,1627.6670343766734,1661.2908082649296,1689.5240700180022,1712.1713415952129,1731.4728387290588,1748.177781138422,1753.987833090438,1764.831438555888,1781.4941967316108,1802.5606071317789,1828.8643900625502,1844.8166847915118,1868.1543327574166,1879.968991214102,1892.9873472635231,1892.836711325464,1895.488766542519,1891.1267003453122,1888.02714244675,1884.2523607775388,1885.544482971439,1897.6614387476975,1906.8489364676986,1922.3757746716894,1930.6121941175702,1941.0509304355132,1943.05581716396,1938.503015414539,1927.1702105132233,1920.2404820083207,1913.923974086894,1924.0828069806253,1934.9822659391268,1954.6151574571356,1965.0993059986379,1975.0438700269501,1983.5282344941886,1988.5153576063865,1991.1968500052012,1983.0375710389153,1981.8615103173242,1974.0623678138372,1976.5576478836235,1976.3466300408506,1983.6792469816116,1991.5952114456713,1998.334494393085,2009.1779583517955,2016.1561732305827,2022.8454353236925,2024.2643934029409,2027.3564321064189,2022.5553103203026,2016.616729617242,2005.028361447685,2007.4229457186073,2015.8087036489708,2028.2091342453493,2039.2792112335874,2052.750175623351,2065.813528870889,2075.743267976023,2074.9397885128174
394862,41,"Milwaukee, WI",msa,WI,1045.631259732742,1043.0686123788003,1044.4753495746606,1055.8092474581101,1073.920031108995,1093.487683800001,1100.7807001976282,1093.4664835354044,1079.1758953189328,1077.3308322083449,1075.9540855421271,1076.9042441261754,1075.4144268957573,1093.6905122794224,1100.3714269009806,1112.0297722420205,1107.4912408752207,1111.277087074194,1107.1250019055024,1107.3303313823028,1100.7730673773826,1095.5891565970317,1094.81456940293,1099.8309729804182,1102.199583911338,1100.606279438443,1104.6468357751753,1122.3283800029485,1134.8961805091237,1144.04437100976,1144.9368892338778,1140.4215045121302,1140.6819604891236,1132.012281050735,1137.0261155289875,1138.5592510292668,1151.105353967443,1151.0004514399527,1159.6420009453725,1162.2342748614587,1174.8980657461937,1177.641053569765,1177.1610950572683,1172.9309160735293,1166.473439565311,1166.7168067515297,1172.2593862192093,1178.4559181991722,1189.1520558853574,1192.4398157925546,1201.0549868279102,1206.096945942879,1216.2887805023613,1218.1761583605162,1220.3779993607807,1221.101064339218,1228.5511973780033,1222.4466168791282,1217.848090307946,1213.6512440178908,1221.7369178984159,1229.596658706718,1241.085952774598,1251.0793082840805,1261.3442416214186,1262.3096046787607,1273.4603441211957,1276.8633708489665,1286.8081142191818,1286.9497294170076,1288.3088204561614,1280.7675670732078,1285.4191940819348,1297.1261351896421,1322.3199425547803,1338.3850077940476,1347.558732026345,1359.334025166921,1362.8891576908632,1376.3797788724826,1384.1087833012973,1402.7439875199113,1408.1010230464788,1400.4734110515358,1408.0258786949487,1414.7461166212843,1441.3705387300206,1448.124614686788,1464.8126324233294,1470.2074933984456,1472.8769918823737,1481.4741517165587,1488.1369260450572,1496.193035462721,1493.3737653958465,1491.8076352969347,1492.9838533203683,1507.536316482121,1526.233953340237,1548.7769275503456,1563.297471539545,1572.2594693688382,1597.4187887413389,1609.1240886831922,1625.3671238118104,1611.345513643219,1618.3461481255329,1619.1207272012916,1625.0080333371784,1624.8268612904005,1636.0451859592235,1657.2239510776037,1670.3172656314882,1689.8236774092234,1690.3179554542894,1704.3812195484263,1700.4399610584755,1712.7423544324447,1712.4442632719597,1716.383343664646,1707.7085035163245,1723.968172373607,1730.9289309736057,1746.4705200018718,1746.4051996226867,1760.6817338059952,1775.21080606788,1780.8762003513407,1789.6834931735327,1788.6066621092443,1810.4803907210264,1813.1955699525336,1811.7488180122673,1813.252434231926,1829.8233293490275,1843.4819757690345,1840.7724331438972,1840.8163522067523,1858.9559720032782,1870.4261938508064
394935,42,"Oklahoma City, OK",msa,OK,1007.1563049710019,1002.8934218196196,1011.9318291247336,1015.8999324740772,1023.1754680453294,1026.346425187574,1032.1968623944445,1034.9471606970128,1032.2224810107298,1028.599784501517,1028.9756960911566,1030.6904624699944,1032.9104953475148,1033.174570716395,1034.629054209418,1038.2604980843846,1040.3726793565468,1044.1156391980542,1040.8063017540167,1038.0197249081739,1032.0447957042297,1025.7599110595697,1018.6205264535904,1018.9642227556351,1021.6557518716576,1028.758841964508,1034.861352331735,1043.738917407425,1050.742080466899,1053.5012582924558,1055.7535490804705,1054.1429258507023,1052.6129825310811,1046.8999786589095,1045.403543465259,1044.6864758183674,1049.13490409594,1052.7160985947896,1061.1369890745837,1068.443984228486,1074.488366364699,1075.7907509533165,1077.986953521193,1078.719400311919,1076.8843242148353,1074.6515230714085,1074.5759709816843,1077.865877623439,1080.1917060692065,1083.706745093525,1091.0247351713756,1099.236533515599,1106.8506188442323,1111.7716516964695,1113.4806953709965,1114.691099940005,1111.8660648063926,1110.8487590122047,1113.1022318353039,1113.3192037228205,1117.1229861592099,1117.0811294910238,1124.7145235578419,1128.679187460307,1139.966858695669,1147.9316831239798,1156.5441209014007,1159.9073124775744,1162.9961698751317,1167.0251437073657,1170.9377415878773,1178.992551953202,1184.7777911231258,1192.751103730193,1200.1629287709804,1218.190910684103,1234.7351406086218,1251.40794862734,1263.8959581628978,1277.032727493281,1286.715257336164,1292.020499186699,1296.921062553928,1301.246747564635,1308.0552220865363,1316.942836184577,1331.5281684076986,1348.417918933968,1361.0311175337713,1370.96358148195,1378.302967775264,1382.510092468744,1382.5265073153694,1378.1572829502743,1381.0844432007211,1381.3810788799997,1386.672861953663,1387.970280866151,1398.67766315557,1407.574557360275,1418.7317637054525,1426.1910415105654,1432.8745869205745,1438.7900534244536,1439.7463194336233,1438.6664381534679,1433.5237083642244,1432.3665837447163,1436.9085605642101,1445.6028858285777,1455.8139828442654,1463.1694736923957,1471.7073100263929,1478.713249268175,1484.8607477892544,1487.901959429556,1487.7521598787453,1487.5564604417152,1485.6770641115788,1486.4598077779292,1491.7301456253808,1499.4366542042007,1506.4120975048704,1513.7492101181872,1519.9379322601778,1528.5510521458157,1531.4078677925727,1535.4927261096943,1536.7060087273542,1537.7891429808876,1540.585945675877,1540.4860181481915,1543.0700706173657,1547.1683124126537,1556.8611961197282,1564.2319230929775,1570.7489820937533,1572.4200206244723,1572.830847409044,1568.7815414100176
395012,43,"Raleigh, NC",msa,NC,1262.4405710243338,1262.1986824427731,1270.2724401954438,1276.1349330249213,1291.463972068258,1297.6156355545274,1302.0942890214126,1301.802786310387,1299.7614781102782,1299.565702759457,1299.6133191939887,1305.294759592497,1307.6804758468627,1307.8942060393124,1313.9897672289055,1325.649400317637,1339.787058409962,1345.8217742828338,1345.749692707484,1345.26635451159,1339.9387883778193,1338.0663234587616,1333.142439723431,1333.4324530702006,1336.7698937426233,1350.0011215429304,1365.4441901792354,1379.4808247760657,1386.9600585904884,1391.6417267709323,1395.7436833354338,1397.775527207762,1400.325280120108,1395.8758639819412,1391.743830205747,1388.7340856350909,1394.3484571578244,1406.413843605751,1421.1769346668386,1433.5287399999852,1439.7045696181474,1441.8359947063075,1443.6469294599337,1446.0603717471072,1445.8344252659926,1440.2808223800976,1439.7097916834286,1440.9156746947879,1448.0780076773617,1455.5057989511454,1468.6777388356438,1480.077067669824,1490.4013409514569,1496.3195897339267,1504.2454218516777,1504.9825149536653,1504.0855114605115,1500.725810790088,1501.1506171403846,1502.2383757690313,1509.2639536493023,1519.52115383098,1526.684297487321,1530.5299753768113,1531.59559532081,1542.1923835554667,1552.9446479953115,1565.9859876042817,1573.472897400257,1578.9755646137983,1584.5075678239177,1592.5331985903565,1603.2374918356452,1616.368430903494,1628.7305105215405,1649.9905852873428,1671.3703889588019,1704.3690766319864,1728.5221292279557,1754.0710603328448,1765.349283739213,1776.212817676152,1785.2655553282052,1795.5603067333336,1812.2612523991447,1830.1516288223067,1851.350341616186,1868.003666723095,1883.0042055018716,1900.6559312190604,1916.9144205039147,1934.4459058059986,1942.86974605606,1944.5099614266942,1935.9531538378637,1935.579106424216,1936.6352577683676,1948.99057666395,1956.024414518376,1969.26831980671,1978.6059747959387,1987.9680504164508,1997.7179706466047,2001.5975867857148,2004.8312941085123,1998.8001372501942,1992.0460022176271,1992.5235301111352,1998.3861907514104,2011.4937737888288,2022.6576618243032,2033.1541773182646,2043.6748396608778,2049.3008664562954,2055.788392743809,2057.8914037088953,2056.1425770070196,2054.5771430365844,2053.2812314196417,2054.438820023799,2056.2253307653377,2058.6797487900585,2069.323826143308,2075.87315335533,2083.2252387877293,2084.5487134499135,2092.3488761976364,2096.7445564745926,2098.965546814056,2096.8819008651544,2096.4327937377193,2094.003792771307,2090.9009528652728,2090.5869453015976,2098.136518730138,2103.876395661999,2109.359835253885,2112.2413009953298,2124.662490947372,2130.431018935027
394849,44,"Memphis, TN",msa,TN,976.5758316064282,977.1538099756266,980.778507209045,981.968650125744,980.6433278959064,982.0041899637699,982.226995011012,986.450270894775,986.9467662407415,985.7091428402845,984.1166431868184,984.7878653659441,987.3143573111656,988.9854380143494,990.7185444699286,993.6375968404319,995.1666233357449,998.6575051153211,998.7076086762517,999.3379715192714,997.1898820233878,996.1089525754518,994.1494924323669,994.8160012176845,996.3728436765585,1000.2822971583194,1003.607971514455,1007.7067212642576,1011.6472280789427,1011.8568529041175,1012.5145049823808,1013.9139993717095,1015.8340033390001,1016.8409975179769,1015.5550400501958,1016.7361506307549,1017.4539672963004,1021.6889673370554,1026.2570302551037,1033.315652102034,1038.4676933138321,1044.2880469759446,1047.3639411927063,1051.0395939610744,1049.4681105690568,1049.630346176909,1046.479718108322,1049.0610193829368,1050.9647743232174,1058.0859018982953,1064.1794897615366,1071.1312350968246,1075.4387083932525,1080.5538006670547,1088.0810081470008,1092.584575821247,1093.5901517374273,1089.1131830598983,1089.4655743726748,1093.195791635874,1099.288816721746,1104.337716801607,1112.7661360714685,1121.6696205942483,1129.651448570802,1139.6715392369522,1157.0643317554043,1176.4440421018585,1187.3640715962838,1193.6320535139926,1199.2564515462172,1208.3664056098185,1213.4312719637505,1221.232328195507,1227.6042387545058,1244.797484173556,1263.762951769323,1289.9659370447646,1309.2242268963616,1326.5351215940648,1336.6571140144333,1350.0923719522941,1356.232636405794,1367.7069036075618,1371.544575057471,1382.098148394516,1392.5148148696796,1404.3453227362756,1417.7558798362552,1429.7247633114496,1442.3701522400415,1442.5343205806814,1443.0828117025567,1440.111009592161,1444.0098838573397,1440.401336908701,1446.4777215390784,1454.5670398632826,1466.0152302397726,1474.5622208493332,1480.068694180509,1488.26012716823,1492.323078021003,1494.7725782718273,1489.4305775271011,1480.3360985652716,1475.1005849580922,1475.6535324912513,1491.5226422357346,1503.4788462211113,1519.0558537725635,1521.6208790179949,1530.8643320019196,1536.9549800927568,1541.9325397990992,1542.0543714376229,1540.4264714958979,1542.7979779656446,1545.505656477578,1549.3100018273087,1551.5606003094815,1558.4676650055937,1570.1955258121577,1579.5946995856589,1585.5892840765807,1587.1171662248485,1586.379256395579,1588.956761591004,1587.717949314326,1587.9388173640075,1585.4456806809808,1581.4301349081534,1586.2709171842469,1585.5318274812767,1596.1518271770444,1599.2204869067718,1615.8776755962474,1619.735864342153,1627.0543369783486,1625.1587886273264
395022,45,"Richmond, VA",msa,VA,1187.3039344477543,1194.5465918225627,1203.3972617645716,1209.2851637270335,1208.606356498032,1213.7192534837336,1215.7029650015388,1221.546043738755,1221.7212650331992,1224.6046827958999,1221.3020933693035,1221.144029506935,1223.201591941097,1228.180629548284,1236.2550123392803,1243.946580722712,1248.8569496940365,1252.9568375491394,1253.3068554523295,1256.4604554717396,1254.812531080635,1260.42165598104,1254.7165292046438,1258.2913367529377,1257.711086948507,1263.947135537051,1277.3337301164233,1288.2429366461165,1304.0755932098486,1306.9298513592548,1313.5549814361964,1317.9375081428684,1317.507304125195,1317.7482196460187,1318.2497702435508,1325.285326743865,1324.1919383300346,1333.531679924166,1338.4884703698403,1353.216660841419,1358.7402088674796,1370.5382973025314,1370.8828449805183,1370.6422216285514,1370.6749123230873,1372.4957386607462,1376.67172732864,1374.7535334222316,1379.6764844760146,1385.9643672785317,1400.0277391159996,1413.3999444538247,1423.5682235467384,1425.3001804456464,1427.5005135436618,1431.5081590892473,1432.6345535246937,1433.327204753399,1433.4959972278393,1433.5246934032455,1435.424621604495,1437.1748700831479,1453.745295076663,1467.5508884397827,1483.3364907087953,1486.3834894927827,1495.2007632888638,1505.9870955695728,1519.4767774636034,1522.03278869474,1526.5629425656928,1530.216754812664,1541.52294746268,1550.3666845572502,1570.2805822668802,1587.218927554476,1607.0996884977378,1628.1419270329372,1649.1247861135002,1664.2110539436408,1669.757578861254,1680.0120440321434,1699.9430578084152,1723.3817928446642,1731.1423989319874,1746.3187581566424,1757.4430414680946,1789.9796147497275,1807.3727473801814,1827.1890303368511,1843.6464014868675,1857.0317910175077,1869.4680251010434,1876.9084594209392,1885.9895049360302,1892.9223586612104,1894.7451286040423,1901.4734176429324,1916.1723825805332,1935.246147269407,1953.789219320487,1963.1239274557133,1975.5388081423648,1979.3498298997313,1998.4411139931565,1999.757363271901,2012.234466488791,2004.4102839802583,2025.2502673058748,2036.4704818500154,2059.069980181679,2066.2398387808307,2073.15002926696,2085.002361243537,2096.06108477643,2110.0638399448812,2110.319914777162,2107.5044829004814,2110.0366124385055,2120.159806957516,2131.788902577972,2141.76244063305,2150.232298442116,2162.552908423193,2171.4655314647202,2174.9274265929785,2182.7631263783205,2186.618683370832,2204.6545766135187,2200.355504034065,2213.1977835495504,2218.583607634575,2227.9212195808705,2226.9696511401694,2226.2418570458594,2241.708059520353,2248.205039103288,2260.68985566165,2269.9458340842725,2279.2825949706958
394807,46,"Louisville, KY",msa,KY,952.9494075541662,966.6533049669004,972.9888160599826,977.5593006947192,973.7522397331904,982.1447481035947,979.9978205140397,986.3236001674226,983.758097405204,985.8807370374398,982.4957188950532,989.5620036277993,991.8368888365104,997.1778584848896,997.0405856653417,1005.5047645824342,1009.1016871066776,1020.3439213718929,1025.9155441234905,1035.5732707965938,1031.842496145146,1027.9260961406994,1027.6084294707516,1036.4087864009884,1045.4529194310937,1051.7740138414342,1056.6103749451795,1063.313383291043,1068.34270585836,1070.5366352897493,1072.1661525191564,1073.9391664446694,1075.4858193447958,1072.7569187816969,1070.4213810757033,1074.3782534414347,1082.144561588196,1088.1548469923634,1091.749174030716,1096.9037490427363,1105.9215477731798,1107.9153283529233,1109.9348943971277,1106.8653546009439,1108.6991751283097,1108.8296664921354,1111.9703606839792,1118.2613595987568,1120.3530979847983,1126.9943711359863,1129.330861108273,1141.1718468650363,1149.3839543272252,1157.7079829078446,1159.959974981114,1161.3001736398185,1162.0498986633525,1159.266836008397,1154.355583735415,1147.2576786196225,1149.1137094854737,1154.7657506246398,1165.2006060551932,1177.8987481529527,1186.1025718266642,1194.3941932549064,1205.4733582312,1213.7402089759294,1224.558528616898,1229.1665254149839,1236.3779677859584,1238.557734827882,1236.5195178126912,1240.248010130255,1248.9085649190176,1259.3330905915707,1274.71993478541,1283.8965647523125,1297.9607408713885,1306.4513453557638,1321.1546451862393,1330.576568923152,1340.2026026635897,1346.3506744151673,1353.0649188458788,1362.6986364186864,1377.3963428733596,1392.1163108661488,1403.2265942079662,1408.8349293954398,1418.6546642046367,1429.4729121372054,1445.8482972843622,1451.3182280077745,1461.669579008961,1465.330075754491,1479.2537959969984,1482.4207066364904,1488.419012995497,1492.0114157629168,1500.2208205746435,1506.3094374047905,1513.2681721847803,1515.8019966458223,1523.5977657543333,1527.9540125408078,1543.7457545758352,1550.5096404744936,1559.3786347470343,1569.8867890913325,1581.0908162851294,1596.5565004686807,1599.8015338299722,1607.8349761212721,1612.6445582544545,1617.5988321104794,1620.5068366373691,1630.1085442271196,1632.2356443239942,1637.8214269548344,1632.5379877535759,1639.367038736843,1646.5512092992867,1660.4026417872947,1669.3693456817596,1675.30720993817,1678.0913662232147,1686.1340458730444,1688.0883705286592,1685.8514817848015,1675.097523461582,1679.121664940898,1686.080377339564,1699.7233740048687,1701.4756998883745,1703.933977860286,1705.3978238394059,1710.7925233826543,1722.468972151738,1727.5665354096134
394910,47,"New Orleans, LA",msa,LA,1233.8832152329494,1246.182364791301,1250.2525840948235,1275.2099403731454,1266.6098522208567,1274.4777923484346,1265.8653811373933,1274.4534709603174,1282.9710668528926,1284.3962720865563,1282.6897515680032,1263.7689800435041,1274.652808976281,1276.9211781885392,1301.4070570108688,1298.4274541523482,1310.2303446839317,1309.5097395641235,1310.7741431324428,1294.1294382890342,1298.308666243359,1301.163363620324,1308.03496303829,1303.839166587929,1296.936651499511,1301.2974733413703,1303.426768998631,1318.3635113815803,1325.7198301854164,1327.9385400752876,1330.336391060947,1325.7322167399584,1326.0494599339802,1319.2291251432184,1317.2852577253445,1317.1136850414543,1320.234947369157,1327.7053112790586,1338.9205743975122,1350.660566579757,1351.7118118655922,1350.299467014987,1348.4676289596866,1348.926759507503,1347.998936810347,1348.558398796788,1345.3662567157285,1346.3660136746353,1348.6031745111682,1362.7525521824787,1370.8761891783631,1374.8553499317977,1377.2030105572144,1384.0016185442923,1391.9177672014234,1390.0386806145318,1384.8649918541537,1383.3993152026915,1392.1916281582212,1400.0942385528544,1402.0319370285592,1405.357093566681,1408.7216105755906,1416.0430820462811,1417.6783823962442,1423.412703506478,1429.762072429679,1434.6933038601564,1443.9639168664362,1447.450605178553,1456.1206655761632,1456.0283350929903,1460.998852940894,1467.1737490289343,1474.0556487122174,1485.798065808391,1498.5658085497278,1511.956116742334,1524.744596567947,1540.6754939987015,,1598.2398134980776,1621.275512069831,1612.7303393920424,1629.1918123806706,1638.3951086116133,1654.4853398050668,1670.6377589593264,1676.0992976416017,1691.9311505280643,1702.8494245099316,1715.0133020037952,1717.7040870450398,1718.148036704524,1716.9011426025957,1715.9240321904472,1712.6687944062683,1716.1927959065406,1720.7948006597292,1728.3862173705775,1740.8586895328533,1747.6024640371074,1756.2312543402788,1764.139475562957,1766.6974508766623,1768.463297222348,1769.7359036463954,1771.20278777012,1774.3889561419855,1770.7564962067859,1778.5150090023799,1786.252089367361,1795.0922297916838,1800.8021562284232,1801.9145585438403,1808.8511355209935,1815.0163290491853,1822.2488198067117,1828.6590878664172,1830.2070726691868,1834.284801025972,1844.8303867968089,1851.7555693060322,1854.7934452171073,1849.4596536938814,1851.605750217505,1855.3234511231813,1855.3063723061248,1857.5983915282497,1855.5844431547318,1846.6239840838516,1846.9312092256052,1849.387906279908,1855.7325605036465,1859.8220462673999,1870.7541612142882,1885.0938528124561,1886.2798899224229,1880.2765951582019,1873.0447211910143
395053,48,"Salt Lake City, UT",msa,UT,1342.406124506516,1350.626265314033,1372.0623971654602,1398.2289500948525,1410.2158059094277,1407.9070498054546,1412.716563145807,1404.3134702357245,1414.6875154223646,1411.8817651923862,1431.02832169456,1432.1927852216074,1445.2684938490715,1436.5612506414434,1444.1557559769385,1453.560886593753,1463.2490360033269,1470.3854349955295,1466.6807210490567,1489.4718469338995,1492.071506094015,1496.9170503532357,1485.3462648154036,1474.088393161796,1477.675084275205,1494.657702756001,1517.3621725214389,1533.7691690066763,1551.362773631602,1565.6717590996268,1568.3479597058647,1573.236166050953,1579.4251099261687,1584.8133080070959,1563.5106669752008,1555.8294807088737,1563.5222983352505,1588.062112318219,1602.756570924333,1609.8269809581855,1620.5739640415968,1629.3668690660495,1636.1730405144006,1640.5084528820041,1645.2490149198163,1648.8977829654748,1652.2330379539746,1653.6673685821534,1654.7197253617483,1654.4926083694356,1664.6042361608709,1684.7824055947644,1705.9392786397384,1720.2584392190477,1726.0353239084252,1727.1702086835874,1724.2295832900925,1720.3897770694978,1707.6300877343194,1694.5208948868744,1698.7153849763479,1713.7028499020605,1728.153563790591,1735.847688584174,1753.2127160745088,1774.692792618334,1785.1304464549148,1782.9211777355015,1799.5008609514266,1813.0079897804421,1817.9672068841141,1820.5269919104792,1840.7954015972696,1886.9219636009127,1912.9621850075077,1933.1086915598746,1957.270927886234,1987.9789545495244,2019.8686516605167,2036.4604086131903,2056.7342800280235,2075.6094077850294,2095.2247099567003,2110.101728703526,2120.3063969273803,2135.0886220312964,2164.2425481699306,2197.7023361910533,2232.42932895769,2250.1536315950434,2254.1191434433636,2262.8813624479762,2265.6737878501144,2274.9229216206245,2263.3970039179308,2269.2804997520484,2255.7083012905423,2268.6885770664103,2279.985955147926,2312.987067663117,2327.6208762043925,2343.8102479345043,2344.2535776018094,2343.663122336999,2329.559113351318,2333.0370816904983,2322.4867050748303,2325.570309189587,2333.5371930813762,2358.796303056856,2377.903104443758,2389.073385963426,2396.938289629448,2398.662790338186,2409.7056085942336,2403.5208821900715,2417.437002064356,2412.3327224058057,2411.017267835506,2395.7904725329004,2397.270615212228,2416.739910962707,2436.9604080268236,2448.773688310382,2456.870430282269,2463.1099835527307,2468.3236369839383,2461.5022847498853,2451.6042413218033,2453.719220513375,2455.8236630075653,2469.3366060125104,2456.414704727602,2458.5261378395844,2473.0909040532847,2504.985679497571,2530.3016181733633,2539.8750890832625,2541.0611585410506,2539.4513754835625
394669,49,"Hartford, CT",msa,CT,1472.1978323333683,1469.2192849627645,1484.3692294202522,1498.275118493132,1508.5570331410147,1502.4195297329247,1509.3709300192693,1508.9631042569106,1525.2716971901223,1523.7296314489788,1511.349186060168,1507.7676605511251,1500.012255757509,1516.8770132291545,1522.0872356602176,1525.440564900351,1534.8894323141499,1523.0565756148146,1528.4992118559776,1519.4332781973908,1531.441626903473,1521.038859700153,1522.8540478912573,1522.0329267024817,1535.7434214517687,1540.082265806846,1555.8767497913775,1577.9437733039972,1592.3938645158316,1580.6209601038177,1577.0097940445814,1567.3248342399165,1555.2676337137832,1544.9555400559534,1549.1941708753573,1561.530072671605,1566.8314782092698,1577.1648085993063,1592.630029971165,1606.7103814358406,1610.2668139477491,1615.1351768965098,1615.2375461617648,1610.8567370644173,1608.4993264171433,1603.7243527841424,1602.8037536377913,1601.1507814805298,1600.733790228168,1617.124020435349,1624.8872503577932,1645.3446012347736,1651.4484610170553,1666.3290011155589,1666.2402080677984,1647.144107248692,1634.4146723896245,1625.2905751661542,1635.6227429152739,1650.309688784262,1669.6082464934868,1679.7694107715204,1682.5051801540978,1691.3117312011527,1709.0214597995587,1732.9821462965301,1738.4853980581481,1742.519370668319,1741.9093263866325,1752.3851179256962,1766.643434341538,1782.1968765179,1772.107091999869,1781.3492153078928,1796.065312072517,1831.404232407755,1846.7379701706434,1866.915582842288,1893.587844535291,1908.211935608102,1920.0744636138775,1929.0274946870695,1980.2389102711218,1998.1873982642617,2021.3894062212175,2011.3792698007392,2046.3300650619283,2054.45363688823,2089.093462877123,2084.8124752458866,2112.4255055958392,2119.6081234660164,2149.6959640222085,2152.515002109562,2136.9471630241214,2120.6636471338675,2122.1606594169252,2157.538704335708,2195.7671744200566,2232.796103569432,2260.71486012494,2275.717771915513,2287.5048599033066,2294.9015731191907,2290.9442804800015,2297.3039013551397,2283.4550865856636,2296.1409535900916,2313.6119059421494,2337.981018011178,2368.531201597354,2387.9060516389623,2407.2328374052076,2412.9841471335594,2413.2112536334907,2434.6053583797375,2446.9208369830862,2454.7182981957276,2455.375428387317,2455.9242643268167,2456.0219887328612,2477.9755055525934,2502.178274441573,2517.4354920718683,2519.1434807798073,2518.138148248515,2538.1720451421065,2531.6325988912286,2530.6324362455603,2513.0304720406466,2505.165605694106,2523.595777155503,2549.6904985443603,2586.5568922817424,2599.104104863855,2598.8440614876426,2609.676911692736,2615.864139970438,2647.1981278142894,2665.5005985884036
394425,50,"Buffalo, NY",msa,NY,957.8885154852609,985.7488457595732,986.0788146633362,993.1951302228899,999.1584038434822,1020.9933386123081,1036.0044713175928,1043.1587139915614,1045.3105846598087,1030.3520508191614,1022.1858068823385,1015.7532555962183,1010.4555164864953,1012.192048542828,1016.8008447416831,1038.6853531579866,1041.1206651695109,1055.7158212927773,1046.6126112760846,1047.638294962322,1038.5930198657893,1048.2654036073736,1051.8889107797659,1052.6153294609721,1046.802077393422,1056.9457247059693,1055.978315908261,1059.5808545023667,1058.3905139829058,1078.9245605956453,1094.5236003606688,1100.5939710692564,1100.905215817572,1097.652834979866,1103.476340379762,1109.4141935737987,1118.126767497096,1129.8360480192289,1135.2560704310054,1130.7918192295401,1127.1719645522498,1115.0945141219493,1131.1935240356645,1133.1239761544723,1137.6830218062253,1135.9407063711867,1142.3505076905258,1151.8116190928042,1161.2967962528737,1162.1474768614937,1176.4300960639523,1191.210402431315,1204.889307878781,1199.0404534325723,1198.0533026551334,1193.2493652299395,1193.5431911796015,1199.3790566856912,1200.9829567760219,1205.7971255859923,1187.0749972465305,1199.0072194295237,1216.6531941742012,1239.2393857283394,1246.6764102847576,1255.9071254973398,1265.527378361123,1276.813641134469,1267.2359045992068,1271.3906810438982,1261.3648143559878,1276.9028206690011,1281.2682128340223,1315.5731325424106,1327.7870857098167,1356.1218458104395,1373.6579056294624,1396.5912627371922,1406.172695441516,1408.4870612146842,1422.073287621654,1440.4654140876578,1441.3104149278813,1447.5680767899494,1455.6431876575516,1463.8304021670078,1457.6077726682122,1461.7858232078681,1480.8504938498738,1511.0529327124407,1527.5798175456162,1541.0755279506466,1552.2640119441646,1551.48111082022,1558.287964163401,1561.8527485910893,1580.894998134375,1576.8078141345927,1591.8472419493257,1594.4111554221251,1615.8527464162787,1628.1531122456856,1654.1107823764355,1662.804727354158,1651.0289306733234,1649.863578640092,1664.007881677757,1677.7919543442945,1675.1350734567784,1675.558308473703,1691.9469261928002,1703.7845977820537,1719.0661664667543,1711.268812690702,1708.5857250797524,1715.9475983441798,1737.3237687961798,1751.0907686585501,1744.2917872918122,1748.4039290983387,1743.784824557633,1743.0550149084008,1745.9545562037172,1753.7083796271643,1776.3584698147774,1792.6835714848607,1824.904142083758,1805.55595906347,1798.3807052768223,1776.6058904767376,1791.5884163532871,1801.1355475432629,1826.1579672298462,1835.0467960110716,1850.0525991009945,1858.5385553780704,1870.745809863281,1877.9538644095567,1867.0710613559834,1878.7872897711607
394388,51,"Birmingham, AL",msa,AL,964.7903944216615,973.0221300793602,983.1836253634423,986.4446886385697,982.9840618409366,982.2865417676977,982.581380014808,981.2636680589137,977.6612369673612,976.3895390688562,977.5912141561249,984.0756170797848,990.5971151997561,997.0170450027717,994.0695282139048,994.5678420808918,993.579937652199,999.7207228200418,1001.055702862356,1002.47532707894,999.2377567796121,996.1077143206816,995.0076721375306,997.8490328540541,1000.017319750242,1005.749327756061,1012.0603076721434,1018.6843345060844,1020.1646468110102,1018.9010167510993,1022.3425640702991,1021.5753921209855,1028.3603528141214,1022.2596177300678,1028.315368294583,1024.7955865002145,1028.7903502500578,1034.942654675514,1044.4166235492244,1054.9238438897692,1057.4332586398473,1061.5020361448849,1059.9606393470535,1061.3293046685878,1058.2997730111963,1063.5982906118893,1064.9170050191192,1071.0507302163596,1071.1302744549168,1075.3869807037624,1076.950951398352,1084.2579405539839,1090.0346445861392,1095.5220579735228,1098.74066264486,1101.9227410373712,1101.1770926564113,1099.1471383301653,1099.0725540241726,1094.2374602030136,1096.0037161450387,1098.2955736422302,1112.7631672452437,1122.4091371572051,1125.754977131358,1130.0425832208946,1138.9408126639946,1146.3219259208176,1152.5326118596324,1153.3177643619733,1158.4116151263402,1160.2242856116832,1166.7390320539575,1172.5578515336401,1183.483052427667,1191.4122320554186,1206.8670883135019,1217.1852559703102,1229.1182467495207,1242.5099338480613,1250.198517835876,1259.7281555670031,1258.7887686738923,1274.254935809099,1283.6149177608131,1293.0464517395408,1295.4159099777069,1301.8524165261438,1310.4710882734437,1321.5046553708817,1328.317549796689,1336.2889827301308,1338.8666019350542,1340.2305581835908,1344.3242872133944,1346.0991364695446,1351.3540939465079,1356.2559182254722,1366.2051525010813,1378.2892303363376,1391.907777090433,1401.4872850555564,1412.6177588283983,1418.3382565731981,1421.12294898974,1419.441840792239,1421.246198979199,1427.7691956263216,1437.3588672046903,1445.836982147705,1456.0336161633522,1465.5863200241022,1472.0112818546293,1480.3417314322455,1483.4267730038925,1486.5089708643116,1486.83523818305,1488.696745518454,1499.7913798707534,1505.2580082186153,1513.2628296441103,1514.478028086279,1523.1241146086068,1532.4151377749456,1538.9809947817548,1544.7218011233524,1550.3469528075532,1557.1040403988213,1553.9347119151678,1556.571997833445,1553.9412344343766,1559.0867646490465,1554.3618121847303,1560.4059026945476,1563.5646863841953,1572.6318839529579,1575.7017940322376,1584.5968797845487,1586.9672477085949,1600.287208254058
395031,52,"Rochester, NY",msa,NY,1097.416371567987,1092.5474057100864,1099.0146860968937,1103.460110753346,1117.1301174093885,1138.6282656872033,1137.0077188432674,1123.4319999971938,1125.9138568462827,1128.4730207865448,1145.723458402352,1127.4898386613627,1140.9760661394755,1133.5284356002996,1153.0734049280532,1151.415069323515,1172.2251421520982,1178.0255914314387,1177.9760452987146,1174.3785294802294,1169.0471067364094,1170.6080551496032,1171.860722984958,1170.6535040500712,1170.3281171877538,1180.0877910486047,1191.0319121994419,1198.0783558292758,1197.0001141476193,1202.429340289017,1214.3394913229617,1220.8657511724798,1217.6181713715275,1214.7377642784713,1220.4430452524227,1225.0219507365932,1237.3756853434436,1230.3289126416832,1236.1795854642075,1243.2689330713745,1257.5855556898382,1264.129268489537,1266.652903472488,1274.0129599939864,1277.8876730197421,1277.4873923473888,1271.5162423998163,1270.9061592223159,1268.8698152389175,1280.8163736544045,1296.1873390255432,1318.8534086244185,1323.6129666029574,1326.8453599429226,1317.2825317632087,1318.910607389293,1324.4876178881877,1314.4345304202832,1320.7026317925183,1320.694541934188,1340.233644806895,1351.145355641515,1370.2180026248511,1381.047834852792,1389.778460211505,1388.1490290845477,1398.5974553266815,1391.735037592996,1404.6870277200135,1400.5915959169517,1425.7540499040388,1435.0319440101573,1448.7832357615569,1458.153429157504,1471.3130789037496,1498.8856858070283,1510.3684972364451,1520.843228356553,1535.632688233603,1545.8290048092651,1544.9952795239644,1532.4008036227287,1523.9553346722091,1536.0121922494045,1564.7922526896534,1629.9208399330662,1664.8447948713265,1682.7134960017615,1662.2860475653665,1670.2379843076656,1672.8396042627835,1681.6207436121372,1697.6845907713746,1697.3182782848296,1696.890220937236,1709.6210663104118,1743.2076739217384,1762.4625002680195,1757.8185815088525,1789.065930135943,1807.9892467166858,1826.779492237828,1802.192514718313,1821.2913538921227,1845.374250868676,1874.5039751794704,1878.2341481110998,1880.7698512110883,1882.2092325056096,1907.7138319166959,1917.7679728912583,1938.0738735024513,1936.5109034668467,1951.0928487918159,1962.789934570653,1969.2162569643806,1965.9826188293523,1965.1140283204031,1984.7574127264288,1994.4223861065213,2002.7424672823079,2008.4747436237653,2032.354733991629,2047.7191480106349,2054.3311778771367,2055.79801690404,2059.8134192008383,2066.2935858853343,2065.5560390532314,2062.1543385516443,2051.1116178389625,2072.247431664008,2092.339369297213,2107.0100882390147,2104.783343417593,2114.01888360914,2134.018478584319,2145.183155793512,2155.4932212589274,2166.3473205257833
394640,53,"Grand Rapids, MI",msa,MI,997.3833872874964,1009.142173964035,1021.8649866434874,1040.9418840163805,1057.0515763456613,1070.4198762820781,1083.7401653384443,1091.4118760312215,1099.022182224325,1098.7040174479148,1090.5039556180761,1091.591321251952,1094.2259550240756,1110.7578601006767,1126.4835657576693,1153.3788099040867,1172.0159402576835,1187.0140315325395,1190.3930573901018,1193.4269044272307,1189.7133550837427,1181.4173146335288,1180.5935521198408,1182.414543420721,1183.0056926736554,1196.484081694526,1212.053143049741,1240.8685532028746,1257.0661663443386,1271.3687991939128,1273.4277303358654,1273.1199203008748,1263.0592319657978,1265.2260339581874,1260.5343731096211,1262.1841102420042,1257.3375705966046,1260.3749785655314,1278.308504944533,1298.9762600255335,1317.0794177168345,1323.5656974124765,1331.7000368611175,1338.4041443411606,1338.5933003536968,1335.9937155367945,1334.760505395882,1340.4852622498074,1342.6876042864503,1342.813458597019,1351.138466354056,1367.4503702246839,1390.0580694318035,1402.9190224033794,1408.8161509337228,1400.094008861472,1398.1848257747906,1392.2259796126516,1393.924714878199,1381.1580403449639,1387.8955948142077,1397.0608797062603,1418.2871931904167,1431.4624627995424,1446.4956798651042,1461.1263596369374,1473.1015275265145,1462.7652979427187,1468.1435788377926,1474.083147052045,1496.1684437339995,1493.0254647465254,1487.8506728633877,1497.0307677051194,1525.4343299205339,1548.5246539008026,1573.7335720744968,1592.739815357934,1626.649468465472,1648.6133859362815,1670.2027508419135,1639.2235011498726,1657.454813362259,1668.505308814683,1711.8179982701306,1708.403974727108,1720.8267302152378,1750.8574016973485,1781.317050009827,1797.5447505143754,1813.9939412411743,1827.5447777867428,1834.3191058428124,1827.3502575479847,1812.5939704912082,1797.6660353342381,1804.257228605405,1814.173707876504,1839.8560279269805,1859.22954517983,1887.173524239212,1909.6786704715967,1921.2033427640488,1924.7599882603058,1922.1399602793863,1918.0008442296978,1915.4985824263972,1920.795612406531,1930.0086750935773,1937.841317156282,1951.6282231651498,1968.6104977206346,1989.761058683852,2008.3822611721641,2007.0290859720476,2011.2463934065545,2002.0567909414458,2006.7356245273227,2000.7211301582167,2005.5216723390306,2018.9669049096487,2040.4890417344577,2047.7853067242088,2061.715413909623,2075.5570919074876,2109.316162120463,2116.412202951611,2126.2783411254063,2128.484897100417,2118.6066962979307,2111.2609397997726,2094.221392281991,2106.6016381250033,2118.8971583001803,2137.801908815055,2156.3992188556654,2169.858819195357,2196.614542141037,2213.966049620296,2220.9403739793665
395167,54,"Tucson, AZ",msa,AZ,1017.2431263847562,1022.283271001507,1026.6692594537021,1031.867880860131,1035.35340285399,1036.5018963609039,1039.9928379318005,1043.2687292160733,1040.8573095349043,1037.811219880789,1039.4622852789028,1045.342405215094,1053.367918449069,1053.30601720351,1057.3434038504377,1060.236062136283,1067.4384499545108,1070.3192905691621,1069.8105767310242,1069.7850441507,1068.6295603621218,1070.3875047039555,1069.613694894932,1076.1782752362801,1081.0376835499749,1096.8662000744862,1110.5227086438372,1123.4379398636015,1129.9810775703456,1126.7808874556645,1124.8963215065778,1117.3078584335067,1119.0572654400721,1125.6647724543648,1136.8322003513758,1139.7795454695852,1141.3386752075373,1145.7198261602766,1160.8966123699631,1173.7991931793429,1181.706189563337,1188.7754172361717,1192.4329306119334,1196.611343280781,1196.0664894211309,1200.9796894068434,1205.8366923668116,1221.0330371931243,1225.4373503318984,1235.0827461800757,1243.434938512142,1254.8295350949466,1261.2539146284446,1267.4161793831609,1271.6384540170359,1276.1276559950875,1273.4478497055622,1281.0198436555354,1290.7118508829863,1293.861558783127,1298.9677313431616,1304.029763327676,1317.191488069869,1318.1758500623537,1322.4413249134907,1329.7292151030845,1343.2854607075913,1356.211136856638,1378.5826914879653,1403.528813727828,1414.349958211563,1418.9197019612252,1423.6115379115165,1438.728526592577,1457.9897064768672,1485.371810937743,1511.6849384586706,1533.0150656332496,1547.6202197034388,1579.753230952305,1609.7335374072438,1633.795702200799,1649.2641505570675,1652.514887980505,1666.5007264190463,1676.3120585281335,1689.0151289165133,1699.7584694777115,1709.3941751744796,1722.9018340730574,1729.1123082944,1729.8497817718512,1732.849845144812,1723.632411624346,1720.1018655200855,1716.177343362565,1726.8989826053405,1737.9280439268541,1752.0386937851392,1761.6552705584722,1773.5990666543305,1783.4557426361705,1793.9021491000246,1793.317925785969,1792.3609814082602,1796.1860801800608,1798.0056405428963,1805.0260157409411,1804.681437715015,1808.5458647677517,1812.5868397254487,1827.7178723555842,1840.7202629580174,1846.2514035580296,1845.29379917011,1841.386969122099,1848.2914879935447,1846.1635542081,1850.0329212140077,1842.9941053466923,1846.2171679645937,1851.3746378921858,1860.902083160379,1859.6955034185787,1862.9458590704057,1858.3568021786596,1860.0953698695487,1857.0780993117598,1860.9436988999914,1857.690454786502,1852.4101163064668,1849.6232538749423,1859.1816097417764,1871.666381901538,1874.6489877857673,1884.8811032626772,1887.4441809820328,1892.3595085317374,1886.0316283987354,1888.1513702298791
753924,55,"Urban Honolulu, HI",msa,HI,2225.684959324644,2246.7812040930057,2246.239917571246,2233.765682376173,2248.800987558554,2261.7543908997577,2281.5069129918616,2284.053861246416,2273.070451474414,2287.0624156090457,2290.2122180772517,2317.604175673658,2303.869845822158,2285.3189501019015,2277.109397095949,2301.6349467848113,2339.9888971177947,2347.633683296306,2344.343599182898,2328.2954459280077,2327.976290348863,2312.384458329074,2309.9864105214856,2306.2499012255416,2324.023608104682,2338.8690150640678,2356.6095521760085,2395.647637661268,2392.8907755314976,2390.7889755894876,2375.0828513335578,2384.956999775658,2391.3929373003084,2388.361467871447,2388.693985887275,2392.9988241698475,2380.278818259943,2388.2384896828175,2396.6723853461344,2421.580142110973,2429.2780533695036,2431.4734095980125,2433.8977772384073,2437.015201851912,2438.0271882507186,2434.496246317195,2438.7271228120253,2434.17153218674,2436.623887340384,2448.715493194223,2475.9686600960713,2498.244142867785,2501.7003745565585,2497.688268720644,2503.780402045778,2508.9533443881332,2513.9276801030815,2511.939952585963,2514.1128616621836,2515.221009976922,2525.4416200465566,2537.057194878395,2532.7007686032857,2542.585229125196,2534.6712945908525,2545.0632211053935,2532.6322922720215,2519.050266796407,2522.3256018238862,2510.534653965236,2524.993264902988,2539.595932186716,2578.9537226097123,2631.60577937973,2674.6013776545988,2706.919222288257,2713.451976895097,2734.1576402082733,2770.7202242005555,2807.3151434336573,2827.2505438739877,2824.3889835279742,2830.652906922046,2843.9670078609674,2861.609171346382,2910.7892708053564,2913.375704155036,2933.6635245727543,2916.130318251092,2935.398874058332,2945.3552663449755,2954.575944546209,2959.611821713425,2953.2675197751046,2948.698482973459,2968.944709232734,2992.6279881203563,3014.4176741285523,3032.9583917638756,3046.7894305122786,3052.93573477172,3049.011173183515,3046.446088312757,3047.988144771006,3052.1235487946074,3073.03656563011,3091.1785879372146,3095.2386086079,3095.090160478635,3107.2633051874386,3131.7169874814385,3162.557803862779,3176.4113466162744,3195.356201052587,3207.6778193704135,3222.7745807986894,3224.866779961755,3234.563461641773,3238.300521173136,3252.195051192427,3245.744496765063,3265.949682819854,3262.589753736245,3295.598745326585,3319.7080916982004,3351.6129784542077,3361.927522604552,3352.184726906716,3368.295715365814,3374.7486247742813,3364.5212166394804,3388.801789378565,3403.706499098666,3470.9959315344463,3456.1955399085123,3473.172218205206,3474.729447388817,3521.6597566969226,3542.6400150735863,3550.5018869234896
395169,56,"Tulsa, OK",msa,OK,979.8581680229526,985.1342426350033,987.2430752299703,995.1644948580314,998.3988488991519,998.9991583059704,1001.108839842808,1007.5957046100108,1006.0787762124286,1002.2186664315942,994.6867766139691,996.1913193672436,996.2825846363179,999.4100689424592,1001.5909405291949,1008.3391680648414,1016.8064713859089,1019.0871320695494,1018.3010286698646,1013.2276595183326,1008.9516241952281,1003.5338704309877,997.3873335171974,999.1928079747634,1000.2693006356586,1005.367337685225,1008.6637032092883,1015.0200827600713,1021.4198086911483,1026.908712136344,1029.0522592885893,1024.6263744712787,1020.707346798375,1018.9008406298971,1023.8091574624495,1025.8052414117376,1027.685489403042,1025.9644747952545,1028.6267902309485,1033.5453350050338,1039.2230559505276,1044.1185317775494,1045.3355484184474,1045.3882807338355,1044.5370350585283,1045.6514819930367,1045.5854827365786,1047.2050363371686,1048.0732734698927,1054.1865562418573,1059.9209132005853,1066.3175459430036,1069.0226081599515,1072.8152559618695,1074.9512194954275,1074.3304002710945,1074.6268641747297,1076.2259075535037,1082.3712335472378,1084.9391054655941,1085.3114650731804,1087.3478725006764,1093.592050810578,1096.231344951006,1104.548648425649,1108.5014442291242,1120.3629596311803,1128.677524999095,1138.4307711999645,1143.0105534703653,1147.893108708201,1155.3574112141,1168.7255772975661,1181.208265626298,1188.7683002757763,1206.6768233038101,1225.651995985161,1246.444187949926,1260.6940209365387,1273.5862710606743,1288.055789737466,1293.8323864032157,1301.0800200633084,1310.226298388465,1325.242911007986,1334.4455799798004,1344.6933755468472,1356.9250443924445,1370.618801573506,1381.8317747758622,1390.1618126759213,1397.6967506784483,1394.4775315613135,1391.8535862163326,1383.6804211513863,1384.8317868600277,1388.943291403557,1397.9257348436997,1410.7954810416463,1423.6411653589962,1440.9965055128073,1453.7495583169898,1458.36267433515,1460.6611225649258,1463.2513990076345,1468.41325328876,1470.6063689222879,1472.1693643302724,1471.795749140663,1475.846366742126,1482.8286889296926,1492.629850590776,1504.18272880923,1510.3768211939914,1514.7848076675914,1518.908031392211,1524.2581692708043,1525.4051576826403,1518.2351959076748,1519.975794965921,1522.703329864907,1538.7510714315204,1548.412054291851,1561.8996910599801,1563.7564726123817,1569.0854245226217,1574.3918929279023,1580.2939660818838,1577.622991696674,1574.3679298390177,1572.3400008885592,1572.9453333535405,1572.7209641754089,1579.8143058312621,1584.9151437345051,1596.3392167912602,1601.6884431898425,1616.7745141792998,1622.814489529464,1630.1339147686638
394619,57,"Fresno, CA",msa,CA,1227.7859148646714,1229.8983903558337,1234.1817352508303,1242.21908179984,1249.2679344227536,1251.9137617686122,1259.8672169252875,1264.6301601523276,1271.6885420386232,1271.081878026715,1275.3576618565307,1273.2057386190731,1261.47374704845,1263.0481479164193,1276.9950331225607,1296.746069923586,1303.787691170248,1311.41173802493,1317.503001392523,1325.1324008638567,1330.4848369531903,1326.7915590255732,1326.9238421635318,1326.9187901453704,1333.6611601457123,1337.2034587739981,1341.8223207754222,1358.5819846153645,1377.882559738874,1395.2348808641225,1397.3667769181436,1398.930359124126,1399.46666894364,1403.750212551764,1407.1683019661734,1407.4995127660807,1406.4689731397264,1409.6875335952093,1420.1635309502115,1432.879891502054,1436.7279675764432,1447.1769215783522,1456.020647070753,1463.9574145858946,1457.9000349084033,1467.5265573039924,1475.2392591864964,1495.4869731247172,1492.2914385343056,1509.7827804865185,1514.5699725569316,1532.569445014425,1535.838093401424,1547.4955418378115,1555.3799621274916,1559.4366380318165,1564.5789055865184,1573.257723238677,1574.7481303630293,1572.151846656854,1576.6892365980875,1585.102189921596,1587.0656358905958,1573.5048937042116,1585.7980469935299,1608.9861182596846,1635.4092230985566,1646.3747928864177,1657.7106022452926,1683.2092499020291,1688.2451445447605,1709.7803547347478,1708.7653110165184,1732.905310465467,1743.5725448922597,1787.927038210102,1822.6682675334564,1854.710089788935,1876.1024753987767,1899.8859809440469,1929.5636701734657,1949.053907369198,1984.031794199826,1992.9396022209844,2005.8972286947458,1998.0913198599528,2021.834878771696,2038.2165993050369,2062.9735055294896,2076.091202359159,2077.5844175723855,2077.8599406596554,2081.532182375501,2104.5634185677964,2108.1150508430487,2129.198558721797,2129.692189320102,2147.753883786134,2146.5420405786,2155.302480429198,2161.2528392501667,2174.450685150297,2183.904313862042,2197.431386866385,2205.5070974405457,2214.728308181924,2218.2037960789908,2218.7254926956894,2213.8584910859063,2215.29961623052,2222.7709138351806,2242.1393151795514,2263.579035814903,2275.8721573954303,2278.109745379464,2276.335801154808,2293.4667976337955,2304.77971333633,2298.526331608568,2271.4638388021062,2273.1639349690977,2281.8169837333785,2309.584507351928,2319.316437707462,2339.41873623961,2334.518524069002,2336.849617641254,2337.1336238497292,2335.799421761294,2340.9771187746683,2334.896213941267,2351.2856406999194,2362.1223014657244,2381.59104949897,2380.8919531753786,2386.191670321061,2394.829817264507,2412.937195285306,2425.596478788041,2420.7942180125015
395238,58,"Worcester, MA",msa,MA,,,1438.4234675425662,1424.7539602078052,1417.6803078933513,1419.0028777625837,1430.1946812588417,1461.805471345259,1448.9378104337372,1436.8753167052096,1443.717816041496,1470.5004360911846,1498.3340218800959,1489.9495395345148,1471.1032588350686,1468.9599340765585,1479.2304033180155,1500.3771213320756,1516.2686359662687,1531.867458865385,1524.9859837338167,1528.2442605044275,1534.9314947368032,1548.7865140320582,1543.3137595297535,1535.2613282598775,1527.2747548537102,1558.7978422391493,1570.9681638766106,1581.9325065471355,1560.1704456340676,1569.8291256307105,1567.3586843659116,1580.1548954260854,1573.2543035681342,1582.0580816478619,1574.0333456485348,1572.0103108239355,1583.772875851927,1599.9069848606089,1610.6487460219466,1612.7628396419252,1612.7737598429878,1620.6642524100223,1616.0715949381458,1617.4736655354955,1628.817270745473,1641.1559075846233,1656.8757526075212,1666.142584925573,1676.5511188240064,1692.1681790107439,1664.4111065280563,1688.0954334620383,1690.1888499300408,1712.5689885024292,1693.14362497689,1701.888260984038,1693.23565285321,1725.7183422760513,1753.8078114781138,1811.3483273306745,1800.2805014755124,1764.5295809742584,1767.2444762891503,1779.2893015318646,1784.7095470345346,1787.2114652287523,1774.4624104369727,1807.386289177401,1807.5213207217153,1854.5518247516052,1873.4097855743712,1875.5441337152554,1880.0295403639159,1892.5613956019324,1925.8036418087588,1939.0279991530415,1960.05020398958,1945.995639157007,1973.911845292593,1989.5689811569719,2061.9728853839456,2035.1329601624661,2057.922891059118,2046.387644789475,2115.4072542067224,2173.18545261736,2223.260170380565,2225.8546157126307,2208.6580813114033,2214.4303301195905,2247.4018313447727,2248.574367928552,2281.6605148868975,2291.8501837274066,2314.0159165794985,2308.704337560515,2331.9354807953146,2335.4791347099963,2343.377575548243,2359.7171129318153,2409.6478970056623,2404.9765372890397,2417.812164118521,2422.586526916996,2462.058948682417,2457.479261741099,2463.2763420824676,2476.1798651053523,2499.2949075934253,2506.8716478090546,2528.873940759379,2557.020725693578,2568.2191059059364,2576.4495361663326,2564.5090962622203,2581.4899291860543,2605.816932305821,2617.215318854594,2631.4603409954657,2610.3909194670678,2620.022421361393,2642.3278889178505,2651.3613787866407,2690.8386462232415,2695.4775146555353,2734.485770527753,2728.9087430013765,2715.7023566585394,2706.5255569535643,2723.94793446734,2746.3162219048972,2749.056692769855,2712.27580788599,2716.3388449100526,2739.9788927694412,2780.32613385982,2801.415912525458,2857.386710239651
394938,59,"Omaha, NE",msa,NE,1114.753850344364,1126.6685154156266,1135.6304790706877,1134.308712901392,1142.0101480600833,1144.5228732128116,1149.7406474459026,1152.4662022185819,1144.7050031993492,1140.3829229676453,1138.8254942635792,1148.1621458956756,1154.8143334971926,1164.060925202557,1165.1649716973382,1173.6668462710445,1174.7479236246254,1183.5840979146558,1185.1591949434526,1189.9836632713852,1186.877173863894,1184.474474562556,1177.7318873328884,1182.295944374346,1187.1908777076806,1200.1862388495333,1211.3320367122703,1226.08427726895,1231.2518187308704,1235.7392548879864,1234.5436100104914,1235.6443349049339,1231.7763617015207,1224.1612438171333,1220.0256365783437,1217.8356195528247,1220.0494542759172,1227.9810455591496,1244.8243290735147,1261.8090719372078,1273.9520608977307,1276.5377248208924,1277.4862645575247,1278.9839757459426,1279.9947254353676,1281.4160069474412,1277.6545049418453,1276.608876349944,1278.93814659727,1288.5730971354715,1300.8369995628248,1314.7964451844073,1328.3947183313194,1335.2065344401358,1335.0077762772257,1330.633170445541,1326.0184011574888,1325.4914450896943,1327.9424585204144,1327.5728552061398,1334.180307357676,1342.750830908774,1362.6502646199676,1374.3737825153146,1387.180775721415,1395.722134043296,1407.552698153832,1415.0778400794309,1417.0202193575724,1413.1440346654733,1413.39052936002,1421.81787947431,1433.8593838365796,1444.7442567797775,1459.7906864898705,1473.4207273713278,1495.3452094979054,1512.60300277474,1528.445193743698,1532.287424236256,1535.0098891278026,1539.0568788632456,1543.5102277676217,1544.0485515837056,1550.056278666119,1560.9435196693773,1588.117422284629,1611.577617522898,1636.0597551823646,1641.6625791540237,1653.9179394343234,1657.2606360197897,1672.3967376018284,1675.8887448174205,1680.6838645829228,1677.8446003283739,1685.9276503087995,1696.1352639207737,1718.8155419255709,1737.447052413255,1750.1903790072274,1761.8237899315434,1769.170799112897,1786.0488003139624,1785.6146581164833,1790.2469186618798,1788.7664710260087,1797.1325725381976,1796.0609322516693,1804.5850617031508,1816.8418347851684,1833.8139557569355,1846.858246477582,1860.803513679644,1873.266976859502,1883.037582383246,1879.1019638574091,1883.6328123997353,1889.0919612155506,1894.1891443616746,1905.6368780590822,1919.529737131342,1934.9414626504206,1937.1595010749197,1935.837161636681,1942.8034106139387,1952.8347437258822,1955.4272451010986,1950.8171331986355,1946.881135930932,1943.3239555126356,1949.6547232634791,1956.7685671041907,1968.3446926769448,1978.6993398585496,1988.9261988803823,1996.5602316381476,2009.1710485402125,2011.8224760449286,2026.8669973544975
394415,60,"Bridgeport, CT",msa,CT,2561.1442523426535,2586.258263148916,2627.741506577361,2607.293328781545,2615.638477399603,2610.3459355575114,2632.176931061617,2648.103885502135,2640.977770806303,2608.7790214375136,2596.39832802627,2605.047988711523,2632.631104714759,2638.8226211162646,2657.487205492681,2677.961884561032,2691.262397171634,2686.9958823703428,2675.0100130600217,2669.4808735872816,2644.4486746488237,2678.083533786113,2663.192958279838,2681.1689124526965,2660.9445103598528,2704.1908690397677,2727.660600819743,2754.7771099876277,2771.9550090338116,2769.4789644270886,2765.7759587693963,2752.6780901079333,2742.6080759771808,2755.375436402198,2742.703438460226,2766.8905835149512,2768.5639494442225,2825.8952459790194,2833.0600745401994,2845.4234951498147,2837.5176709946954,2869.6512819619097,2875.5552996179713,2844.3537965305904,2854.5575052441504,2848.627122394764,2878.447513273642,2864.1063860562463,2890.679161658488,2898.7854192684367,2916.297576613044,2925.5996850928786,2931.757529252696,2945.6263589799796,2927.8434976990557,2913.668752654673,2916.6346207114284,2916.2940352807914,2914.5445826108635,2902.9539636295294,2941.1287309134054,3004.868317781877,3041.689709773882,3079.4434617979828,3143.1372305464247,3229.358787200799,3270.324980493516,3291.0326520478325,3271.4813812804027,3313.3630105183493,3317.439144969526,3349.3640098504648,3352.348298856823,3355.8037052099216,3403.3361009512373,3466.5509100332993,3570.9641128419603,3620.1914773825183,3650.3794687096424,3625.301227468147,3635.4470400026476,3604.643183221539,3638.1005104871097,3632.3114901687745,3699.683986899458,3730.722801215407,3838.913701027128,3913.0584910162634,4006.3182790618334,4025.7793510404244,4025.838640599951,3975.5473740664515,3940.7926672519397,3916.442232813873,3917.751443402539,3934.079409798245,3967.2593905405615,4024.584766339375,4074.267439862164,4154.635918448484,4184.726310001358,4224.920640310651,4230.968942108383,4241.113835640545,4200.487374297026,4188.493405304417,4179.172949868703,4199.097651692853,4192.975180822021,4239.928455538428,4301.469335103371,4347.65202888643,4390.370487602947,4431.282597569495,4457.799145634578,4485.778111264935,4440.42013715898,4391.4695875518455,4343.387262067871,4335.615548599908,4424.510442886461,4476.933108015436,4544.527783432306,4532.985282404826,4567.964560738634,4576.7808113662895,4600.31636494076,4584.289792816954,4612.309890578867,4617.203242761905,4589.5722490330945,4543.289101317188,4560.14759464672,4612.052098015451,4680.562728998439,4718.865544607645,4777.753145413649,4827.643008215323,4803.037537798608,4808.054658840792
394653,61,"Greenville, SC",msa,SC,999.5126478620684,1006.0829080684124,1012.5233995960815,1021.5130091159527,1030.761667808643,1041.122076810159,1043.7536458956438,1046.2456521810127,1048.869422438289,1043.854086231599,1046.2727613210723,1043.783846895461,1053.8643199388318,1057.2126738823106,1066.5137244941955,1064.2006564838275,1073.7675214695685,1079.0479700140436,1091.8567955724984,1092.5248222636608,1089.6986239925343,1089.854709821281,1089.5406050684076,1088.4619294635786,1088.7790736249374,1096.3995654882926,1109.7299135274363,1116.3105820698627,1123.470453949816,1127.13452994853,1135.040056023376,1136.6415161775965,1142.5319752233593,1141.9899022183017,1137.3962507104593,1139.6963272947396,1142.246335708779,1147.6011958325867,1154.0710347749948,1165.6966799974762,1177.577678705925,1180.7679281542435,1183.688046213359,1188.9619336082453,1193.1346865540513,1195.013070706064,1198.2486118586478,1193.6945787912136,1201.8911244230505,1205.175469119542,1220.6938768994726,1221.8765633614335,1231.7141821941873,1237.2250199150849,1242.1159499783664,1239.678780917847,1240.4785250619668,1239.5363431535925,1240.0061904909876,1231.2811953950395,1239.2269033633606,1242.3774182590264,1261.8126052336856,1274.6748675339898,1287.474149658868,1291.996922292837,1295.5233151088116,1309.5357221182303,1315.671441399553,1317.8167057758185,1313.4414832238767,1317.0588853087233,1326.1006715632025,1334.4673420597499,1349.8984063010728,1371.1255509295709,1396.8841719513086,1419.6114706799165,1435.22341551327,1441.197051061878,1451.2098883261538,1457.887055236629,1470.7051382925138,1474.415366335412,1484.1781098927186,1495.2404150007412,1513.9011562972262,1531.3820084155554,1553.588510377981,1569.4312106603998,1587.507468374938,1597.7415749836152,1605.2292757616165,1604.2664977453144,1593.5113539730032,1593.720656845924,1602.3861040147244,1624.4535898089284,1640.1568642617503,1651.4910640487863,1659.641512993762,1667.018207056445,1674.1819094515893,1681.204708496382,1686.8932900605319,1687.5641062605876,1698.1231430450448,1703.6385973935164,1710.8553192133963,1702.6116070117778,1711.9021473804178,1724.4666502181722,1741.2998051581294,1751.3785734996309,1753.7684704478381,1758.5274431534372,1752.8656481447583,1760.2048415904592,1770.8933254598055,1784.6292971573553,1795.713730291535,1802.1824162119165,1805.0070491872002,1802.991651022407,1800.978161369778,1799.5201877148663,1803.1706523850205,1811.8180934440352,1822.0766935101078,1834.1063746038424,1831.5213123220833,1840.2167504947602,1839.244568581267,1847.9563330303129,1850.353336806306,1852.1681477532902,1864.330967629701,1873.5494456739302,1879.8523696155278,1873.1965896331114
394312,62,"Albuquerque, NM",msa,NM,1145.2338646583585,1149.8992156074178,1161.0212311560438,1167.3265930819875,1173.0553995846924,1175.5287917774024,1175.6781241456085,1178.122235250102,1174.8119849975653,1173.171778927865,1170.0931592931581,1173.3652688466182,1176.4515500351183,1182.3616771857467,1189.566747799628,1198.5275295374083,1206.0929945903397,1210.630634387213,1209.978566425972,1211.1749454159267,1206.0750130965885,1204.295911289396,1200.4188836050548,1202.0437253541008,1204.2912977510425,1213.4658010741136,1226.343663383035,1235.9681420494487,1243.1951607571648,1248.8991679225014,1252.0599589500866,1249.5991112673487,1246.7704799250819,1243.5063574954245,1243.132352392105,1243.7600036981837,1252.2914353910085,1261.5639664624036,1272.0686617631745,1278.3668076095025,1283.9922036029525,1291.9591964685076,1298.2588341276494,1300.6824267690395,1295.9167603869926,1291.5040012792683,1290.6023458864854,1290.779222976687,1297.0511985344522,1306.3308800804307,1318.2922336279676,1331.0075268014214,1340.097595638533,1355.525957576336,1362.917529116297,1368.4760522520353,1364.485338795751,1367.9721639725826,1359.2233454318657,1358.3382048048027,1361.2347617480114,1384.0052054743946,1400.0596154934065,1408.8649239285337,1409.6150854208533,1414.097323288604,1431.4186372553409,1455.2437220951083,1475.517128240203,1484.9958996549985,1487.4483470829935,1493.0074387345744,1501.4359299711862,1521.9003492480906,1539.4966624650701,1565.15156637702,1583.265846327138,1612.687052092994,1630.3766084565984,1657.9783783176797,1677.1909165094648,1689.0834991542772,1695.496375774482,1725.3918457903303,1748.9896313912236,1767.267045565755,1769.0906662367659,1789.5311939812852,1813.2415488720394,1826.94912599767,1842.1787812928624,1850.6528119475518,1862.0081656122593,1865.5158911586645,1878.9092489034042,1876.6733621659457,1884.1558865032343,1881.0725837250384,1908.083023292748,1932.948061242733,1955.6550344996053,1970.3780211067865,1971.4099715343966,1985.3826423368134,1983.968860611111,1996.332212939765,2000.3314645008272,2006.021588518096,2008.8428433845356,2012.0950439971803,2020.5178052697788,2035.750026561917,2050.2281880812648,2059.995282516458,2066.8220227847346,2067.3909954617293,2072.4978930196185,2067.907462264981,2062.8051880218477,2056.9256462386134,2063.8531592547274,2067.871098580356,2093.048681977996,2096.1252873698204,2108.556421291962,2112.654568535042,2121.5612840371055,2129.7804714646477,2129.808554042215,2142.7873805238655,2136.8905712312066,2130.0268936861567,2123.4130273765713,2138.3456836793443,2150.8023330991687,2157.2437846192656,2166.741363248158,2178.257850692281,2182.251234514526,2190.522887014064
394357,63,"Bakersfield, CA",msa,CA,1196.5886344527312,1199.009616655959,1211.1240812456979,1219.1259909426024,1232.0724280956401,1228.3546416249792,1234.7583060986808,1228.920521195813,1228.409614293627,1225.760505580894,1226.1073017549593,1226.1862632563693,1228.1182393382269,1230.3764026171852,1238.3610451825634,1244.0327467832633,1244.3892978568565,1248.1300367381912,1255.6380724478463,1259.7260312645074,1258.0232239914608,1250.4008998892648,1251.9235435814726,1257.641053030506,1265.4036567855367,1272.0888212116001,1275.527618094389,1282.363184863005,1288.2460133536176,1295.8025215381215,1297.650577199753,1297.466726324781,1300.6162334581497,1296.886760077558,1299.9388653076737,1300.2947451649427,1306.4334836878531,1313.3259951964137,1318.7960301083972,1324.8845403492608,1328.4998869147003,1331.8813400808058,1336.7141518192864,1340.4198079260834,1347.0397920396324,1355.8506459642952,1356.1549709521616,1362.8144269756513,1365.5630228597947,1380.2333900786598,1389.3892771754329,1402.6000981290697,1412.0671900764455,1417.2086552822548,1418.8968759353027,1422.1400241191466,1422.713396732277,1420.0671908818294,1420.082191381572,1428.7241382526977,1438.5447366447822,1446.724423138994,1447.3162444117854,1453.1353532891926,1460.958677496503,1483.0660155880832,1507.356540402601,1536.364597791393,1538.6674114269642,1552.3868749857788,1550.659350133207,1574.5401687665203,1586.9876445997672,1602.475580919653,1613.6998893810764,1630.4410370421783,1674.501758058544,1705.6774548746914,1731.9271651628956,1758.565656634078,1797.9190199773923,1816.529251111472,1825.2896014770602,1834.7109083605055,1853.9427400605412,1883.389748586284,1892.747452549744,1915.1449862913414,1931.2829185306562,1952.3945599519761,1971.1697817423383,1962.2730316269929,1969.4227243552168,1969.199248270738,1960.14938636702,1943.3528658195335,1939.2708142536487,1956.187852498833,1974.6047802410847,1998.6049243450175,2005.9392661954266,2013.7520915600976,2018.4584246470004,2028.981599047543,2038.411300239495,2040.7554520021815,2032.8524608207192,2037.008257912295,2034.015880541036,2056.5212319364628,2069.729904224773,2093.6874452255324,2100.155239944629,2112.581093398861,2115.0220399066125,2124.06560914387,2120.7431423515145,2131.2482110280416,2131.5312352178826,2126.9379984870475,2136.2768539609037,2148.9419390560092,2168.296820823396,2167.3231287238195,2171.521159854568,2177.1726837717683,2190.594620433991,2186.423289639688,2200.157002683975,2189.4519798220517,2197.43059280899,2179.2044223527328,2185.2758064226987,2196.0020421533627,2215.7827692216897,2221.317448832449,2227.298214255526,2232.353495861179,2244.4359241264406,2246.934403473369
394308,64,"Albany, NY",msa,NY,1350.0184846908292,1374.1855067875426,1376.0285048877568,1361.597191417556,1349.9604178332825,1376.5590805136367,1402.5603827952054,1414.389860909183,1391.9222211278195,1368.123800016197,1359.2898159308318,1361.9861473895014,1369.995676486776,1376.6369258446014,1383.3185116760371,1392.181347310416,1403.1666497739575,1411.7177066344868,1414.612823322563,1415.687300237564,1426.2853925367185,1410.4409886787096,1400.2078983689958,1391.2518343706968,1399.0871921271744,1414.783870839546,1416.0725756543254,1433.548657425574,1444.921040777603,1452.4531273381858,1451.3542954415777,1456.8348618683842,1454.27104128506,1448.033564956293,1435.1448493099347,1446.9381904833238,1466.9271166771227,1477.806895430976,1492.4188347382785,1506.042753392105,1520.5261073092008,1521.5268795453208,1502.052893529275,1498.9915840616968,1502.674143830495,1519.237489259714,1511.889143498746,1501.360402341485,1498.350827068199,1524.1840794982209,1525.880009213978,1543.6662176949033,1536.9327036721118,1570.4155973684944,1567.3209691000525,1553.8711338000355,1528.944158353937,1528.7159570619613,1542.9665381459156,1549.5057463824892,1560.705037183072,1569.1768980329382,1590.028833649161,1596.738487910082,1603.4799809252384,1594.5436529522258,1599.0421312360675,1619.6537321258227,1634.1528009001609,1658.5077882656656,1670.450422136871,1688.439037403629,1688.7650128684472,1695.8090147529954,1699.2117667832217,1704.2819199333128,1713.2783627315862,1742.2465549370627,1774.4281887775476,1778.3308584948527,1783.3449426213365,1776.0848788965875,1812.6653351864193,1819.8339877396706,1844.646387340537,1836.367275411405,1850.7958140345042,1846.8570781149522,1868.815029424807,1880.970730089165,1918.9276856653366,1937.3669240227239,1933.5745522630687,1928.9150611423968,1924.3471334510969,1958.170245314814,1971.7947035719944,1982.485299991991,1975.1835554014917,1964.0258389022804,1997.7162357009763,2007.5008554794715,2046.297471062251,2018.1594350951589,2040.7269190237732,2026.5160815730517,2067.1616149598644,2069.711548120223,2107.6305152700015,2091.7227260675263,2118.0252706319066,2111.225749837122,2148.5995214190116,2152.184035808003,2168.0411490303873,2154.964360169245,2146.871798782662,2144.7626540501788,2161.3718348698094,2175.252860504326,2176.4803757965033,2185.452819790282,2202.8410330029424,2232.4084184822277,2236.924850246786,2250.6098580507955,2230.030315265317,2268.3079014184195,2274.4284847435006,2277.8262099807944,2240.2832586415616,2246.8978853425674,2271.1520383508046,2277.8874231357827,2282.603095161849,2327.3378431912683,2332.5585367010426,2343.6920199204365,2327.5493623745015,2340.122557997558
394753,65,"Knoxville, TN",msa,TN,1001.4076154468612,1001.50052880234,1007.2528507760481,1013.6404831095027,1018.535162430323,1028.7716990465417,1035.286139902503,1033.00765748402,1023.7671910459527,1022.6089994447134,1032.5036059978463,1039.8780111719855,1045.2258976468236,1042.7530369802219,1038.9903927167818,1042.9208883348201,1059.3911854018338,1068.86781809068,1076.8490985087403,1079.0586111295504,1080.9523490884685,1071.9022956262838,1066.335721587486,1065.7332250880102,1072.7281256022761,1076.993456327743,1086.9727541327854,1092.0182339775047,1099.8306606608642,1110.3567272006276,1122.1633082208077,1128.524681914626,1130.8450873880106,1129.9919574677178,1131.2759799479206,1126.947792541665,1123.803381884293,1125.079275821679,1132.6468738416618,1145.8628440894693,1153.6414646693252,1164.218937408437,1174.0700903815787,1186.7676664922787,1186.5444327001494,1185.588302261046,1189.494903690062,1199.9625931566745,1198.3903507410325,1197.1535941758548,1203.5220842037556,1218.200656509208,1228.3409390363643,1231.6821436613834,1238.0730603381896,1245.993226790959,1248.410449938511,1245.8128948375152,1240.6773301056692,1253.126242677172,1267.7948160716342,1278.8891447031153,1277.8178582676167,1276.8205399277306,1282.8547987262223,1299.227815657289,1318.4399754610058,1335.4394950902788,1351.543946305232,1363.521036362513,1373.6209310074696,1373.3122165314435,1379.0833609890587,1384.9757250036637,1404.7753845931868,1429.6165291914651,1474.8636710158703,1506.0072749670685,1538.9243715678351,1563.8375993394122,1592.1927868206767,1618.236105867933,1627.9482126855764,1640.0022397070056,1654.360320188691,1671.628351133909,1697.878012456882,1719.4992958257917,1743.4609040208088,1762.8129230223403,1787.024258059333,1806.3560858229782,1815.70044527178,1825.865632722084,1835.1926887281918,1845.9198805831968,1849.304352540487,1857.6219735328657,1869.5320931822207,1887.3438544695182,1907.2049701368237,1923.443380572709,1931.717321522087,1948.098929800831,1967.191682215549,1985.3573300669088,1981.4074068573195,1977.159201163967,1963.0202078590803,1978.287025703559,1991.9969796670377,2016.1678675235698,2028.0032264811598,2028.5048605666266,2029.0481209952627,2036.3430659446344,2036.9134055387885,2035.3398794035604,2029.3761770740725,2039.646144336047,2046.7736949979762,2050.750305995972,2057.8234146267073,2066.940722419978,2072.8454446432056,2079.222860460013,2082.815170433387,2091.9548730655292,2099.413763272704,2097.7959174063913,2089.181311105187,2086.138571104166,2088.265425023817,2088.883093261885,2097.193917999619,2104.1101548142315,2123.8355362243565,2121.532837114844,2130.966251079496,2130.2982074529245
394367,66,"Baton Rouge, LA",msa,LA,1274.6577986672125,1261.8023411176562,1285.657039147934,1288.2423036307125,1296.7974861068228,1306.9781929469711,1310.1031620203737,1319.5985644076088,1308.8153488161056,1301.4521041018738,1289.7591779759514,1292.0568027219067,1294.2503549022033,1313.792760570479,1324.9585280494052,1342.4178295501108,1339.9981512661946,1356.703158535638,1346.4626539542649,1347.0375082383148,1352.4652448839336,1373.2322709904493,1396.510513319092,1409.4712027859428,1409.1113088118168,1392.1095434002352,1382.3264858001512,1376.8082288008613,1378.8409905106703,1375.5235702976204,1376.1420197255889,1377.957535574889,1376.8097549722152,1376.599275591213,1374.0423833018494,1378.7911002301767,1381.527664880897,1387.9359127040043,1387.5879971191923,1394.7572928021948,1392.0887463054883,1394.1080248147002,1387.7934658027389,1387.0142193707145,1378.4691303278407,1375.9973361419559,1379.3679120931215,1384.525611928576,1387.8621436075396,1391.0905738388678,1397.8344959040644,1401.6296032755322,1406.9553122554212,1407.9872659956015,1408.5072033620684,1399.8073735885055,1387.914380202633,1385.1461801593853,1381.944905050943,1389.9268071388003,1390.4949716164085,1396.9656317286817,1401.5013222008145,1406.5847818044663,1418.1981086479886,1425.273740911184,1427.0743706017809,1432.7591881389671,1432.8188167772414,1445.376063694926,1442.6950312831748,1443.6448668972675,1447.0547498034318,1454.891812828232,1469.1511933742604,1481.837179121879,1493.7248694568275,1504.5389641860834,1512.9185266143263,1524.2527003910939,1533.2621112033771,1547.2363362462415,1550.057533529158,1564.3579473566497,1556.7053853953837,1566.6191785163044,1566.1648010260067,1574.4609183387113,1582.5785504658581,1598.4732501353317,1617.3494554809236,1622.0441479282094,1620.1191540936525,1610.652628482825,1617.7047768767889,1617.7274115380974,1629.8151285977178,1635.9478238476913,1639.73551069413,1642.2210161077255,1639.98658007099,1649.1221799568914,1651.841575977501,1653.3086737730991,1651.460608653181,1656.3227566164453,1668.793876584607,1673.7984115527224,1681.3668820138985,1675.2034984018585,1680.061560128101,1685.9770704083817,1698.4086300712704,1710.031704134708,1718.060829269444,1725.5027009168746,1728.4622941499474,1724.0612477298607,1722.6581192590663,1720.7305680160734,1723.8635404396368,1727.7117626969703,1735.7563922042718,1744.2600648889322,1751.3841332915943,1757.3484965946138,1766.5796818202193,1766.3803370603953,1766.2248047669505,1763.0520331906926,1772.7484634252367,1775.162527534788,1768.770834345251,1765.0153272443931,1779.0038320037072,1787.5782943026745,1799.0610131911426,1800.2723824641291,1812.8400101610703,1804.2094017094016
394843,67,"McAllen, TX",msa,TX,,,,,,,,,,,,,,,,,1247.6940275911602,1253.055132314736,1257.2869628614783,1268.3089851761179,1261.8122338720261,1267.9883732892852,1257.4882535558443,1252.5615060941327,1252.9423238784482,1255.3626976714622,1256.2298298035273,1240.406374122641,1237.207812849772,1249.4734072403935,1263.1296862276188,1272.716379136671,1281.061916885787,1280.0667962316368,1276.9394531574417,1258.3502678328312,1262.6275864242054,1267.3727024990174,1279.2958610817445,1282.5769692258548,1277.8985643067763,1280.830023805316,1281.773316438097,1281.6287612943845,1279.7179860649137,1285.9568128597405,1285.441247336326,1279.1314438592483,1273.0328204880354,1282.332098161251,1294.0928321413935,1295.6509948374749,1308.1590467148399,1310.249359069834,1318.6937805137497,1315.1830382222713,1313.849814803845,1318.6652143429383,1312.84734709521,1314.1580834285019,1307.744401041642,1311.9713260508886,1333.7117580520567,1351.3611595181137,1352.545469058432,1338.4139530818186,1342.216264821591,1355.3008445058374,1371.0019527785444,1374.6970884642703,1376.1689920227996,1392.697604475033,1399.0774262295809,1410.709613857001,1409.7681478171664,1437.8649196733156,1461.6725441722788,1475.7452391192649,1487.521071795319,1501.4567581260058,1535.9666427395437,1532.3193836158569,1546.9440028912516,1544.2676798108737,1572.8947377775944,1580.9825980584942,1584.7641197527093,1604.7409763370006,1630.9998105211328,1644.5985197435982,1634.450851888653,1625.9425709183565,1630.7352325327786,1629.6794120866975,1638.9647098391754,1641.061223899588,1658.1476468352257,1666.9865264696143,1681.6252090941,1686.5326126844889,1688.3660386578647,1697.9829347386424,1692.110951279966,1694.5466967181244,1700.6828183644589,1708.3619949934916,1709.8332423584773,1706.056194661143,1703.9630495858103,1703.116013201895,1710.591289351636,1723.0121506607231,1728.5759408501667,1724.5814184892056,1726.281901767686,1721.2828995091281,1718.8712911668815,1714.9706411110496,1735.3432931294255,1741.9620109507466,1756.1687964847408,1739.4055305226314,1740.2289581776852,1728.908852539043,1747.0498625085734,1755.259357559419,1761.4025342460275,1754.5547576130248,1745.9714115531929,1737.477748220301,1744.2875505223901,1751.6679221849495,1764.0157875661105,1757.0822763949022,1752.3116267272596,1751.7771430203702,1755.932533434311,1762.8089637815317,1775.5033875349163,1775.6876592498822
394908,68,"New Haven, CT",msa,CT,1549.094105784671,1543.1728597097863,1559.3133244105018,1557.989037451096,1568.807902591256,1573.9645242562399,1584.4120412127024,1597.7142439720053,1596.8722675380818,1585.6466726354333,1576.7527401771567,1563.5241642758538,1574.9806759730266,1588.2815372186474,1613.0292860293948,1627.7207344297703,1640.4925014046044,1644.5280156872145,1632.1207320222068,1616.3308126266265,1609.9652923180201,1596.1208307146353,1600.0177000093481,1585.6045837833733,1609.060675768203,1619.8100424454692,1643.5689425041558,1655.7215486525938,1664.4720376757919,1679.4879897051978,1678.2812867611938,1678.18155102853,1665.5635858908581,1649.2954370945608,1640.9761399175577,1645.3393342165703,1673.5878965477914,1695.1037680230718,1712.5029106528746,1716.93401632831,1722.0401667374763,1723.4341487888737,1714.3359126639882,1711.5424686408098,1710.9747419295275,1714.4221669594624,1704.1014874685566,1705.9980451105896,1729.431362124062,1747.7263187775739,1765.9305152368152,1760.9121345261508,1774.3215043998923,1769.8337906122904,1763.2947530899387,1762.81154275876,1770.1479188601666,1776.1936844422676,1783.6692576983778,1774.6253318513252,1782.6594314015479,1782.0487354241027,1804.371971331092,1812.2730916418238,1821.730313988894,1835.4160729408802,1848.6338618155182,1866.6381677539378,1888.5942786777416,1905.9784309015702,1935.1061894439756,1931.2476608614998,1945.0406566310842,1974.672051268163,2008.819468416407,2018.7752449780794,2037.3247734979773,2051.8667076417164,2080.0891444370054,2066.5083942400083,2102.990835010949,2101.723382653747,2144.4710577248484,2150.1558267660344,2198.980410355292,2196.613242316218,2219.639617102111,2282.550447420938,2321.274694985626,2347.7520981579373,2328.6732915658736,2351.3967354822694,2359.8150824905633,2320.1205350452947,2292.6723626788043,2268.0389243981112,2308.2106909383606,2337.257652105102,2380.088309226063,2411.647284925167,2439.0574177906346,2458.8909080807184,2475.5607548491103,2483.227816596954,2463.862622125797,2463.018596500824,2457.1797841456255,2494.835138581266,2493.7825036089375,2513.132968358349,2531.246183493445,2599.7389108940824,2645.3248963846086,2676.9323288149462,2665.653957732956,2653.1644843366457,2631.805130028762,2638.5206774908133,2622.2543941834524,2667.3877293004525,2669.4898662594446,2715.3432558148106,2696.2203742459533,2723.067063371933,2770.38657478311,2776.790929823745,2788.3930102518734,2756.641983299784,2753.383838412296,2758.117990768635,2768.829657312162,2816.706713622266,2809.4914980720005,2806.7380836077646,2786.0076432188935,2794.9327231773173,2804.891060450144,2842.640025466743,2874.949704478644,2910.25370022931
394561,69,"El Paso, TX",msa,TX,1063.8989778435205,1065.9843525545966,1066.0543881558813,1066.16715489182,1067.4515772250309,1070.1694563042179,1075.463890531831,1075.3075868161552,1076.3082559092031,1073.3492469177252,1071.4473393491826,1067.8551333106084,1066.2469300331347,1067.5810909331476,1073.3204193541062,1077.769716558447,1079.4717607067676,1077.6770952926797,1077.8064443575947,1078.7015489518276,1073.9349679666832,1071.8404293986403,1069.9438092764242,1072.1864592562995,1069.5873431971177,1073.25871587867,1080.3562348817468,1085.8789731909528,1086.340263772213,1088.3453791972565,1090.5586407891874,1092.1607416111287,1088.9053628711633,1088.9348353244013,1087.7992655542266,1090.513026526943,1090.731870753469,1096.51085706788,1099.9435240375446,1103.0332213111894,1108.3933925122903,1112.5572864355017,1116.2380377805687,1116.4056159988024,1116.0695901222325,1116.6872171754983,1116.283761228551,1116.4973756706925,1118.5299193056699,1122.6857916603324,1128.0101722443244,1135.0515481379855,1141.7129613946427,1148.5713749136273,1153.4131553719005,1154.909151087629,1156.5249129705728,1154.2903275134415,1153.5937048099954,1154.894752115078,1158.961099155877,1166.0605367367496,1173.4801841438846,1186.8548306267833,1199.7663631306827,1208.5726645998488,1219.2241300544295,1228.100130378219,1234.9511703749079,1240.1247345492648,1239.7550470906021,1250.4439601256865,1254.7497501623434,1262.409912572123,1274.287956772186,1289.536472631707,1308.269852900124,1311.848563151849,1327.7498774915741,1337.2769989659198,1355.498320550105,1366.7779038112728,1383.9077828089257,1401.5868993062834,1402.6570641142282,1420.9300576466396,1435.0259461778976,1465.1998761385155,1485.9260905528872,1514.7602757937868,1533.3276161753124,1537.7738760035365,1534.5481754884263,1537.2513269668377,1547.974289622822,1549.9681203940968,1558.9499492535972,1569.3364882487242,1589.765775563885,1604.692229431295,1608.3461480384797,1612.6377534248481,1616.1464639097603,1622.5735234146491,1619.2916866517264,1618.975449663055,1618.0792937658648,1620.8119054364058,1623.7639674728375,1639.266132393643,1652.9410512862628,1665.2641616898675,1668.014957692719,1674.5438966720765,1669.5948065322646,1663.8378497789724,1660.5243464340795,1660.900752802716,1666.4021310671283,1673.342248868316,1680.3831133431147,1681.9555042849752,1684.5571312102204,1691.9297191742523,1705.9097158350473,1707.4059326805718,1710.248932063769,1700.737003352456,1708.6546828295693,1703.9234670188787,1711.869244000867,1711.4969133404754,1719.937465071823,1734.3682079325265,1743.7035821273964,1746.521276023363,1744.0129608455438,1753.6716790743494,1766.7775655379999,1776.125678949574
394318,70,"Allentown, PA",msa,PA,1236.6790388836355,1236.6071520350201,1238.9002863444784,1248.1689816267508,1253.282999186261,1264.9312128793167,1274.16622975135,1286.082396463279,1282.665345263586,1280.0960921220794,1271.2528845744118,1264.8608233582004,1264.8587016216077,1274.0125255316934,1281.0727732562466,1283.8962012037402,1289.3157853048806,1295.6747743490937,1301.3274705104068,1305.2735431844326,1305.080089011758,1306.1741845779045,1305.0531944650788,1313.3910947650404,1313.234101586955,1321.407651619873,1328.140561626382,1334.7412044416983,1339.641936038272,1339.494255384317,1347.4287396674,1347.712222353764,1355.5748876093398,1354.1882026523695,1362.953560345625,1356.0682751422537,1362.603750867012,1360.6751356295313,1376.925061606651,1381.445409398892,1393.9383896347663,1392.8926105519454,1408.7280622738613,1411.923826285769,1417.003780917659,1409.285814886695,1406.9538265110393,1402.005182842408,1401.3370912794571,1405.2313303752403,1418.7051938210545,1432.6625436547777,1448.895450219659,1451.872709126986,1465.5865208878927,1463.4487374869711,1474.50816780424,1456.1135997565875,1463.9418973559082,1462.0112461786755,1476.864189662844,1475.8143306701854,1478.4641809874558,1484.1649962196204,1495.1418054972974,1516.0301849720952,1528.8516647068368,1540.9536575198076,1553.802335378837,1582.3739497041884,1599.655762012395,1611.575672089044,1601.3876508944234,1603.8483563113255,1619.577721818633,1637.447185678701,1665.2650113692227,1679.6125709485234,1712.59845173837,1730.9821784390342,1745.613994570661,1756.0884722018654,1767.0899075578718,1790.1178543925114,1798.8265590932772,1820.367413925125,1836.3423121892336,1867.5347432309534,1888.757785606649,1912.1401243551636,1918.1404465991213,1921.3408774680483,1917.1330168708228,1922.6444410492084,1924.043143836128,1933.8622899620102,1947.461539804334,1970.3329777344502,1974.0476829811416,1986.0282368100673,1992.2318152163946,2004.95765688006,2016.45799142353,2028.195808853961,2034.2166467881511,2034.6797924990121,2032.5265264700688,2040.738118394926,2044.7772087524263,2056.242832724167,2065.0129792052244,2074.3295220024775,2084.190316600312,2100.5118480129645,2114.3722788864225,2116.1392283846976,2122.5865973002333,2115.2031276091684,2133.4878057834376,2142.083092528929,2152.747862596435,2151.5785416476047,2161.7842473152646,2183.486060943026,2190.979221287621,2191.591823834799,2195.4315918966904,2213.164792090599,2216.2305839131764,2218.9391276929327,2201.20829355108,2199.4327236386366,2208.196176790477,2214.8101417028697,2222.7042869754955,2233.199069128052,2250.568700512423,2273.192848501699,2267.7492357201477,2279.8365491651207
394952,71,"Oxnard, CA",msa,CA,2290.0740280328096,2301.2557822108256,2311.0912901842144,2342.1028024629254,2377.1413261344546,2381.984809534413,2384.679072262864,2378.88366371058,2382.42135345162,2394.869958557093,2392.625683156448,2392.978981406731,2398.099548407737,2415.0449635834457,2445.2339561272092,2453.8222404494963,2450.405838133724,2447.022968285531,2463.6294079869012,2487.124082920579,2488.295378813302,2498.8751015988123,2492.1882990598874,2503.498073696388,2513.704791383461,2538.884062115237,2562.619769679506,2563.544317267243,2578.88335842045,2576.4126831269514,2596.1732865108775,2607.339313902097,2622.2898500136685,2624.3403265317297,2613.37168278406,2634.3662467018794,2646.7615072404988,2680.417260974017,2664.6550286605657,2670.9612735660626,2676.9217564535984,2693.886732505098,2705.767367793892,2715.3277559871653,2728.5895227024794,2747.891607638533,2759.6843135836743,2789.713199386715,2787.408014048729,2777.5940059399563,2785.5617828283616,2792.0956475361418,2803.1278316056973,2792.8957787617655,2789.565208123673,2800.1792771564524,2799.514786213553,2804.1291460657158,2804.4992901628502,2813.814799987285,2847.6175824657316,2851.547951253646,2866.9922905993894,2863.122641165031,2872.721726449469,2878.340028298861,2866.911272901145,2892.728213249998,2905.218703631569,2958.038530499218,2976.854173479896,3019.2684384651166,3031.2459452980875,3036.201167205612,3053.8151212903645,3084.0068187569805,3127.1484035108315,3163.0719020574716,3185.986232075606,3219.121180825845,3243.2838060523236,3258.358148422661,3304.4410314251872,3332.8737876611917,3396.5287111157286,3417.481427175467,3445.2237062556214,3473.8950276715996,3498.7948055326756,3512.0127738947976,3492.821413961751,3492.0129927546045,3496.639873265101,3538.042156625747,3590.1535705566403,3599.2383151176027,3591.802512431383,3531.900600997552,3564.1622993205942,3577.0549101341862,3614.138572311,3612.047759525771,3646.4993910017993,3696.6710101355716,3729.2919390037196,3706.2455466535016,3710.038370594484,3723.1752750668934,3781.396853100987,3775.551213190336,3794.5150415981366,3786.9792613147456,3819.925481817403,3825.9964214197726,3822.748551602341,3816.7463678052145,3800.6475040682376,3833.2850930818677,3865.6631225294664,3865.044187372898,3896.5425760022345,3922.1932396026796,3995.646667919404,3987.2512534612147,3978.0972909670004,3984.9822616758197,3976.6970863965166,3979.7231919389005,3969.820474632485,3968.6927595132424,3948.677064281988,3936.073785916467,3981.5038214027522,4006.7123486725004,4025.0458489991165,4043.928257916494,4090.789621435031,4105.361662980124,4098.316975544184,4088.831908098575
394486,72,"Columbia, SC",msa,SC,981.3575119317367,980.7191341981014,989.8249954079254,994.7699394717057,999.8911236079857,1001.8642779443667,1005.4152370693932,1007.8121643979285,1007.5113421418947,1007.7141189082992,1009.9497556416643,1013.5567075982807,1015.4403101532013,1016.2250001834819,1017.669192980522,1021.3629143658432,1025.9752049033411,1031.7158739616104,1031.3679742218987,1030.627454308005,1025.4005395084748,1027.7853993099316,1028.9806498188082,1031.0972800851212,1027.9991526250315,1036.4098736533501,1046.9930664805343,1058.8221733775538,1058.9934480024235,1062.701927842095,1066.0355197572496,1072.8919381190155,1067.5308673900397,1069.5560550530754,1064.9742403198543,1073.498795810839,1075.323702032735,1084.7947372085323,1091.0736093872497,1098.4611793702616,1102.75354461901,1105.7129764711074,1105.157553299941,1108.104690787266,1104.9950073231823,1110.2697523173895,1113.853000430717,1123.569249441342,1126.2518919788126,1131.4235782164803,1137.3989489504725,1145.5231956757352,1151.20036711544,1157.6233098512112,1161.502622602135,1162.0507994529162,1158.8826860848503,1154.440868672002,1157.9293251451227,1157.302368862871,1166.8342329099496,1173.4765216264143,1189.1482317821703,1196.4374047026731,1206.805081789381,1214.8620713131752,1219.5440403686082,1222.460149279561,1221.631554427488,1231.4836584453078,1231.673758774425,1230.4737852172766,1233.8813368462186,1249.4824178628292,1270.2152145079021,1283.3687887618155,1294.9323647211281,1313.8986145219385,1325.8806491509458,1341.4615193547481,1352.3614013153422,1373.7692115541263,1383.9505056740586,1392.0091357776316,1393.6233354216733,1401.9781570594655,1412.1160245562255,1430.4949672684368,1451.2308974738714,1467.8101770765034,1482.6799352486923,1481.4403850774122,1483.6683624747993,1489.6377057776726,1504.5717787780789,1520.7073565726012,1523.5273526010124,1534.6000284531674,1542.6888278295642,1558.6536056160414,1571.6118151661933,1589.4652889442398,1604.5835519454693,1611.0569805058667,1620.0219481078757,1615.1771675191185,1619.7180695728168,1617.6581052298272,1622.0941274927288,1621.616910615483,1624.4602456738662,1641.8927355989194,1656.9420629467531,1667.7116217389,1669.6242078224623,1672.8595655244765,1676.9389755761665,1677.6934873271719,1683.7741885617088,1689.5617297452031,1699.3167107288357,1709.5545413001112,1720.082623082522,1736.0644602031832,1745.2950062024202,1749.7564813677452,1745.609005928169,1745.1254267683644,1755.3430149659064,1766.3144275295167,1775.9819301914786,1774.4085823557882,1778.3477183082646,1787.480424676419,1793.9893085381373,1789.3019753970364,1782.726217372432,1788.8710533595747,1803.953187015312,1815.2244700814845
753906,73,"North Port, FL",msa,FL,1393.5032148721073,1392.0786539116373,1397.861105744282,1401.2759939772495,1408.7863474364885,1408.242206200469,1416.731937051305,1420.4562545182673,1438.0853730938907,1450.8352208870012,1464.1108972256259,1458.9066128085808,1456.8316091925358,1459.3657309014632,1469.9559849263987,1462.2006808415385,1459.1378576824213,1454.5983750941928,1463.9565795569526,1468.9860889464208,1470.015167514392,1478.8374328636896,1484.1492221475194,1513.5195324537144,1512.5226893213976,1516.5331308791374,1508.3056180650267,1521.5034971510593,1523.9205491792502,1529.0435035876274,1522.3659582122818,1525.7317611483263,1522.877591955757,1555.5613086307112,1569.8409540761265,1585.3542759419884,1576.7689638189022,1583.479523845094,1580.3103803834388,1569.5968860037046,1566.804524008562,1573.171263692192,1584.4310165048885,1583.4693734034129,1588.9863528262547,1596.1332412132854,1611.2566023218824,1620.4080318447259,1629.9061668103382,1635.5657283472046,1639.7534618162579,1636.7263287593707,1634.6043719794357,1631.9825168871166,1642.9746873742652,1651.6326272621166,1659.487170533776,1660.9488837708927,1678.6404416809205,1691.9626820677495,1703.703245060561,1696.2399510677315,1689.5950773234601,1675.800936696817,1674.8225605483726,1679.3696055188304,1708.9821825325137,1726.6988785101598,1749.4781169802131,1755.6280234793692,1790.6120355271291,1814.00898936508,1829.3255108462436,1837.4749309246397,1854.9451968145156,1890.1867480013905,1931.6110786806316,1982.7245208861461,2035.699711237209,2092.788677880914,2152.9713496008562,2212.3514522277646,2236.5117823114815,2277.746666301153,2311.8762043840875,2350.4559536608563,2353.6902756427094,2374.3060209121295,2405.0666425951517,2450.830646939435,2478.091427670103,2468.8207438469863,2457.230163608446,2461.0017750171037,2493.7396257014584,2513.51220034747,2506.7015270667116,2518.7106816846267,2524.3023914152345,2538.9982508751905,2522.0354341097436,2509.634585718082,2509.0402897225063,2510.5338829648254,2523.0530322843483,2518.3330026510284,2499.264444184317,2505.0924840690045,2507.0747888616515,2525.3953052899897,2523.218524824547,2513.408340067315,2516.404425461298,2512.9029675188685,2516.034967743706,2519.6876156374296,2517.6715720714083,2531.7522542724587,2556.2866479294394,2574.3818559278657,2573.143749868427,2561.508030344902,2551.241904683338,2541.1315008491856,2526.0085629762552,2517.250553269887,2522.1351863400264,2521.3779303464316,2530.5933097920483,2529.144045038074,2543.3876324107177,2537.271268538277,2540.021830872404,2519.390246768152,2516.1946807008408,2528.445341618553,2537.353269128031,2548.242929638892,2538.0176299289487,2540.928517786561
845158,74,"Dayton, OH",msa,OH,827.5254820631117,826.3927740547366,828.3160105578665,832.2430307390141,841.8170979236373,843.9739776470975,848.233219574552,848.5853581688876,847.4723676588872,845.663450011623,845.1682698831657,847.3691923600395,846.6174191776622,850.1473695514117,861.9172999957815,869.5739043920644,877.6599074864586,875.5701946261684,882.0583547500497,880.1431608365142,877.0627317988369,868.6126462225598,866.1110016874385,863.8450906900937,866.4656372405775,872.142891998456,883.0338338450256,891.4231677842805,899.9747213095786,904.3220300602422,913.0219017347665,912.6733334857519,914.7511087049967,908.8199842492506,905.3954242898526,905.4753348369239,906.5206790103597,911.0331484460748,917.7294143230246,928.2502815102516,939.0644850749701,943.1472145125251,943.7127253417984,944.4412076822447,946.747438889087,947.3189489556072,944.2074229594016,942.6573772317557,946.6302721870271,951.4931315356819,959.8989615316095,962.3138425641928,969.6113734024843,973.1215079118125,982.7915117342079,990.5565863645029,992.9144116191775,992.1068909449034,992.786999465831,993.0526116522494,995.5719983121593,1002.3941925071589,1012.2003940478546,1020.01213122948,1026.0890524995684,1032.732938773617,1042.6154107506848,1045.8800428933757,1051.8295945067139,1057.1863239020295,1062.8165402075354,1069.0467834882738,1072.2298858391769,1077.1798233807754,1084.4190211514237,1098.1092203151238,1112.254626484208,1130.8428588844445,1142.6163482416146,1153.8788934640634,1163.8857174224208,1173.8334755176493,1181.9741947462517,1180.824324426431,1179.0716380110332,1189.2698546629674,1196.50263194937,1213.092950485081,1219.4042284712373,1233.3097859268032,1244.5868601948546,1250.545825534926,1259.175503503947,1262.1949400396556,1268.0009854493935,1266.525604560597,1271.4388721652979,1275.682291201015,1285.737025421736,1296.446378813364,1312.2720911460485,1323.1212025397397,1332.9652759836165,1340.538141706669,1350.2077371407865,1353.3374677795885,1356.9391638966238,1356.295764592692,1361.521433537238,1366.5690961061198,1381.3633773032511,1388.1946445132487,1398.791742647365,1398.2354107606186,1406.6579819796711,1405.4251797602437,1412.6165525256797,1409.8675801136526,1406.723631957983,1404.0816971456566,1409.1815317277894,1416.200737298549,1423.0297370808357,1431.877447860821,1441.888556413392,1450.674271119612,1458.5983673237297,1468.4415977295516,1473.1148248784664,1466.344856356569,1466.3878119780948,1462.9340434856133,1467.267984237854,1469.5130862823094,1478.2239636817221,1488.0739841236282,1493.6237152231845,1500.0321869722509,1504.1837480097565,1510.6105439124742
394457,75,"Charleston, SC",msa,SC,1245.8710437346856,1251.5902413079382,1264.064788369946,1266.2511776663732,1273.455920587346,1287.4328174182058,1302.3633585221949,1303.7043426723765,1306.4366087716958,1307.1915027223847,1308.0683856037358,1303.8859776640177,1304.2738668241109,1314.8774770695431,1328.0759961350702,1339.301011420052,1347.5544618259216,1358.8823630570098,1366.3990359880966,1368.6851341370837,1367.3255714793643,1372.2176918207558,1371.7806322060399,1368.279618689459,1374.4167231081565,1384.4281189848166,1398.2877237770556,1408.182084457609,1421.2479578591767,1427.6997494902955,1427.8318298519166,1428.9029585147193,1431.5454955280607,1426.6723952048778,1428.0495654018323,1439.3605524418888,1442.0961042647584,1447.9470902996486,1448.4080119166338,1467.9335672520883,1479.1536045574971,1483.3682229016215,1485.3239471858358,1487.8359291189754,1492.4037169014498,1489.1480555807393,1481.7789193373635,1482.9864621716354,1497.9234342276488,1511.3863768242547,1521.946386505881,1522.093641737366,1538.1968981259852,1545.1322516659366,1556.9875895165767,1548.7513261696954,1547.200639475555,1532.4536284812577,1536.803939422529,1540.7383293236912,1554.403003303254,1558.3504856587147,1565.815662834829,1573.4030877569114,1585.5007028963448,1599.890867345786,1611.5596546975114,1621.0380876601073,1623.0934064538947,1633.707424484583,1644.5991935886268,1650.87859873027,1667.7278718829368,1682.1135979731325,1711.420698485526,1728.1946715117767,1753.3310694410116,1776.8071576808968,1804.7642486524762,1827.607516689125,1844.5862288070186,1849.8084505917127,1878.528949009017,1890.9434632765947,1912.6825157597882,1919.0065136251064,1948.1896700664365,1976.2353721920767,2009.592955842059,2034.4217194551545,2058.9850351789873,2066.970914349206,2082.480114838832,2112.14967629346,2113.953154870495,2124.689680065087,2118.6870554038915,2146.933516949166,2170.589644496987,2201.1892201374862,2230.1878866654374,2240.6639502373127,2250.0809493390993,2250.5134395218042,2253.432120352011,2256.949140407188,2255.507452615284,2276.4603965024935,2282.913284060999,2304.4883063022394,2308.814695794893,2327.3418529001997,2341.139188977483,2356.5263858763337,2359.682669271018,2367.7125780743877,2372.6173781478606,2378.789593500708,2379.1335728215327,2376.5184699568167,2383.773901089505,2392.5314837272736,2410.8074556232987,2431.052235155247,2449.526118736578,2456.3546961730412,2457.0388627495536,2453.9872282377437,2451.7919494849493,2462.0440170294646,2463.016622182187,2484.969763628857,2500.861360151998,2524.4455309731566,2529.873750531873,2531.3331982740374,2535.7497278983715,2561.314652829518,2574.2991405772036,2586.6592563273744
394648,76,"Greensboro, NC",msa,NC,917.276268189126,924.8197235893555,926.9210958820306,939.5866468019638,943.4658754555212,950.5971391850503,948.4166863907583,947.0488943213052,945.1531791053895,946.3848235719788,947.7987503686808,949.3390826401618,951.0599023175612,956.8179670024075,958.6014075309546,960.5339185631614,965.6921861779427,967.9224706550714,974.2852916981276,978.1853823127796,982.2340995010436,982.0425306263381,977.1906798799179,976.8187136817124,978.2017425926438,983.2354349773935,994.4216439542248,998.5589479746582,1005.7261271739769,1006.6132411685822,1014.8110484860866,1018.8931061390979,1018.118568745516,1016.344849919637,1010.8598738455989,1014.1516613525662,1013.8405712531542,1024.459572671442,1033.1558465822595,1044.2534912855397,1045.7731371223365,1048.380196785959,1052.81618387285,1060.023494969625,1060.4852348632912,1058.374861226028,1056.7126285814375,1060.0071777072149,1068.928159942951,1072.911412308939,1082.3771570668794,1089.2099228535676,1102.0147242561331,1106.863345329299,1109.0400553502368,1107.1808032692236,1107.020033334367,1113.4455645019555,1119.801620325788,1125.719536669386,1128.5438915713817,1137.6786507470556,1146.2534196706229,1150.5470288907081,1152.6316343261924,1162.9569249012409,1174.4147549067488,1185.6070012554117,1191.6726345633158,1204.4335388018646,1212.4862128229772,1218.8612696454768,1220.9201774056974,1233.8131179599561,1254.204490502965,1270.4203913812244,1286.2765860499037,1299.1051658904912,1324.6221320309935,1344.4406835698953,1353.286005384113,1361.2687626321965,1370.2488133427219,1378.7086548321688,1389.5707490614814,1398.7087151504163,1419.969989236677,1429.1558223650054,1441.1398598010962,1448.064944610468,1462.8246476230217,1478.246660993014,1495.4676682724585,1503.5255100491372,1505.4557247542396,1507.9358907277592,1516.4615495534692,1532.0338753542067,1545.7814397070097,1556.3325022897238,1564.7575462229595,1575.7826623729482,1581.40659006495,1577.7983098678228,1579.6910430029025,1583.1827658127247,1591.2132211805972,1588.4666321411758,1590.4747896484873,1598.258709763567,1613.5847000981312,1631.719041049982,1644.8334165749832,1655.1778767462195,1659.801585831918,1658.7939084745783,1659.0733421513135,1661.1948156554772,1669.5586347167864,1669.3108095689147,1674.5988320408321,1685.4004323677327,1694.1872985501834,1704.083854341677,1705.335419965621,1718.2439681922053,1724.9130680694373,1724.9399658171671,1724.0311744538733,1719.6055415421417,1726.4898057271353,1726.2209882170732,1722.4626526901627,1732.667355127562,1740.9661723068093,1763.0826123715226,1762.32552857239,1779.962282709933,1780.860191327591,1799.097564983651
395134,77,"Stockton, CA",msa,CA,1482.537027509411,1486.9687377640548,1501.7994196340107,1519.9454122707884,1541.6959131665178,1551.7690032803869,1561.0885132774683,1567.569974531407,1570.062207711729,1584.6626452630367,1586.942855425229,1598.2714482468507,1598.3914944955038,1611.5821093433801,1627.011188838737,1640.4364720674637,1661.1458898926362,1679.9741245811595,1697.5855016589276,1702.3264648044542,1706.6567973891167,1714.9752642876715,1718.2458919047065,1724.3157906179292,1727.7399077703756,1742.6817006205438,1754.3503091941518,1776.2692713635397,1790.005963477731,1808.4219015142046,1821.8871174227645,1845.1852618934274,1847.0168133878315,1849.5805207132535,1839.7065565166838,1839.041360672919,1842.9064638776676,1858.9602987855862,1880.8960059259632,1892.0288791407331,1905.3894825774155,1912.9039147404897,1928.4549057437112,1941.23962448196,1951.6658000538387,1943.448920899273,1944.1851662540787,1942.5619860895827,1951.746007294944,1950.886603763713,1966.310822399477,1971.0606508540625,1989.738683485213,1998.2661002623242,2022.1988817329566,2029.343706738325,2032.8192799485696,2030.72890036006,2029.589248905435,2030.3773561173532,2041.7220775825615,2058.4349841193803,2076.9280173501966,2078.873633442934,2085.9902685686516,2086.690755236615,2105.8138986775393,2130.433127538283,2159.232247589412,2205.3697546667627,2229.214632386809,2265.388341825539,2269.276925704722,2277.8559685418436,2294.8963251273162,2327.7023049063364,2380.474935255585,2422.8082968738568,2455.5965316132033,2481.418942797975,2497.0101720582015,2502.341831705435,2500.441958260437,2515.6401252240053,2528.4406711440834,2549.487421632789,2555.143676594383,2584.3869720468115,2588.4333978228174,2597.4236528361625,2593.061703674007,2604.921154732899,2599.0589626912615,2593.504716635032,2583.278874419612,2579.6229977060293,2587.7245667707175,2589.225612028939,2601.085989753933,2601.2766711597237,2617.7286339763427,2644.9310194734085,2659.6294770435024,2666.8487870015024,2662.6842810737026,2669.6539915171716,2671.9364831685707,2665.912998910317,2669.9566077081126,2682.696232512243,2701.2184471701075,2715.27343181762,2721.1856873163842,2735.0521313783825,2746.3132903527476,2755.466431573413,2751.218805650368,2743.425398151689,2740.019920106619,2747.606927227371,2757.6610564656335,2777.94139264878,2777.714914843203,2793.831942763418,2788.179764306588,2806.409687887245,2798.3097459461546,2808.035907900583,2790.119191409626,2795.089014565132,2801.86240899826,2818.536836212759,2820.508186969844,2808.923639514501,2814.7773599852817,2818.777944459237,2830.1874240719253,2834.6082497758707,2852.1666635611855,2871.5487604135305
394440,78,"Cape Coral, FL",msa,FL,1132.0627727985002,1138.3135940966442,1144.068867554239,1157.506805579614,1166.0136744959648,1185.1687845437436,1194.924607308682,1205.3506299703824,1212.8677924311473,1224.7908157724987,1246.1643866266877,1257.0953375004187,1272.2259936731348,1261.576040384617,1261.6369203687975,1262.824874974623,1273.9487649359744,1281.4281792059132,1285.0766805344576,1289.4837309907887,1296.1339090968813,1295.1250128601512,1295.3492011723142,1291.403009993079,1301.318642185927,1313.3313331405373,1323.9787968384328,1329.4532144055872,1331.8718046097456,1332.21482134091,1332.1671651914678,1335.915254516349,1339.4878090252128,1344.855129808655,1347.4890440585968,1358.741815164284,1369.1945974806706,1379.4870642651988,1380.727619697702,1378.5776707212615,1379.407990851583,1383.564126654471,1388.029125672708,1404.5715982094086,1408.007914874425,1414.506624307961,1406.046070971422,1407.5103126540757,1412.2498071235545,1417.1580296953143,1418.0846184391828,1420.6647989298679,1424.9090369589253,1437.540810145478,1441.1782749358433,1438.9009386250793,1439.6744500131776,1439.3302500168688,1453.2406994754379,1454.7584236534358,1462.317300376684,1455.569700885153,1454.2459999458342,1449.9349963883838,1460.0641428985932,1471.4075624492577,1491.9350493095087,1501.0254040288703,1518.3278052471408,1532.3039302747416,1558.1144958487125,1567.7137960842178,1576.4272224083293,1585.1344161559068,1609.9372647856935,1635.1662982971125,1662.3594433542396,1699.9540585086497,1742.5149786607913,1799.3037128606684,1841.2424138768426,1879.1472116346358,1917.269708955287,1968.216703532457,2004.4095023288137,2022.383299786184,2029.5486825688192,2051.537510716906,2092.911984730228,2113.035556458165,2143.511073313076,2139.819708228661,2148.6612268878193,2182.6849707833076,2218.897059098393,2254.5835476826664,2245.433217336772,2250.0516038788714,2272.475163647963,2279.7742452956754,2275.1434765438676,2256.1724058023237,2249.4806284764436,2251.3103519266833,2246.529258902771,2247.5977445148396,2241.852032794635,2253.300149047573,2265.714903935829,2267.163947169689,2253.424049771818,2239.2767085660594,2237.993615821809,2229.569583945518,2220.203328774735,2209.404065460222,2209.3115941654755,2216.9540343727203,2218.696455268839,2217.6011699833575,2203.905229235222,2203.7589331794748,2209.941550517974,2211.814490991862,2196.757974555964,2176.8021891043722,2164.364215501454,2154.8711725307453,2147.591258949629,2138.1423246925665,2134.7539086156394,2138.7303677120926,2132.8391064724005,2137.4062029907614,2137.193136210014,2155.163923700566,2158.5983561954645,2156.8320307848485,2157.804697005565,2154.2796820162343
394399,79,"Boise City, ID",msa,ID,1037.1438490140886,1045.282750759406,1054.0191931718193,1064.0042095332076,1078.8618201022407,1088.0428569829778,1099.245231178879,1100.670587702628,1103.1175159812262,1094.9650816989324,1091.510090331728,1089.1497857342988,1098.632221558196,1110.9770291088084,1124.9480707388896,1141.9774426887777,1154.5582382405498,1170.0535081920316,1179.3220986562606,1186.617206778663,1184.8110364718564,1182.769369873555,1170.6530429370332,1166.2440474007828,1164.879943197243,1178.0411046582935,1203.9877845166782,1230.465701328082,1254.0706430617797,1264.7043760681627,1275.4741944538293,1281.4123889728326,1283.75162307403,1276.604232947809,1273.374708023476,1267.3979058876962,1277.181684257472,1290.3948463698289,1311.2199191753516,1326.8232534975332,1345.9194103142129,1368.2426794099788,1384.299127091815,1389.090085372301,1386.2779425774029,1383.1661964199202,1380.6132157317288,1378.641753796455,1383.8147140893507,1396.9958786009165,1423.0032950876175,1438.8583767919931,1455.2605439013128,1465.0569027172708,1476.136772479893,1484.9048813386833,1482.0096714554395,1484.5523635552538,1478.6972277458353,1481.5731715705763,1488.2338190247513,1500.374156102619,1518.1440618655577,1518.7612774981233,1524.3786831462028,1530.7385850446126,1552.852513345804,1577.4375770799472,1597.4176633006366,1622.4957683484022,1641.3256925672156,1670.8539190846086,1688.939901042332,1716.8363003897832,1760.063235933685,1800.933334017132,1849.530246904907,1882.5852249591012,1922.9812153742005,1949.6602543454042,1959.3766333306355,1955.1520051214654,1955.6097852617174,1936.5514064987817,1938.1826176885672,1942.8363699392244,1973.4047818793003,2009.0089237406835,2032.100977676572,2054.3483507775773,2064.884971714314,2074.364699828517,2069.1186534021135,2049.8076242615352,2022.963956337143,1993.4743812988365,1993.0489325368683,2002.31422556971,2034.8473909855347,2052.96355609534,2068.7796955047206,2070.3147773816577,2070.5220687609767,2069.660388479908,2068.5594464071173,2059.1438610598807,2043.943858933407,2029.343383599604,2033.7719831664865,2054.122500820296,2085.083942226821,2105.4978110176057,2126.1740871610173,2137.072813372378,2142.847864127933,2140.535414371612,2136.5214163129644,2130.073538680375,2121.5869341609546,2111.3461044320693,2116.6047930072696,2119.599581104887,2137.192235603574,2152.318831218924,2176.3412123504113,2191.72992838353,2202.1217189379367,2201.926455132923,2191.4363122885393,2186.0527381063034,2176.4405339852983,2179.052740227733,2182.177068155869,2209.304485548498,2231.7209826230905,2251.9989169031514,2268.563451573108,2287.9284989868243,2305.8671988544156,2320.408795332836
394484,80,"Colorado Springs, CO",msa,CO,1257.6152269843058,1262.235604270142,1268.3562639337056,1274.0683215705951,1285.7489079667835,1295.8637874933772,1303.3896655598076,1309.0792438180301,1310.6125829334494,1314.6705870270066,1317.474376842416,1313.2187821181246,1313.9686570848419,1315.1712619455047,1329.2095267297373,1349.300946658466,1363.4899204212415,1379.8512111720772,1380.8881544275446,1391.7944276644137,1393.4276853816827,1398.8365477132081,1393.830603727374,1392.4932586820091,1398.8537103580786,1417.8754431875668,1437.6503943574191,1454.9778281399033,1462.0835241631526,1470.8916761785633,1473.8034403783229,1484.8433755707322,1492.2200694713629,1494.5621277982461,1493.9069708456377,1494.4930117673125,1509.2181575537197,1513.874956197054,1529.8137869075692,1540.8047516293161,1557.7715550902926,1563.8863852739457,1565.6355897672831,1564.6819761488134,1561.2400909809928,1557.5763015980021,1558.5931041492167,1561.6343834482834,1576.3181965435936,1597.1463041206266,1614.9908872752994,1623.410854626105,1627.5859494576891,1636.3498870885185,1641.2736307927125,1642.8065296166137,1643.0259702901217,1650.446129511873,1651.310381958735,1658.9305129228828,1668.3711208191812,1682.5075416771012,1693.2534781653153,1701.7904089925732,1707.4286940846332,1716.5925938619757,1724.2985296461623,1741.296686884688,1755.0726647301428,1767.1208961570853,1778.0976540414538,1784.4894312379918,1793.3316795015762,1809.3367903242608,1830.1336111798846,1857.2701582289449,1878.6112075814863,1905.7431754253976,1928.612558309711,1945.711981790867,1957.0395471517297,1962.1772820493559,1973.2797858799552,1987.35080995313,2004.6089723226871,2020.0398166771674,2036.266299336917,2053.662536846998,2073.275640786053,2088.5949470346527,2096.7550416813565,2097.929106338013,2091.126313033737,2082.402136704656,2068.660909269883,2065.822804044971,2071.370173079473,2099.5611157044546,2121.0845068389413,2144.105097129758,2153.924094974465,2164.457720637476,2168.8238182058008,2169.2182750792113,2171.8444751815214,2169.8708232848917,2163.8093526153443,2160.860417897718,2171.3569762635007,2189.197584462984,2206.3267463564252,2219.9183906551293,2236.1345524662556,2244.9641452177543,2246.0865447427195,2240.3388862508723,2233.4205680987734,2230.096800067841,2225.046148339033,2227.122747749666,2236.7241402227055,2249.3649113737974,2264.9953448675237,2280.843281068184,2298.9009548003187,2311.4245304079886,2305.9623590969445,2298.2406986111723,2286.752496598006,2279.2814348838046,2275.0800333800616,2261.9570275494502,2272.250729950541,2283.5019462607424,2305.620340721117,2318.9915164772306,2330.483437680193,2346.2587516698627,2348.8410830149733,2353.583234884766
394798,81,"Little Rock, AR",msa,AR,917.9676242227105,925.356350741515,929.7343133552247,932.147795447237,937.0573973747526,939.9048466665421,943.43215520309,940.5561387827479,940.8037281219321,941.439739778681,937.8599068061975,936.4118242772261,934.0195707240232,939.8758517704689,938.8852266261132,943.1697358400412,941.7029684208924,944.2870487035901,945.7471380461777,947.9235621782001,952.8508916084274,951.8235994072425,953.4508667178881,953.997302336498,957.627775102513,958.6336384399567,961.6016423402693,962.7833795911467,965.1515587831738,967.8513881357962,969.9706417896185,974.9382649705491,972.7990123573968,968.989545934803,969.8015170265995,967.2109131824806,971.8805971295548,969.797801915464,977.4892386396579,979.7052701083759,984.1243600779532,987.219225164133,990.9732511936746,990.2436215576075,991.8407157721638,993.2850771901697,995.7524559586494,994.2589599790392,995.3332834010273,1001.241963276372,1007.6900542464139,1007.5533150205359,1010.410407140405,1013.3243763102629,1017.3993887025492,1017.285274104546,1013.510779604165,1015.7621865657928,1018.7859410925468,1023.808406383904,1022.5463077407687,1023.6006790403047,1028.1974205726756,1036.5866914463265,1039.8109128980404,1051.210538758086,1064.8345630881686,1072.0882280204225,1077.7120377522199,1079.3980821648247,1088.9662725844703,1093.834713664074,1095.3879141470904,1101.643524408244,1110.8233182990382,1125.2864808544537,1135.676160339312,1140.4701785771758,1155.4329626075237,1178.3518921732993,1198.7026509189975,1204.839730944743,1206.9293385703838,1212.7146798349086,1218.3209777766092,1220.8068594423112,1222.8094038641714,1233.5424935913152,1244.9459430303098,1255.0004374721022,1268.3724644386052,1271.2426058956698,1281.0602860518043,1276.3315526598549,1280.9607570436629,1272.052406806208,1271.2318322830592,1274.2832129717606,1290.448100580324,1306.9173741572968,1315.0491084940725,1317.980025512578,1317.9782437954368,1321.5110657809498,1322.0226190759895,1327.0046704544238,1337.1596505052846,1343.8858545734797,1350.027535636615,1348.8977538969068,1357.4470168648343,1365.6454841956695,1374.417734140724,1384.4740888127662,1383.7869930423574,1386.2343126580154,1384.3462581789543,1384.4679836582586,1387.9064059697373,1387.5885284583699,1395.996720127707,1398.7108934267992,1408.0187504612509,1413.8600274398118,1424.2606574176934,1426.3024271911202,1428.2433973171512,1429.0622254254317,1430.377458575525,1435.5677554349083,1441.112497987876,1440.7181385406216,1443.2771209864036,1431.3903923330472,1441.6488909551463,1446.049478836086,1459.3209937673944,1462.0458372200858,1463.369312546219,1464.6532258064515
394766,82,"Lakeland, FL",msa,FL,1124.624056097401,1123.2219166435011,1132.9308955860643,1144.46002777127,1160.5493532474884,1164.8151751768817,1165.7172464132161,1166.182977127571,1163.9580708621224,1168.2687200378234,1171.9819755711314,1174.6160367209266,1178.9475908239322,1179.8647323731452,1188.484590872346,1195.7647404167287,1203.2666794903305,1208.2614183559617,1211.1613880676168,1216.2891366048168,1219.354607836183,1217.1862782401622,1217.3096121242893,1220.3442531900948,1227.8883325993643,1237.7585646103448,1248.6542934213314,1259.530778301326,1269.913137964104,1276.595240085212,1279.3266125845928,1277.6402411712793,1277.3500979371927,1280.205846603902,1283.8884372241796,1284.6074802532733,1285.0625545286407,1292.8195380978314,1308.4327408950671,1325.3189136666763,1339.1699929706508,1344.235739754953,1350.467633155891,1350.6582282601094,1353.5136477098301,1352.1732492263607,1352.616498469809,1360.2599263471682,1367.1434842763297,1376.6524420231233,1384.879132988889,1391.8561379673317,1400.7011486085378,1409.5436884741557,1415.3417028236966,1421.9659658901162,1421.9228676126052,1428.064396804859,1423.9431466491185,1426.2240279756832,1428.1837630660727,1439.5930648719623,1443.8622644677928,1463.6776140516956,1472.8939769727249,1471.1401365273034,1466.8796491680205,1479.916139356461,1504.6048534000854,1519.0451907365893,1525.6726294372365,1529.9612089754357,1537.897329298234,1535.3324046566624,1555.3619914919936,1575.0092575767194,1608.794368386773,1637.1653715977543,1663.284803889851,1691.944410629737,1723.4595748935892,1758.80829059325,1784.1368659505765,1788.1636203646237,1799.4429438896916,1818.4980949903734,1850.0825131607032,1874.141970440807,1898.933875974097,1921.2683338699644,1943.1505144233408,1957.5175539609975,1956.2096756238432,1955.950427243953,1954.3818443737962,1949.7383962261733,1945.717065941816,1947.8011793025917,1960.6725877962165,1970.0325891985315,1974.146996573031,1989.3156221613747,1994.3786277474505,1999.0850942714997,1990.1877388767693,1989.1558395163927,1984.4022399232636,1985.6645029946076,1984.403038845036,1996.013215523012,2008.797756993473,2023.8107540277133,2023.7106905658782,2025.7108400824195,2025.5839239607703,2033.6182526416355,2030.076687035923,2019.8488622183659,2014.850168901822,2014.5359779900266,2027.2699976200452,2035.714430598854,2043.5248508497527,2050.2223401673955,2050.523070906122,2052.0393830338503,2049.2825335958105,2045.9212220981353,2040.8015155689106,2031.2071832588156,2028.9484030181216,2028.8323897499085,2038.9153137199683,2045.8994567695931,2055.862601219108,2084.0803663021293,2097.4145902812343,2110.995256026933,2102.11892313789,2098.6318507351293
394304,83,"Akron, OH",msa,OH,806.6225202875275,816.9961776881455,812.6084508192496,829.274328015362,826.2783130404563,834.4290764561242,828.8680252852593,835.8860598186737,823.5986886036233,826.155799437961,824.1915818173611,842.4915420191644,840.9014564230449,841.927857786074,835.3879188932392,838.2355705416212,842.2269145278068,852.9856289085056,855.696919345605,855.5354609352842,853.3569595262637,856.4900240668493,856.4255195602673,853.3275180410587,851.473358468729,854.5832387293273,863.0751367214194,870.7858015643044,877.6341756988913,880.469908058858,883.0724901276418,882.4670319312935,878.4813163073406,875.7499018406738,871.7005785037298,871.9750094751051,875.3610907548152,880.8658875971696,889.869953763438,891.88018758939,893.8351267977184,895.1013154026886,895.9173311544591,895.8646030723801,893.9790783580855,893.2185775786816,893.7125905908283,898.1927783446532,901.1512791226204,907.188012504853,916.8544239164148,921.0297593669848,928.064325344863,927.5652869799815,933.0257375701731,939.7360566308803,933.3115158051255,931.9415190142948,921.8786646791505,927.842261927459,929.1294879722742,935.6524643350336,947.6950572326015,961.99649900571,971.6847452207165,974.5045641179523,982.5906869645563,990.8690553915806,992.6843970819436,994.6278905000855,997.6083228927275,1004.2293455281305,1016.9858542088909,1029.0499006716034,1044.3535824288801,1049.1500307644744,1068.1724298852187,1073.0418003694022,1086.662619818992,1094.5745462080238,1108.414297597354,1120.0739943669034,1125.1432385406843,1135.0029393843463,1134.1714303680799,1140.038303641241,1147.4063434010764,1172.4132007463747,1182.4934312226833,1197.710121331398,1206.0345300107565,1224.564007119019,1233.3396003197938,1235.682108849087,1232.8900200796656,1232.8295815043798,1236.9426475108885,1234.653586013419,1246.3218066360002,1254.7866359967115,1277.2575976625037,1292.2601823427917,1301.8845151348714,1310.0741021891047,1315.2722007340321,1314.4325684288947,1317.4692459392616,1321.547235970873,1335.7935512994927,1342.0818531593488,1336.263027828577,1337.9771735892189,1341.8435511378336,1358.8520292427415,1372.4111032255398,1380.8786210634846,1384.4135083405592,1380.4364457358745,1374.1817607973555,1367.0473098644331,1376.0182436434966,1390.553389539734,1400.658864214849,1401.799194252814,1402.7291132615942,1414.7085292605698,1424.2008365998456,1434.218314333335,1446.3747714697922,1439.4962343025868,1431.2400688587716,1429.3337111041596,1436.1874919817842,1453.8294665812593,1458.9308736734013,1478.6145988155831,1481.3296016397173,1489.9398898689801,1494.375551047241,1496.0867044497998
394531,84,"Des Moines, IA",msa,IA,1195.8116380077436,1202.5677211408113,1209.783188662137,1207.6239773517327,1215.370612200968,1224.5549472218154,1232.151783883032,1227.2952962906386,1224.3904842387965,1213.8897029848918,1209.975284037838,1209.185382358082,1218.4655430001992,1231.6824681151184,1230.9094772348744,1239.6524496431841,1240.607172107442,1246.1781795453455,1246.0023672606658,1245.1520857718979,1246.1892488570593,1244.2184542839307,1251.7286492620747,1245.2801239247685,1242.1829816136076,1237.260701122398,1250.1275993332238,1264.8255736264762,1277.1489071084786,1284.4161906980353,1286.4301277442469,1288.083922481845,1278.9316555111368,1273.669171483558,1266.8326113281191,1266.9987837969068,1270.2440473745705,1278.3938518380216,1293.4476004135508,1300.4054093652799,1303.4437547588457,1310.3920543140684,1314.9004413199011,1317.548338474066,1305.2163675949553,1296.030868432505,1297.8294474630604,1303.2311001862859,1311.7605542393824,1305.4726891742916,1312.0169928291944,1318.7180883978722,1331.8612740195101,1336.2895130365519,1339.4246690637133,1339.532504399672,1343.6300625765741,1334.67137692446,1330.2930350320792,1320.838693589753,1327.929518526522,1332.2014670723538,1345.6295416235964,1358.6571841129946,1368.9251157144681,1373.113747168269,1376.0471702624789,1377.9588233343336,1383.3075173290372,1384.6820218292826,1387.6173683285135,1377.63936534519,1381.4640518132715,1382.5458233542538,1401.6489742170713,1408.8369468879773,1429.0520469585842,1441.9600483773638,1453.5584579030644,1457.867482856376,1460.9215377084397,1464.567299697036,1460.633746240864,1468.3893381184735,1474.365583103144,1485.7296602135953,1497.1384294485597,1513.4651604136996,1534.7352492366847,1546.361743792553,1556.0082149689986,1565.8739367322373,1565.899004216642,1564.4709546360352,1553.389507881459,1550.8403865758046,1555.3694136361682,1566.4531038820653,1582.015913778472,1594.5972793137742,1606.7683158441662,1612.0092719989848,1619.9138632415945,1624.9713089192112,1625.7951786547474,1620.4791991755078,1616.7335011047644,1624.9489302822728,1627.9794803367042,1646.5921334275051,1656.8803198953508,1674.0839642417043,1678.591335239413,1683.3455752862703,1691.6665586148238,1694.1135730344724,1694.8127825066301,1691.4293548240869,1688.617671722547,1678.7322142978703,1681.3173770703236,1687.2633040203916,1713.1568557068358,1720.9295529783458,1734.327498239204,1731.0378887709442,1738.1391647524783,1737.0664437510518,1740.0377315430853,1735.6084449914104,1728.8087775378494,1721.9723665294869,1717.146242850307,1722.3194383035022,1737.9462543276602,1755.2546804216724,1767.9584110215358,1768.3328150310288,1771.0454917458665,1770.5626800440662
395115,85,"Springfield, MA",msa,MA,,,,,,,,,,,,,,,,,,1640.202642048252,1632.8209684332107,1623.20142566851,1636.5447961696586,1669.166595969165,1662.4526646255094,1653.303619412039,1591.4479325531315,1590.4463344195703,1597.7945655827086,1636.2316994705004,1644.4386551064117,1648.732759603279,1650.4567006525363,1676.921614939996,1700.494057685334,1689.5804978163528,1690.7942893200661,1669.091723517772,1705.0122561688345,1706.8227492851104,1708.6834919680978,1686.951458600579,1706.5120802305507,1738.2437392892261,1757.4498209339024,1759.5794113066122,1771.683067370957,1772.4647933321921,1728.8458150659405,1733.3131159934865,1744.3584968567518,1786.912838213507,1773.2259058472814,1780.1270797506513,1793.2317773394266,1814.1433849947373,1809.717390934684,1802.532161053488,1789.0273542723737,1795.0522563736909,1785.673684540453,1848.3270763991202,1871.710665814979,1909.6071119104765,1867.7919161031123,1856.071167158476,1847.1080800622756,1849.411007211174,1853.4137070825634,,1861.8475533980036,1883.4953513289215,1880.6791644283808,1926.4636759203545,1960.8187485406922,2023.8955373171314,2045.968222557461,2062.1286086392147,2054.537135482058,2061.027263715072,2074.961577159488,2065.7565105400213,2056.822811848732,2023.8961207991658,2027.7716881815636,,2188.795966727014,2239.227471209962,2199.351411381497,2213.8844664003295,2246.5024125974837,2276.932267461814,2306.9635345725765,2317.2973614488383,2318.6623161401326,2346.8005481379587,2352.774088604183,2358.0557574627014,2337.0950925087686,2368.2067836723277,2372.6318246241885,2423.8429934608816,2433.5273292309776,2472.832954011876,2461.9780762447576,2489.441542584338,2488.5772590057168,2525.789837126444,2533.4402068046393,2565.5153195492026,2555.782214682704,2554.1788488842462,2545.0813095996564,2568.182585043676,2605.7395605270617,2617.095753100378,2624.4817630736297,2614.7538410104544,2647.9265923867574,2664.7558972865627,2672.3835844719924,2654.612205941467,2602.0320670416972,2622.8416403935585,2656.7507561324455,2713.8715004007545,2705.205574974794,2702.3419224285904,2713.6875267397772,2728.1115563207513,2718.768725909416,2732.779366290058,2711.74791336117,2784.5401812992995,2807.0628600158775,2849.619934523513,2832.2591320837737,2863.272132213774,2878.3378762364773,2868.3706978743317,2832.074673079039,2810.1275917065395
845159,86,"Poughkeepsie, NY",msa,NY,1577.9491471177578,1566.3505578242907,1574.8536996487776,1582.606250118459,1606.9461241649842,1630.3600134368087,1631.2360407237065,1634.5309564097597,1655.3610730272499,1660.8789713630122,1652.0151360068548,1652.0847571687523,1656.5880927137948,1676.2572430519538,1685.1672764973605,1694.8402201102167,1705.3879806508762,1692.013581495379,1707.3308589972362,1708.7825581900233,1696.8986244945331,1685.2467438953097,1665.6216551979685,1675.0901574436145,1685.1807643681248,1719.3081756634524,1737.6252902783067,1756.798267775046,1775.2537697419393,1788.713458207776,1795.062885118845,1786.1806684510923,1778.0374960450235,1767.938996718876,1766.800380299853,1761.925941921769,1824.194946724388,1854.7206482185034,1911.0864990380812,1866.6116922138592,1858.7128530396224,1846.7076544555914,1857.6140533633313,1877.8144076631406,1861.9027919027906,1848.9414736203603,1842.1710733816888,1869.2527339340618,1898.8515730795502,1908.3233041558103,1919.7590834413902,1924.6997406792982,1924.2898497797562,1926.6684074615391,1937.076637274279,1944.5914975570192,1967.0641643293443,1947.5168145322873,1961.6812084680107,1955.987711924418,1995.6472221280872,2007.9570703144443,2014.263432034825,2025.2303954320791,2028.8613434837544,2070.7980293541264,2096.146053657356,2130.8643504266647,2147.556533200549,2187.352340221896,2199.367622120474,2193.310242851162,2222.035029531279,2219.1842287799777,2251.523570561865,2225.247864669002,2303.0989076856285,2355.311647775145,2387.8582691526253,2415.409718572939,2447.433239824207,2484.062569896895,2452.5724633455698,2419.8520304242143,2430.337443046861,2495.9205317071387,2561.7413821208097,2600.519546597681,2616.721202496347,2616.3504604507198,2630.850004945624,2627.5117768460154,2652.08482172718,2610.253251237634,2616.371923834061,2610.9828411792005,2671.971101071582,2701.617459515538,2709.5403266590406,2742.1978964931673,2739.8423222674664,2772.245802872435,2740.824268038139,2746.044201448111,2716.133303945103,2740.1204522451403,2755.7248921739015,2802.3082570124884,2824.1433263256963,2835.8052034203333,2808.6747750686736,2787.970945852416,2822.9126923325357,2876.3505334562924,2908.2438553552615,2881.3385142953393,2881.7719981343025,2903.3127006526133,2929.5540160786322,2907.666400979952,2914.216527493559,2928.482839157571,2959.447165198811,2951.619232045943,2955.287593683473,2951.3746247871095,2969.4034419344216,2983.691318409258,2990.655991298044,2962.3271844149413,2914.0349940150827,2918.636611798715,2930.1368648382663,3027.0959432448017,3065.934053701624,3106.5686383255907,3110.805808764366,3101.1971981918896,3117.4226655537277,3081.0443349753696
394931,87,"Ogden, UT",msa,UT,1094.345484463186,1099.7206671839954,1117.7718826791597,1122.8973532227578,1128.2440396913205,1120.9281241913252,1133.7577571465717,1140.340967115036,1149.4552651187971,1152.944460745145,1144.593673266095,1142.2498249283983,1139.1224647353695,1146.6203005552097,1153.6613126706352,1162.1768757513887,1189.0178565414908,1209.5296419202682,1230.162323001618,1224.7421571528394,1224.8727572224261,1215.730440194965,1215.0507250172334,1216.957077269863,1228.6111901038119,1250.1042438833545,1250.5023462527763,1260.0312376526304,1251.387993465387,1272.3834702549743,1282.162500321403,1296.6558269158963,1306.8649821986967,1304.8633308867027,1298.598445351731,1296.8272990011185,1303.4148646558758,1327.8785146484288,1323.8438037758294,1346.3419404935644,1345.9357803495354,1370.856358429375,1363.039948135319,1374.72231355559,1382.547663242363,1392.9870402918282,1396.2838335914823,1407.2041400552866,1418.154460115824,1416.1641139403887,1420.141402276088,1425.616038527563,1448.4915959323182,1456.5661531644757,1459.7732901985057,1453.2199393884357,1443.159073283484,1444.4483374985577,1452.7048280469435,1463.8730165036523,1471.5895800268377,1488.8397808879415,1494.1382950704246,1500.336374070193,1503.8216949555904,1544.697837851696,1563.0793169297744,1584.612337722868,1562.9735459849803,1582.367647204142,1588.8190835526555,1611.6371276050904,1636.543760900141,1665.3380641980687,1674.9450063300615,1684.0536070969138,1714.6561647333524,1754.4896278268457,1801.4944880215412,1809.7207492155849,1831.5157971080182,1819.3820557448485,1824.72664267545,1880.1099709948955,1911.38735065757,1933.272168479153,1905.6731283516997,1926.8148351459208,1956.6272788782173,1988.8817729159953,1990.1350175983014,1999.1863149493083,1985.809404826681,1995.4627731884273,1977.0088713891741,1971.242917857903,1973.3896608467373,2015.4500777638605,2049.6915356256877,2072.660465781923,2068.536113181766,2079.3191793726105,2085.4719768744762,2093.0222127303596,2090.8325039846336,2079.747179534067,2075.821706934064,2078.3674107251627,2087.227543226786,2083.4368071203826,2093.7783743068203,2105.31879553477,2125.740307333061,2130.6939581123984,2141.734056997475,2152.365326613221,2157.8780827103546,2145.4099204932077,2138.2352317172554,2130.033746321574,2145.9125598223723,2157.5260652030584,2182.1383394709173,2195.682749320028,2206.8605631084083,2198.879975572946,2194.881861055334,2197.271353781487,2204.011010946354,2209.12122873238,2172.786406705477,2166.084805025506,2164.8677838920685,2217.7170734691385,2234.637445952559,2255.9698280033035,2253.919227248221,2265.3424659695943,2264.387727448778,2280.675031824696
394816,88,"Madison, WI",msa,WI,1407.2334450942055,1440.829445161723,1465.9368187780235,1470.2744705969242,1475.3933602821048,1484.374375223204,1487.4106675609587,1484.5429511231646,1485.4413541336799,1462.0924031756579,1474.5816432820952,1477.874922596211,1501.4584199398669,1497.407473866858,1500.3519205148154,1518.0131180313706,1523.8375776618127,1531.3392368400591,1518.199958638366,1521.2800976346743,1505.978068461,1499.4265130681179,1500.772621048219,1518.1902910315998,1530.470309932935,1542.0766612343073,1549.7627470907023,1560.4912296903547,1571.7478149063954,1580.6737232576197,1588.787908231983,1596.7698933374886,1598.894954834956,1605.0154599437203,1587.7262238343642,1576.0593629303792,1576.3843874107206,1599.93805065023,1622.556214824348,1633.8876500911679,1634.1057662206128,1648.3583003042957,1659.6844903509946,1646.4342135591203,1628.0849101261065,1615.985903095753,1639.3544379944535,1639.9464072481105,1638.9439810313113,1635.067430700812,1651.556245616687,1664.9613665736408,1683.5697925201473,1695.135486658406,1700.0742699017178,1691.9535981943084,1686.1972601300147,1696.1411956023983,1691.8852382341877,1700.5794759038731,1714.8756388248826,1736.4633988782116,1739.0303755009056,1732.8421748840901,1731.1675249849925,1740.1717624837263,1753.5335473303662,1752.6312968978457,1751.604457769787,1740.3552924272722,1769.29335793742,1778.4372989147448,1811.4361675124178,1812.0237488989783,1815.7379999911616,1823.4404268964731,1840.9056187544163,1861.5575101426869,1874.0776345084348,1858.0405114790556,1871.530642034836,1857.0627312281063,1858.4765961079777,1853.9268345943979,1849.6694096534225,1857.700888474482,1882.9932576392678,1929.7329912929004,1975.2776200790065,1994.5612512528542,2005.0164831831587,2014.3021774172446,2015.0765462348381,2013.7672536952946,2029.1940076614299,2035.3236624724802,2052.0472531654946,2060.6073273814486,2105.7320491687483,2138.433797481926,2168.1503539381474,2188.629583886583,2214.0240540285167,2221.0480372510156,2218.8446747019098,2223.7309825106922,2219.7374228996846,2226.5868194978475,2240.1905900953275,2255.1669170132263,2284.1313707502636,2291.687903680903,2306.696376665311,2310.812606989384,2318.791045099558,2329.3967591712894,2329.473230607907,2342.1096190985872,2337.016719394109,2349.287631939241,2341.3769680480355,2358.4340905655263,2376.342363627384,2397.2514234787063,2418.2913481798823,2411.8452092872717,2419.9251295245726,2414.1107059717547,2434.8808789465393,2441.4955468133458,2450.097317833433,2454.8078010413533,2451.9619732908122,2477.3720284123447,2473.5789144261093,2513.5788034480283,2524.9828431688443,2557.848323485107,2550.3539431558825,2527.1007936507935
395235,89,"Winston, NC",msa,NC,945.608148770743,946.8570264646049,947.8256535434904,950.7637817598038,960.11180475286,961.4646107186597,962.753951679534,960.7560555261684,965.8684087957741,965.0067898955359,966.4913031420873,959.5684816686252,968.1121558512353,968.6576523662532,975.2153712336337,978.7045509182699,984.4929498888351,996.920732534892,1001.8690093524386,1003.3585326153271,999.5010812464274,991.8858123638234,990.3157615964009,985.8700113895321,990.2571555050517,993.5140268906932,1008.8847066246755,1015.8298475141827,1027.8503496546439,1033.907878188785,1040.4269946239308,1039.9387077075417,1040.2254428011026,1033.870887768947,1034.0746136114458,1028.1312894633115,1037.119183163962,1040.9875653726394,1053.0410408015236,1061.6840770192248,1076.2937621203598,1081.0932823498292,1083.4330011323714,1078.590377374192,1078.368213738862,1072.333207297277,1080.329096470078,1083.5232013176392,1094.6262929780087,1098.5276101842094,1112.5793389695505,1113.6624763195368,1129.1891032218907,1134.4320847183203,1147.9656279293552,1137.180649912104,1137.3399596107859,1136.0347520468756,1138.3192730101948,1135.1907858706604,1139.0430588934146,1148.649171974464,1165.8196939219638,1173.2482581845763,1183.677624471307,1189.3542087934752,1204.0174934923007,1219.666459073299,1232.2790452282243,1239.935871806264,1241.8126236025407,1241.426641003797,1257.259559280274,1262.5975630246505,1280.730886710067,1291.9040802329032,1313.7314249847147,1334.513074101045,1354.7243641535388,1374.9771741173338,1391.1013058515323,1403.6974129857563,1412.563065606503,1413.3760696766565,1419.7217513725088,1434.7640090814555,1446.5950579754451,1457.6424132167754,1462.8235815623618,1483.609070026723,1504.9724180235125,1528.379265506036,1545.9672574668239,1549.6920487120335,1549.9929233062842,1545.5889029874647,1557.2294084236817,1561.06760223188,1575.6686573311576,1577.8619235926085,1586.3506904858787,1589.3973238449685,1600.7089030041955,1606.41586085532,1610.5635756562147,1611.885313488081,1611.7530745076945,1619.8754163124281,1632.9614582079032,1657.1265684161601,1671.6388223438246,1676.7153083508615,1673.6619126589212,1684.3124341246807,1683.2503031766496,1692.3301393995,1690.1386634350572,1699.3059973977297,1703.3634906825798,1705.0283571333514,1712.1246171883886,1731.3206298353746,1753.040076656884,1766.2121953188732,1766.3875718935228,1772.7693677975897,1773.095304713568,1776.9360764695089,1764.7284353251773,1765.4085807089361,1763.9905507567105,1767.673513816233,1767.8732529533738,1789.8758285004676,1810.332446225127,1823.5107641476707,1817.9869193130478,1819.0567140318176,1835.5129615377523,1840.1621069693358
394528,90,"Deltona, FL",msa,FL,1069.1128470956805,1076.5229533635552,1081.7591813709223,1089.2475243805309,1100.2081941741517,1107.2039967630121,1115.0599182067754,1118.315362407878,1135.3401633854514,1142.1044418927518,1144.8004159563436,1137.9467286234096,1136.365461900311,1138.4622733246688,1149.0867476270464,1159.8376955720673,1172.954235073295,1179.800721438817,1188.4326983754308,1195.9056879679292,1197.3595764377078,1196.20698595725,1198.910829146264,1200.7785384940235,1212.6263750175674,1215.045641161722,1210.5991388818986,1216.1754626349205,1228.784628748056,1257.1141932307396,1265.7802087676257,1271.9367336170017,1266.8518797628678,1271.4691580169167,1274.2676674602524,1281.2743100424068,1284.4122877181724,1291.9555061037618,1308.1070729814248,1315.4935805583468,1322.3975067285153,1327.5532132832777,1335.1929783025844,1343.7198978144388,1349.0529231943465,1354.8665079864431,1358.5881960244276,1356.2016625378844,1362.2197444258793,1368.0709202615944,1385.0925628441832,1392.4475684895037,1404.6109683136644,1408.226241239362,1412.9399323343291,1411.4803475907563,1413.3955005692105,1412.3128007361404,1411.4439099348656,1410.521054594919,1418.3930295710759,1429.1703402150922,1438.3235132872344,1444.1608728042002,1449.1836765138298,1453.0312640425993,1464.738266349112,1476.0247653583547,1495.0912724267776,1507.4715609601913,1513.1629423676698,1513.8848817832352,1522.2430833958326,1543.0950197651116,1567.1929548208082,1590.4244893372322,1608.7400603448093,1625.5734105055399,1647.3843910270343,1680.6606838940072,1721.3714232246018,1763.818358284789,1786.2849994922412,1790.0472783897196,1798.4465543933081,1823.280757450791,1861.9745907681045,1886.9084640694334,1912.7975372783328,1937.7068507287884,1953.5220720994064,1956.3751846506293,1961.568883147946,1967.0507865098293,1968.0661117705083,1958.6371558945682,1957.787882341353,1967.6689007809653,1987.913974512887,2001.2073030786428,2005.2270704681912,2007.7544723555513,2008.537064749719,2015.0910205029975,2012.605551247363,2011.221307026798,2012.900812238795,2015.5335051300935,2024.2070394356604,2026.165553683468,2043.9542243736557,2049.825298453964,2056.709414396276,2049.214246648782,2050.750559918992,2048.502287924256,2043.4022897197858,2035.3143802224265,2045.9016120203528,2054.8485485570886,2066.7809970500084,2065.423611759007,2075.908528776299,2083.1083651935705,2084.659941572695,2081.938563879375,2079.990314581466,2081.8096071053064,2086.368027601396,2083.3874223330054,2087.7971752916746,2076.9036663617308,2082.1795990619994,2079.997488686626,2101.7574086487457,2109.123226169963,2120.1603322276756,2118.058390067507,2132.2527597272046,2146.8629295652677
395143,91,"Syracuse, NY",msa,NY,,,,,,,,,,,,,,,,1182.4700469754084,1198.5959843360395,1225.898848755929,1217.5882639909564,1193.6588897146207,1170.6875737727469,1166.6171442515458,1162.5080400219401,1171.7578526472591,1201.589318387215,1237.1099384919935,1258.1799413256208,1245.5830323927128,1215.4965312351399,1237.4051208608023,1245.7355859552247,1261.9199505794982,1242.8456274863854,1257.6504534690007,1256.2485189554002,1245.3029517716725,1237.4066902911966,1250.1475985687593,1284.9648885010179,1300.8586615658319,1310.900164244747,1304.2451001410693,1290.6942112321956,1282.1015320868794,1277.3198862925726,1292.4673259536496,1307.9767407675881,1310.7939866152108,1301.4269602497934,1298.2956333045345,1309.437253017535,1320.208828163943,1330.5576941666027,1337.5146205129056,1367.3753118213453,1373.353714669945,1360.0520780864306,1339.7118436081357,1317.6521550764844,1341.1012148465206,1325.7927497370474,1338.2688553370126,1348.177797616197,1395.8930348887066,1427.509419911646,1445.3027217583824,1453.4261776489739,1455.4603632834926,1460.4567535472615,1457.0323765428204,1443.2559988392793,1439.685850259633,1425.378204632174,1460.745574203245,1469.2178211843072,1520.453131682935,1521.4112689626872,1532.5984185403122,1548.3041631083697,1575.9337281854737,1606.9519939964894,1602.0203049707584,1575.7013448551581,1617.8776467852992,1639.4506144888362,1673.9908253479082,1669.518266815751,1679.9416803030688,1728.7945488495677,1733.697744218626,1768.2062771254057,1773.9868151503333,1782.2175875984708,1791.70342368481,1805.6497512576807,1804.6546110256418,1812.3906466822418,1820.6234409190897,1850.3090765367406,1878.2280900406925,1896.766133288925,1922.7793428122156,1914.28558174906,1931.6666222910942,1901.547499930604,1919.0214826405827,1899.1767391007622,1952.8798610308502,1961.3922131156835,2007.2599353236478,2017.1811467108778,2039.814973534667,2070.388779208808,2093.2856446948003,2113.5965832703373,2074.489904378942,2068.9645511986214,2050.1795662529594,2061.457131044309,2062.804502885769,2084.594282467193,2093.0024700653635,2095.141721490482,2134.2134978622935,2163.243779037331,2189.737577220294,2177.4085288868273,2182.954889963635,2179.2003122504916,2152.7754046604005,2159.5540337051284,2170.725851872314,2210.9726377263,2206.2574446037443,2267.4108618338564,2270.0673091952654,2311.2968513049545,2293.7285019966534,2299.21433656552,2289.703787878788
395006,92,"Provo, UT",msa,UT,1246.313893755254,1261.4317215085346,1282.4787132119234,1288.1117558798828,1293.3731632173442,1298.8218755920764,1294.7007342969682,1267.1923121775367,1258.1156181877686,1281.5569070522567,1323.2704910553978,1327.038658903896,1314.699678840139,1307.4269080789543,1315.245109282318,1321.8328408755733,1332.2115979666748,1335.9714623351479,1352.7829835007894,1367.6856121898322,1371.4909173516198,1382.8525190795235,1377.6040169837183,1385.6582607482703,1378.96349061594,1379.2559535254923,1399.0036983020507,1406.0460423951317,1433.6106857186514,1438.2612382753289,1449.7843779854602,1451.1771217245073,1462.0088982198329,1456.1972743295669,1445.3969506515311,1440.4858856616884,1452.9949442653017,1461.4384934050292,1470.0547057429485,1489.004613185907,1501.0271004055423,1510.381541694395,1518.0007652318104,1527.0170222167844,1515.514596974317,1498.0768926956146,1503.7067835957089,1522.2025821077548,1547.3783612434554,1551.8700112873512,1560.3205501111174,1561.5182205605054,1554.1937963830194,1558.669770509876,1558.1102611477022,1578.701218067625,1575.9805539580598,1574.4518651819092,1571.2473697950381,1574.4631604248257,1585.9721020858847,1598.18503640563,1611.1678518841932,1606.0856424828396,1598.9384836692625,1604.4418365713002,1625.1383471386857,1648.4506393015001,1657.4229945912118,1680.9623645280526,1677.4188502874545,1695.2401750728495,1704.1785218487646,1726.6309082207993,1752.9852729725792,1772.9613192067225,1813.7361889478527,1834.5786748227536,1864.209643234718,1903.021429317927,1928.4084458759553,1941.24685471421,1931.6572998763065,1951.060828283906,1951.9283291801912,1963.963931580337,1978.982675004884,2002.8519332813898,2031.0143076159075,2055.5841357557583,2081.8149674035444,2093.122034849311,2077.42477546848,2051.6752479662246,2040.6276551910164,2050.0812909946267,2057.639949294597,2076.1200557215566,2084.2775569308105,2098.149352528734,2116.074257609932,2130.5154051009854,2150.041683868868,2132.972600705404,2117.20369257134,2109.5307582828073,2106.85375996254,2108.0583479785896,2118.1147147875604,2133.5693853444564,2147.8483269556777,2162.8202855986274,2175.3784484811663,2185.9764914637904,2191.8656524620474,2198.3435734712743,2190.9933854962287,2183.5201017864197,2183.3738073958402,2171.514328985782,2154.7626749156047,2147.5440427574026,2169.190826957663,2195.743753951136,2218.0369161888857,2226.8278566507206,2236.5378069505177,2235.730049136646,2233.0381435436784,2231.0016415339674,2226.2826712509795,2220.194922693976,2202.0218842177414,2215.4643796837668,2237.3054561480103,2276.5898383620024,2283.1608493544645,2295.308577283902,2291.079867030054,2305.5832659341936
395160,93,"Toledo, OH",msa,OH,743.4718563222948,754.0257165652138,754.5917774697598,759.2164845416031,762.0590359174247,771.3037687258155,772.2597083946622,775.5038675967052,775.5061932563677,774.5880194911186,772.8681795744586,766.3946192756074,764.4973338052826,760.2085099057123,769.6834373601898,780.5767907637978,785.9029932704899,786.6779438238809,787.4319433422569,791.9609606355115,797.1029658707541,800.1626680916131,804.729183285688,804.6801613348223,804.1802506455674,803.2143614481186,806.0318163577291,811.3441140915561,817.2738482946446,820.206145074819,821.5377510082365,818.5669023006925,816.1941075909871,815.2794048944185,821.5268708133888,826.1546429979347,828.4970137136611,825.9154042437549,831.6621047839368,833.984814472766,842.1471963690325,840.9057321188059,841.1917340678345,841.6894521129848,841.2894481432389,845.3620636963323,842.4295482239721,845.5680731174765,849.5748218342732,857.8202143088652,860.5294375835466,863.2849471243757,865.9825272228541,869.8373692007816,870.5467002093919,869.2043666580137,865.6708675452272,866.6883397394208,867.7382414990852,876.8724137679683,879.0151386472218,886.8366712580487,887.495443711517,894.6795356427227,899.9566510148614,906.9785891940502,911.1075608629928,908.6591983606561,915.0711352133166,917.9708342564941,924.5885776263574,920.5697377120047,924.6823170558484,926.1415411746692,938.0582189714324,950.441954190993,970.7614297673109,982.5060369204166,996.0178063364528,1002.9513983315832,1005.2373661396426,1008.3384861443452,1018.2450079227812,1033.2605506360424,1043.1493492276552,1049.2426645794455,1064.3224757520325,1076.339146540947,1092.3160540005617,1109.1510407727812,1116.9462684805576,1122.5765432415785,1108.488234286939,1106.2844940289092,1102.49025713663,1104.8120502648756,1106.7285726994396,1115.8910474726822,1134.1977202275887,1143.4366215648774,1146.3564165735631,1145.7578228079074,1160.1910664701948,1168.406498537345,1172.2824837829228,1167.4072072399395,1173.939323885831,1182.3946211392001,1195.4248999919605,1193.6753663329405,1201.0366377317425,1213.6006060506702,1230.1745802149403,1244.2354479509243,1242.0695167358767,1245.5132436366616,1239.29340486856,1249.6387224182067,1250.823932996354,1255.9510698494403,1257.393872192165,1255.8799448504449,1260.93968881489,1262.1626046319727,1270.2040631689506,1273.4945741695294,1277.3478674366395,1283.147849029867,1282.9424771789088,1286.830979217924,1287.6941140740482,1301.6332113721912,1309.4538574324035,1315.3907012661155,1302.5495433270148,1297.6100594738282,1304.8857587368266,1328.3139524525623,1342.6907155090535,1349.2494824016565
395224,94,"Wichita, KS",msa,KS,882.2352448318662,883.9109968820096,884.9010591738363,885.9153441600571,889.9669193217152,896.1211157353937,900.8293336789739,902.119321050386,900.4517230911167,894.4163838740691,896.4830778885909,896.7252872118329,897.5601290643785,898.8154947445269,899.8957310178803,902.0954708988634,896.95782640372,901.4740632250088,903.9139505421157,908.2640118956282,905.2269666341529,907.7152553873603,907.028936842415,906.1168053231045,904.9962679045666,909.2298247078594,915.8078126810208,922.7285249933091,926.2901810221675,926.8278969728769,923.6306918049781,923.2866802767188,923.0123054475011,923.77231595169,919.8347601004782,918.2576155811394,922.1515782641196,925.110827233594,931.8787451777368,932.8746526683392,937.7804072669526,939.8801991359625,942.5100513469927,944.1886662386621,942.2921723119142,937.793842233024,935.1056122630914,933.2401266904037,937.9104341786048,943.540477143766,952.0006364704449,957.782668331704,961.9234952484942,965.9500605855727,968.0664366065989,972.8501562566438,974.8173607252479,975.4176023880269,973.3193346286664,971.7898110038967,973.6796693744955,977.1952630317694,982.8021495362049,985.9981727337889,992.986527991148,1001.32895929049,1009.6977101608728,1012.6623543955351,1018.3340447433417,1022.2142805244557,1028.1838521882767,1027.7777346517503,1030.0433201269173,1032.8250026680698,1039.5102586481744,1048.8552024464848,1060.072143964866,1075.3009184982996,1085.969634465132,1097.1610272483827,1100.454153290965,1108.6127140065555,1111.5540434452896,1116.7764093283163,1120.1176550805235,1127.9933586958603,1137.3445142520109,1149.09762108184,1157.0764320988358,1163.5776486138336,1175.482052620497,1183.8085989105382,1193.4234932200939,1195.5154770677143,1201.79606293495,1204.0940640775111,1208.0738103665435,1214.0957731008186,1222.003715280893,1230.3185378617504,1242.4338933750807,1249.0202035637271,1256.6557589033184,1255.8612567183877,1260.3550386253344,1260.6841987002808,1260.9978324838119,1269.9100909490905,1273.9060329632198,1281.5029594186424,1284.7917340551578,1295.0596133772115,1302.7629072496402,1308.3270352196707,1311.1482253848262,1316.656829326179,1318.3583835991678,1317.2835683658498,1314.5040408823068,1312.2245881893552,1316.9893968794297,1322.5397811656894,1334.1870504019375,1340.1300015987877,1346.599012540734,1348.195147182762,1357.5500377572857,1365.1433941048722,1372.6312838653002,1373.7452093102067,1371.3469477512676,1367.9947330042482,1369.7994915839204,1383.4754337738011,1393.8199186262984,1401.589163038967,1404.8093299288748,1408.0667000003587,1416.855749271887,1417.3593780946721
394549,95,"Durham, NC",msa,NC,1198.3719150221764,1215.599665268307,1217.5614877788246,1225.6560593325935,1239.215697078236,1241.7346950689757,1242.483260260237,1242.3029303562619,1240.1667501606921,1238.1673831166197,1242.1881454520244,1256.3226103707577,1256.8984003952312,1265.007128661871,1262.859775922623,1277.2859783868662,1280.5539220158496,1287.3942444630977,1292.5507191459103,1293.0893033350414,1288.6551309752258,1289.6738213672645,1296.8764682003778,1302.2885620454229,1306.623867967257,1311.1857145977194,1325.739525620363,1338.2992972287377,1345.141694307817,1350.9662741950374,1352.1669371977782,1356.2104466298815,1354.2926476596315,1353.1661898591615,1341.7141417926275,1359.4341640329178,1363.5193323829953,1380.118980759146,1380.5753900844625,1395.3435324824995,1408.8501156419297,1415.2883004483958,1412.8713060657722,1407.6250270082355,1406.0245341153525,1415.2562894846612,1429.6361479063687,1428.2024313598565,1427.6326533165313,1421.7018577193505,1438.2678068401794,1454.952285910749,1474.9696536676627,1485.8839725867606,1480.8838445324436,1472.3389188550736,1472.734152940795,1470.8096547887103,1480.4209457735105,1476.9108813306564,1493.1518008872133,1494.6260824448848,1506.3234369554407,1509.5538022208161,1524.9814288689902,1531.4654272029125,1543.1793639798573,1549.134022224143,1559.5645460235623,1569.7762792526714,1569.5315765361265,1571.7944477564631,1581.7519143107252,1598.2205760431832,1618.013609378029,1630.334073826742,1649.0888462058992,1668.3959356863595,1681.0235464792077,1695.8815352205331,1717.6089427833938,1732.1093425707368,1738.355825222633,1740.8285437082623,1758.9967959420292,1785.7309871514915,1807.4589933881798,1827.2957732931245,1845.6226305711984,1857.6239172891937,1873.9725023603576,1882.9168888524691,1886.6071626562787,1883.9261580743728,1896.0513251088382,1898.638184286663,1896.1832327824288,1901.6122217981635,1918.0095266790804,1947.4321100722882,1955.313886211931,1963.926028317327,1964.5223097704784,1964.405487436822,1960.6617552143787,1967.6925543140933,1973.9295383826577,1994.3660495415238,1994.2792790016304,2011.8592217588173,2020.838061076817,2029.9268148044218,2024.9458787286196,2027.4150760174955,2030.2628665918576,2034.9648514721682,2031.6234238870215,2026.5875974492985,2027.5524651795536,2020.5891316614798,2031.2025404611265,2040.7058954829242,2064.306453323445,2074.9032627093447,2081.9431925007925,2078.9320714741325,2076.952117324705,2068.0343306804566,2068.4550133088733,2069.822525300399,2081.6996553941276,2078.3391995200154,2081.0727098521447,2077.254541098003,2097.174214905957,2118.3375805524042,2125.7874284216286,2129.314790493455,2126.3633893020597,2137.1939169228913
394352,96,"Augusta, GA",msa,GA,895.2770963992385,896.1472887012345,899.0857964632271,904.0914839476055,916.2781572845445,922.1360244292547,925.3634634482065,925.4558491963625,924.9777436049128,922.8042072262872,920.9080643212001,920.9400254994658,922.5110146025854,929.1693146814542,929.999429898609,932.6603368572361,934.0727879803093,942.4899705201707,948.8738393640327,951.0428777807283,950.6812981400032,947.1323314613218,941.6232907476585,939.8764559136819,945.5192201894959,953.9316228552145,961.2378957944285,963.9642124315726,971.3001428095426,974.2503079033409,976.966954575972,975.9266128544473,977.9866254054256,981.6225550221673,987.3301884951112,989.00216399236,992.936095518011,989.2817901588865,995.8885105883106,998.6594721696403,1011.551559726123,1011.1968680025498,1012.7332325797342,1007.6451227820878,1011.2805536678339,1011.38410037298,1011.5990414516989,1012.7497754816084,1019.0499749253767,1030.8915408556265,1038.0062469923114,1045.4084377410431,1053.7933473147439,1059.5662517071037,1059.3258881491463,1057.9997738211596,1060.8490597731238,1063.687898838429,1065.1728870084864,1066.6722084517944,1074.6143348501846,1075.7805249534322,1084.6099470738275,1088.0664505451207,1098.5686967462084,1107.4814496217236,1122.8464242655602,1136.878301562656,1149.3256759325745,1156.114756903993,1156.614765642771,1160.8318628228526,1161.8341862249717,1176.6307873453943,1190.6671730132362,1215.9765477710014,1230.0736360853314,1247.6061647689555,1261.5570709211258,1283.8653309533997,1298.209451023211,1311.2707098635362,1316.7009673246623,1316.6472985882383,1318.9055565522528,1335.38610438463,1355.6491085228313,1367.8435820794039,1371.115904886666,1380.2704342050888,1393.4564393083251,1402.9135516585288,1403.0156545177538,1400.089936626059,1407.7949923217127,1418.8781821555426,1432.4830079417127,1434.7610847847284,1436.8767315902028,1450.20316709448,1469.034042845886,1485.8252851041657,1494.1579028505507,1494.5346846364682,1500.5981257826181,1495.8237129730733,1494.1571005213389,1492.502361881661,1487.8113103417463,1493.538968707094,1497.019207692773,1520.0730652401332,1532.5188694117764,1546.415730489382,1547.5001460959568,1548.4351455788094,1550.4673903952526,1564.240743600289,1575.2415167975548,1578.5108008030406,1577.7477562424872,1586.9443043515903,1597.1639682189905,1614.702038707266,1623.9646460349222,1629.5889066056166,1626.7583500734252,1632.9837998174962,1640.6725734712,1638.3278490726625,1628.139983766199,1619.9210664862417,1622.3164644263552,1624.4795043187075,1631.6201241767826,1642.9209072517594,1649.6266598888133,1657.2486721237935,1656.8463901607638,1667.0392128971077
394957,97,"Palm Bay, FL",msa,FL,1087.6050574879935,1102.3246436330528,1111.2380279798929,1120.6436667753787,1126.9206494431019,1138.1052680153414,1151.4407762152805,1165.7164316608767,1174.5497538137467,1177.1791940229248,1174.773627102333,1180.15982569744,1184.7802184460634,1192.0157281148395,1194.9701922254958,1203.4770591055317,1211.7908618997842,1227.3758070831814,1237.276222466293,1251.062230444726,1256.3778367092625,1258.3313039080974,1262.9251798820123,1267.830411823656,1275.1453536833676,1280.7858753571973,1290.501574766017,1302.5266772916177,1313.8731461320785,1323.1215977782822,1332.613213038925,1337.4245664855687,1345.7937506509072,1356.0367985828532,1358.8915039938674,1363.2446714767573,1367.2104596701486,1375.430336878783,1381.2667605883953,1388.594438739876,1399.4215493032489,1408.1254287802765,1415.8453132983882,1426.033020576731,1430.0662314907265,1437.268546853449,1435.7508605667947,1440.9908900519247,1438.857820194142,1443.8430061423792,1453.7518429506208,1466.3122232731478,1476.5837267372322,1475.9247907018485,1480.4585049805798,1483.323549278169,1492.4017286729134,1494.4026593447022,1493.8383851175092,1496.942145861885,1496.5236466050198,1504.9810994959987,1505.8866971731331,1511.7889017079565,1513.8017451616156,1529.932156978026,1544.8196457580802,1566.3148322737554,1575.8913007875624,1597.3303108608025,1603.297507259927,1608.0916799293152,1609.5479813948937,1629.0236350344385,1643.7905548522274,1665.6359215722946,1697.4767850833405,1733.3217902401032,1777.0427841708083,1802.802758375276,1836.0279032362857,1863.3140374306654,1889.365046741914,1907.8450755311662,1913.4090913892114,1924.3497316966696,1956.808530087453,1987.6833640347743,2018.875034988566,2049.4141472145175,2080.952163625914,2100.2207708831925,2093.1939469230338,2093.827052800882,2092.4603341057336,2091.6584182991005,2088.3741340661827,2094.220288128411,2113.0074629284995,2118.7794162975133,2130.890742591788,2130.1644547493547,2135.47812943351,2136.5734045633526,2130.502033844292,2128.3783511981646,2123.648953915141,2131.2609203274847,2139.7699516172897,2141.4130830338113,2147.112752252798,2147.100479219018,2148.125254489269,2151.477060335321,2155.797037541223,2167.7252079830846,2172.005635361436,2176.8098006331943,2168.0306033630372,2162.992689454979,2159.370361837959,2176.751760029223,2194.062127085115,2201.8667266239827,2203.1707093180944,2200.8830259172632,2203.079597290167,2198.0687191463057,2198.1115213639277,2201.556715735209,2202.313484236973,2202.1065027088252,2210.749008691089,2214.932168476892,2224.6433838147095,2234.615055958187,2246.2611330020914,2250.01587586275,2251.151888201558,2255.0771378855493
394711,98,"Jackson, MS",msa,MS,,,,,,,,,,,,,,,,,1067.7130589105204,1075.3694972562052,1084.4214253154655,1091.5843587636093,1083.4993339621344,1079.5952077800912,1077.1221010220465,1086.6405250372306,1088.6924545728002,1087.904955718492,1088.5026062422648,1094.4744859642349,1100.5753686177325,1102.549615233374,1100.589692918916,1093.6772482611811,1093.7426587824616,1095.2579207208114,1103.845724116456,1107.359614852677,1119.2436426883455,1127.0974823095205,1131.4421098572695,1128.2787358268483,1127.9287379397003,1129.648256789419,1128.9526848064988,1120.43220543364,1117.73524186405,1117.7559650539865,1126.1583297662557,1134.0756065664516,1137.1091686900766,1143.3810987194004,1142.247644486594,1146.8058653265991,1144.718228152578,1147.9720601032507,1153.3147015323332,1159.931228974511,1160.0451836500201,1166.1729786977726,1168.6885755570636,1171.5575328439024,1174.486260808148,1175.3623599374466,1189.333792540709,1182.6731479874989,1189.507474852305,1187.01775471992,1192.1245330955708,1205.5761771934283,1210.1801894769565,1220.066344920314,1214.048296695486,1215.9919251516233,1218.596052675769,1225.6892510598109,1234.5794649760655,1242.3460495746435,1255.471485184457,1271.2033960705835,1284.4108761189395,1286.9512157414597,1282.6231603431984,1283.6028469525484,1292.761863645037,1294.0481095987918,1292.8232965076832,1299.8945957004253,1318.6101207892796,1341.83932793138,1350.7887653779344,1361.7952869987655,1375.5172238645937,1376.9976915557108,1379.0578876896107,1374.617061071747,1375.9301274944733,1370.4550796261635,1368.5497533778287,1375.897026849557,1385.6616909287675,1401.9968800803892,1418.653045527855,1433.4004607957647,1444.3197125394186,1447.0344008362733,1452.045457102402,1452.0299701392853,1459.676539960357,1467.0091371304889,1472.2731105564085,1472.71064904334,1478.9735157443747,1489.8853138481757,1507.8310517072114,1515.8227410386814,1524.690112815415,1529.0310968881208,1525.0625403142562,1525.8617569090675,1530.6573398071448,1550.6489361759498,1557.3667352864143,1565.0043314835261,1568.6178661939175,1578.1693053481401,1584.4750303919725,1589.141061445943,1600.9702121047023,1607.0272552792808,1607.3316824210935,1602.6252504113936,1611.2092470229552,1617.2538195502175,1623.300246791113,1617.4966219051016,1621.6853847058562,1645.120890381272,1653.1907333234708,1673.8944927851032,1671.4221219320061,1671.0654891586264
394666,99,"Harrisburg, PA",msa,PA,1113.0964530845113,1127.354919359431,1137.1063494561663,1133.7396920357141,1122.5356152996835,1112.1242991925596,1113.4934047969957,1120.3491564934689,1129.0385656781027,1127.0215232200806,1125.4184320986096,1124.2626271890233,1130.8955131951138,1136.3537677545055,1135.6798967368654,1140.8115774582072,1140.607407154125,1150.6902705880063,1150.7245355015862,1151.585084567117,1151.795028309274,1149.3986418417871,1151.5230237404057,1145.958053896115,1145.4018297413584,1148.3879063827294,1165.7154540417137,1177.677954854755,1182.3914304499742,1185.3917934446458,1186.5367745084195,1193.180969554569,1187.5326243872273,1190.4844267048347,1190.9406004052914,1188.566708787276,1189.149200493241,1185.6317621410346,1197.6665750469158,1209.2969763240571,1220.004557611912,1225.5045311600118,1224.111046907696,1230.0660919822426,1231.9839303290094,1241.1480207022385,1245.163591708047,1242.0994806600852,1238.813835236011,1232.588816257269,1245.7360573448025,1248.6706251362675,1264.5328819600054,1266.643457933971,1276.5171537611373,1274.3496767813756,1279.6678968220713,1271.6891503124477,1265.5841592724803,1257.0773030055043,1274.1488924661141,1290.6093297425914,1307.9169340762871,1318.5486175943718,1317.7097397992202,1334.4530357579913,1334.8987538052256,1355.2636667410025,1351.1160728343182,1358.2150522879988,1362.3200587459337,1370.1404851070001,1381.0401350642076,1381.2656170059843,1393.695607003976,1409.5652426642682,1432.6019536631225,1458.4387926964941,1474.5395888652836,1499.5249596474282,1513.3442389128302,1521.376328422142,1528.6614289120919,1540.3620004611817,1558.5299931074162,1563.9737474200203,1579.518562196328,1602.1546104996023,1622.3549203833898,1620.6985110572198,1620.1676801990575,1629.118818422257,1642.1984949754853,1643.4565281764958,1639.9494276436171,1650.8893016264697,1656.3349226894375,1662.7656533296433,1665.8238059100934,1681.0920390241154,1698.0195565358513,1710.0428250931632,1728.5809544647752,1736.199370802179,1744.59493416268,1744.6739704043507,1749.1103169495495,1748.576586707385,1739.8518351453536,1743.7163171030245,1753.3285765464573,1773.2064809945957,1781.7389436673418,1787.6654513440874,1789.980333653848,1795.8376707116142,1796.9471955852391,1797.1960518084738,1800.8985244960923,1810.1510479233082,1815.2506424227472,1824.555755423868,1825.383862987903,1835.599848885143,1833.7497936095954,1843.2963656695858,1849.2503971977683,1861.7852550491205,1858.5788384992627,1855.149622510812,1853.2210132513203,1866.0565101415377,1869.744067787214,1875.844472400053,1876.9718464954976,1882.2645676637496,1891.2505226935318,1898.6975088602367,1907.283475405515,1909.8053919035312
395113,100,"Spokane, WA",msa,WA,1000.7912013929316,1012.2177783167256,1022.4847486591802,1033.1809625848837,1038.1664178532571,1043.2140050740584,1042.9341151656954,1048.1407260072215,1044.8722238842502,1047.2529096293129,1048.8699108278036,1053.815510709778,1051.805711088278,1062.4702136806138,1064.0331430961348,1082.0855727995488,1086.893067084484,1107.3431058037938,1116.41006322373,1119.8495771215976,1114.2553315061732,1117.6208818480454,1114.3735229070915,1125.6928495570385,1132.8993405288331,1162.4399957550074,1168.2177080070862,1173.085613141938,1178.8830418125674,1200.5545368628443,1214.221580068591,1213.289448052691,1210.4702375747102,1217.2843988721622,1219.9024023501752,1213.6642720759403,1213.6683066501616,1221.1648030071572,1240.5299946071575,1253.7691320719337,1277.6067035936758,1302.7595207296017,1316.8242680357864,1313.8891471118234,1300.204454663309,1289.6785060051875,1295.1457801264035,1294.8945094019314,1308.056022576154,1320.9655208629813,1342.9098726443133,1359.9334596180456,1370.4224124464104,1387.7991966026611,1403.1877018917116,1400.00032695767,1404.8295067057213,1396.1876513683037,1396.5275705795812,1380.0316322396404,1385.8251277295647,1412.661144236526,1447.625530974175,1459.54545974535,1465.6314311434967,1467.8059950126085,1495.1938865560473,1513.9451178204902,1532.1413632923798,1538.099298899961,1521.2973525457896,1531.8436534440086,1547.9806217098624,1598.4358172616883,1631.2847322868881,1677.5723454740942,1727.4263930455334,1772.4082396648653,1810.9805211654705,1832.4740464780075,1852.6164000409497,1855.9982968496909,1841.4529546982205,1831.951747336095,1828.7436258796786,1853.921128963149,1879.2627283919949,1914.6622136458348,1941.8925034883096,1956.3234895715484,1966.3289749970622,1967.474689391091,1971.3646060949857,1960.5794435366065,1939.5637631066752,1917.8435549725775,1915.380699952516,1926.8264512536034,1946.894471663648,1963.6476774961504,1990.7678596357412,2004.422954107033,2004.8598274160834,1991.5565012464936,1989.6279648769732,1984.713149011329,1984.7272072404849,1972.650539138963,1973.2375924464213,1983.1869335013168,2004.4448579517566,2024.1804629100982,2037.546423101499,2057.061752426115,2066.1434985495557,2069.394699613582,2053.3243765306743,2040.7625598465822,2018.9583664761383,2006.0456056455646,2008.478626500344,2032.1822629582305,2065.947233877025,2090.21220455293,2112.2573382545784,2124.2237186241014,2127.3910071220425,2122.196569997024,2108.646869077055,2104.8632377259964,2107.0321623940818,2109.5038271279877,2104.301056085332,2096.0006015603203,2104.989503074778,2115.063182774143,2136.8291062842163,2159.22528653366,2183.18497626077,2209.0169033130496
395075,101,"Scranton, PA",msa,PA,,,,,,,,,,,,,,,,830.0856252879137,825.0796633249155,833.0611066447805,831.624064015161,864.7449650933814,858.1293716043642,854.5195030949928,843.3372598075148,851.9988698337606,846.8944156770845,848.8706386187314,852.5800959921769,861.6892313704348,867.3994734653894,870.1749485397557,872.8863066161641,870.0290021433194,880.9469178371222,896.9688874686368,904.4046097187617,904.750094100945,869.0785656501555,880.6409502761219,886.1776470237037,905.0559620689398,904.9700252194833,907.5433000493648,929.8194347505198,926.6057648321137,933.1121963643225,938.1968574740749,943.0562282116142,955.2111213784384,959.3653707195062,961.1841856524057,956.766040658295,958.1808473251848,975.3984510106695,987.77317386595,984.8361698342037,987.2694528053158,975.1851424062914,989.3465683813188,986.0200998808665,992.6427520275723,991.7757002653525,998.2332600446772,998.2781192708541,1005.2530645134601,1020.0295123923975,1040.6716577319353,1045.5714979970116,1054.7011319771366,1071.4703407572003,1089.3744132196496,1089.8114434441823,1111.0002106638276,1117.2976219079346,1133.1061368493342,1134.103909670353,1154.731175081705,1168.3796034426462,1172.2018905868554,1187.659555545862,1200.2410353322673,1223.879535538217,1234.541693054363,1251.8613471166368,1225.8412459807557,1223.6843697208456,1226.750114746991,1272.8691205749449,1314.7041020999727,1338.6236708309852,1346.3907725829922,1332.9600502593935,1344.4674315499924,1351.6206298410664,1353.6929770665972,1352.8843266319725,1348.5097751367898,1359.9824725501646,1358.8377348498486,1365.851915378576,1371.8199836961762,1381.472186352364,1383.603944421374,1381.14791517894,1392.1614497164878,1408.6635304769447,1430.70306425519,1425.8716165052592,1427.5301935888615,1430.043523896794,1444.7344765277655,1458.219560352658,1448.490271671539,1443.2759437387685,1450.5783177843985,1477.4534123008234,1483.0372219564479,1474.7422775205932,1472.3717405682503,1476.6801913350769,1468.6636242189343,1469.6237757869128,1474.7110456134703,1505.6549541422453,1511.958810821613,1532.1444475193107,1527.1358783800679,1528.8293167270108,1529.1066679535797,1538.3339937929231,1546.86604904429,1551.4746895328476,1545.0533834870182,1549.382373980122,1537.3982508017757,1562.3518921346479,1579.2907488420958,1618.1144759600334,1599.4889460898341,1596.855377928506,1584.9958228905598
394460,102,"Chattanooga, TN",msa,TN,989.7070273091794,997.9091258699764,998.9066535767734,1000.2727282510776,995.3739515744822,1003.3971479814755,1013.60887831064,1011.4788846308345,1010.805480358457,1015.4237111149439,1024.0402393900683,1017.9788272673868,1023.9441763429601,1029.57763166288,1060.0984818173113,1060.6819299298854,1072.2242461493024,1060.0007478306052,1065.718072145237,1052.269300342739,1049.8164463672076,1050.6870964545785,1050.6922164767905,1048.7383227676685,1047.4154014196847,1067.7077366154397,1074.9692078830242,1081.3042320375673,1081.4772684709765,1093.3197976253705,1103.3919893068942,1107.697374799005,1107.119070411662,1106.1979741778246,1095.1682378689018,1105.548625534225,1110.105135749949,1125.4000247758006,1134.1992527678367,1145.1168490808816,1164.7217160588564,1169.4711491889109,1172.0931432231891,1166.7608613185898,1162.0011899144656,1167.4653361771207,1177.6949358387963,1182.1234080557083,1184.951373435077,1187.1364378830058,1194.3150523433128,1208.9935437272002,1220.3171476464602,1230.4518856665302,1226.63206181969,1225.845539713173,1225.5064773866934,1222.3704466313602,1219.1559632022893,1230.866158125297,1244.5427219536557,1254.3632619086445,1256.0239967465172,1268.6676737512325,1285.9679134317178,1293.6034909677917,1295.7015811679457,1310.5673427802765,1331.9949679196477,1347.4082789667887,1341.810533890018,1341.2074576972016,1349.8400733643566,1370.9582654442024,1370.9322477431547,1400.054545491916,1427.8012958943702,1462.9893294958151,1480.0055663501935,1492.4511350250875,1522.2625564194936,1535.3295820876167,1548.9181320064242,1563.9739912772034,1580.4036110546313,1603.126828287215,1615.6329601873276,1631.0784240657938,1642.8928834328135,1659.1769146180743,1671.5626789771375,1673.1614148895849,1677.0379529063325,1678.2675137537803,1682.0767333447698,1681.4173928594666,1694.1873040024475,1708.0358055014983,1724.4148618118022,1728.3761844245048,1727.7200377669906,1735.3876555933205,1750.125085551165,1764.9473033271977,1768.239773051883,1765.4218168435013,1763.1848023155608,1767.8547424228352,1776.1214271520435,1782.4628750375089,1788.4706161249944,1800.9309118674585,1819.6691621719458,1831.6423620399758,1824.701003715885,1822.8086377375907,1822.2189136100708,1832.6720517826272,1825.718438150061,1821.4819641910228,1822.6647503673482,1836.1835503176455,1852.8421127066276,1853.1071801851374,1856.0772024157397,1860.314360420317,1875.442570791145,1887.6756531639576,1879.7128568754592,1861.1252744170924,1845.6967951404633,1852.5093996296719,1869.6922605381342,1876.4155824815487,1873.6118880756533,1874.490999932423,1878.5445864184787,1891.6628776572293,1899.7667506088167,1916.3918247890017
394871,103,"Modesto, CA",msa,CA,1192.724185410955,1190.1346276786442,1197.9485384015736,1189.030875812115,1219.9849317819296,1233.647765722015,1257.909522211035,1251.2919030291955,1259.8427478686879,1258.5571688895243,1266.1458957296084,1270.2316402630142,1269.4376345296062,1286.2147602722823,1306.7774012008945,1335.3448533951366,1345.8354345097634,1357.9811064124415,1374.1687380889196,1388.065353853928,1384.4223325836506,1388.1620701935283,1387.2885439749439,1395.7831467182557,1391.3008422017142,1404.5915762121483,1418.1484209564805,1437.8492601118194,1450.5843466518804,1472.2887869328106,1491.4247312861428,1494.5036169917278,1492.9310009911271,1475.832140218464,1475.3144715434335,1470.6801947043268,1485.699587056903,1494.4774898206076,1515.487033612016,1519.9705466689466,1535.0358885807286,1542.3574352494036,1564.1079119589763,1573.5041192283627,1581.2769522204865,1585.6516028419167,1587.0309110315304,1590.5925030687629,1583.9050490891348,1590.8108752114638,1601.6119596514511,1622.8226874526556,1629.4062172894328,1634.1556721383806,1638.480688426273,1653.8212098508698,1648.329782461205,1648.417207287137,1644.1009841987984,1655.3069760252183,1660.3398944810142,1672.208718817002,1680.8571055673908,1699.7074231974025,1712.096478195105,1734.4446583244444,1738.6505785164388,1759.221272718804,1758.2175970125904,1788.817805367816,1798.804450329036,1816.293808120531,1839.7376906679908,1840.7528002511797,1879.0693952400136,1884.9042691195561,1950.518540496909,1981.8767054564673,2020.3946603885881,2034.833009582041,2025.7703077067802,2024.7254996967738,2037.2173364121288,2067.463447931852,2093.831304436777,2099.3797908572164,2127.097237063285,2170.086500224128,2191.2569436907606,2201.3257992140157,2181.6060073155063,2192.8011554907584,2192.5919358327606,2195.679722844088,2193.2688665685723,2187.1787706222,2202.578665506823,2191.0980295880277,2208.5141428190877,2209.8497626770245,2240.5615045394525,2247.889379479842,2252.5578582905305,2253.202359411125,2260.1599433378997,2264.10237561872,2259.096635272787,2254.1347653990183,2266.1467208252625,2271.211594472717,2280.7685181546253,2284.0944045449455,2332.517527356474,2364.9973004800718,2380.972819126849,2355.6864174302045,2352.7937324964764,2353.0934237255133,2350.478733211832,2338.7080904434115,2336.9351490957374,2356.4314604688648,2376.103370506096,2378.511632292894,2393.8731121813717,2395.6917979826276,2417.7905156702445,2412.446405573242,2423.186722770843,2404.8321495859736,2390.734296834787,2373.997570952609,2390.811833605888,2404.889986810522,2413.883396461485,2405.769384347827,2409.6920997012785,2416.4485186011343,2432.634601652165,2427.630053667263
394768,104,"Lancaster, PA",msa,PA,951.9694790210754,957.2252852014311,971.5688752069894,978.2371850037015,988.3674893885349,986.4096837281326,987.1528969031181,979.1889999504858,982.0870260790009,994.2714975524375,994.8824956721778,995.7409850606147,984.1149505980167,990.1674494264336,985.628815279311,1001.0739740723559,1011.7408124521152,1025.5090414160472,1022.6253921826919,1020.1287650186667,1010.8649641046323,1015.8917515710507,1021.4790549014588,1031.177994122637,1031.8330654898198,1033.1147172584992,1036.264091767973,1043.749653414201,1043.2228832294388,1051.653465472888,1059.1333539868904,1069.6416336833763,1070.2742351523686,1069.311450914056,1066.8217145889346,1069.4919621184238,1072.1426105181392,1080.6346737755428,1085.9331225204842,1089.869388541764,1094.6825240916785,1100.0509291635315,1106.5249055359777,1106.002669725565,1116.39015642159,1118.3689318084466,1123.8023066311873,1119.39252627385,1122.0645335639745,1128.0658872761537,1138.1913998937564,1137.6753748558033,1138.0625873928898,1136.7883881347384,1144.3611402447195,1149.6005881253348,1155.3908258144838,1159.4035342148482,1160.8069467857545,1163.4752460461812,1164.230012478383,1177.685857020107,1184.3066259629195,1181.3641005257355,1175.5082616633877,1185.9148307063817,1199.9801210553287,1206.4206047224727,1212.1807454769564,1231.5727505973375,1253.9987773503005,1258.3625830737017,1264.866888433014,1258.4391795075971,1276.909484389149,1308.9662276721224,1337.4276999617234,1354.0912794969931,1361.1942748733723,1382.5608859620686,1394.1320424335854,1406.6471454370967,1411.52201923081,1417.1673754065819,1409.2179660454115,1419.7885785998649,1441.1972050440052,1463.7328477444316,1461.316599549406,1468.668089701097,1478.6175241434032,1493.7854563870555,1502.393713797057,1513.9601894249536,1529.2236026170897,1523.9563791234252,1528.2126927710908,1536.2716876807362,1558.6804231805077,1567.3492654102397,1579.7745689556239,1590.471307287945,1601.6628849880094,1607.2162442372417,1605.3204210322706,1605.228712405262,1601.4576241633376,1615.302921496146,1611.4653996466966,1625.3040173551692,1623.1370376598584,1647.385900406899,1654.3082751165084,1673.8988784111198,1682.3656366510038,1693.4976822451697,1701.9711880556706,1705.790660625071,1710.2759258519488,1696.9112522940322,1702.8899192720055,1710.1032789266833,1734.160468233589,1744.9857789802581,1756.978615173153,1759.838076792004,1759.986410389055,1763.9926572023653,1759.5157490963456,1762.15368679643,1758.603523864616,1769.4414766637296,1765.6027436386507,1780.7103522397351,1786.435184552289,1805.9488647886146,1818.6202991240036,1820.2982401362801,1821.6248767859438,1808.6913580246917
394997,105,"Portland, ME",msa,ME,,,,,,,,,,,,,,,,,,,,,,,,,,,1491.5972580240182,1533.0835441540903,1563.258982927434,1592.8065855652549,1611.8084836016092,1595.546721442444,1581.9462863724873,1535.9553648569918,1513.739171545059,1509.7539085272542,1540.8001588476818,1543.3913066682337,1540.5109099203012,1533.6982340267111,1590.0865450588076,1631.246013064502,1648.8161584730337,1643.4737542425203,1634.6709201868298,1626.859206274588,1626.114182991616,1605.371324725339,1602.4121340077675,1627.8342001792762,1651.1929218280604,1704.7249539611682,1712.9496196124937,1747.1443001884552,1727.182735055582,1702.7889425568014,1679.6189318745166,1672.6175941773802,1654.5253589092674,1641.3414522050805,1638.7402090299904,1717.928312403306,1780.2630874337606,1823.5375844576827,1794.8404574659926,1828.388010479623,1850.1282145424686,1887.499628742145,1851.3933106793968,1852.246303861509,1836.1300522144777,1846.218764316647,1840.7468433964107,1908.0996471124336,1972.1580881820664,1992.775792334798,2009.4981962598386,2068.4270555059684,2154.5512238727383,2202.5882114853894,2172.348363475768,2163.006357272051,2134.8404796516816,2148.739335365299,2176.250990981075,2189.5322048280063,2261.558159380313,2298.4758050065457,2364.052811854178,2354.0309784366173,2379.300933306368,2383.954330870824,2349.515320450348,2328.903702452919,2288.1688151322955,2336.8851456106577,2354.0287584007065,2382.5841892986537,2407.881241183795,2428.1587043666364,2461.8501018079182,2466.490692935824,2485.2272624129732,2484.813491551213,2451.548511034531,2411.2005680237594,2412.8235586188352,2437.05402038807,2461.9116406965813,2472.2741875425036,2511.06170446318,2544.1323065987417,2585.447675319757,2577.615572574708,2606.911394826585,2591.0025205128527,2583.23804810484,2546.443206238806,2538.127364623758,2493.0744965743074,2458.727430584958,2486.1309892448944,2557.651887294274,2633.0580686319922,2635.2103497964436,2642.1019561838452,2671.2170604461007,2684.734725188596,2672.7116116670622,2632.067285532563,2595.8111241456754,2583.190792140328,2574.9279309161457,2617.6049828107316,2668.503967873669,2714.314275736192,2746.960501158022,2777.8834442706366,2817.304173017395,2807.2408536585367
395245,106,"Youngstown, OH",msa,OH,,,,620.8002253773558,623.4385483476691,623.9298664946996,619.1833080563329,616.4448629407974,615.0839826093836,607.5297525582504,610.0424206947437,604.0012496006796,607.1438551101867,604.8676201952725,619.6976907832064,629.7319874979966,636.5286589121819,628.6102294083208,629.1953112432368,634.27728259971,643.124857008424,650.2756436466889,,635.1538869491845,629.5390953932241,628.8616775879674,637.4647054673761,642.5327476161423,647.0253033563285,651.4035664735827,652.8757159899696,650.5521532168189,651.3380997510121,653.6338376377757,658.1478062544705,656.7244661206092,656.0340227348604,657.9216457032849,670.4540694816482,671.664129920074,678.2178386326974,678.7281396549058,678.5683560487672,683.547335309251,680.408356186038,686.0459278373673,680.2990511087327,682.4081248541049,686.0211100592388,691.2914495607662,697.7397929353983,697.8292447895432,700.3262955118948,700.2284028441335,698.1924995626109,698.7319154772306,693.4176202944325,699.0610841086531,699.0619770198556,705.4225866321451,708.7523737752338,717.9762330740264,721.5660855857418,721.9160462818458,730.8904112490831,737.2816423317277,749.8079894530833,744.2349128968336,753.0282198352238,751.1582803642762,758.474030431102,768.4741116469226,777.2281524078503,791.3631021357523,795.8001976209588,820.2795726135369,835.1585206115503,863.2332525431051,871.4527571022427,882.5985828891827,889.4605753840112,888.6811261216101,890.1716612251188,905.4801586938977,912.3672221291466,922.0208762055644,907.6425620160566,925.495221961943,922.1573612635941,930.4191948872174,928.3435762145562,945.5600520606037,946.1657756763053,959.9987453733694,962.7328080936293,973.0520704654807,980.0968778292875,981.8048840616925,992.0047372253575,987.6751887887344,994.6720823505896,990.8443438929639,1004.4193874855331,1012.2397547959679,1025.5688853485099,1024.6809354631914,1028.6674346272448,1037.5693215443177,1036.5196850347506,1039.7474006452849,1047.1960368400985,1063.306930749821,1078.328057117278,1091.6874096607007,1101.0801715328441,1110.777646864454,1112.3652251035703,1118.577993001816,1122.4655483065446,1110.2406703385568,1114.8253683005628,1110.7297472847588,1131.0480949243554,1132.1702766453614,1143.64306764462,1143.293356765159,1141.1681631577578,1145.1394794789524,1148.7117296294293,1167.2412706777775,1165.7206398644812,1170.5707235353862,1162.523456298977,1174.6049250188012,1183.2391475020586,1194.0177484195706,1194.4229114765772,1203.231085267691,1194.716816914379,1221.626984126984
394770,107,"Lansing, MI",msa,MI,866.7171020576722,880.0180565276208,886.253978417613,890.3881212006422,882.2765855129765,885.7756878515903,891.51451323275,902.5121191590134,902.0653115371482,902.6921045406451,902.4768801620672,904.0252489360345,906.9583349032462,899.4032261350485,914.0996237494459,916.6950901319383,926.4037413416762,919.9876794016498,924.0763034003252,934.0759005813213,934.7649461947992,935.1611459979653,924.3762441631861,920.7963494861834,925.9754615287802,938.2218118000789,941.2868096285747,948.0658975934388,955.9210905480214,962.6095875110512,955.0188928386328,954.1631570612936,963.9569177799301,975.9968093086736,977.0118729044506,970.7869101009629,964.6469765805629,956.3468746121331,969.0762103044491,979.5937518575818,998.864626014597,997.2150886442183,1002.5903381525924,1002.0727499673039,1019.5022237028621,1029.4912639113907,1029.3251961341268,1012.7890487990865,999.5369855003512,998.1785818709214,1012.7500488264873,1030.1997452437456,1044.2086998947168,1050.3398960831407,1047.4293710676923,1060.7190623883603,1074.464065096461,1082.4560705586596,1070.2394377917303,1043.159232632593,1047.069138944152,1047.333051803619,1059.814279161445,1059.7289562717906,1078.9511624535407,1091.8066559239837,1103.1959245493265,1115.1235204838054,1134.1040890394052,1145.8615090663636,1136.4957040460736,1130.6520742022599,1131.273458637767,1157.7705270752033,1170.5935674895377,1192.5768231727225,1201.801262521577,1220.5441195852795,1221.1757588365087,1251.8622342422177,1263.0367742449514,1276.8812570035166,1263.9281733567936,1261.1952425334473,1266.8567346338837,1276.951693538225,1295.3390900338525,1320.4987829829229,1340.3973478990963,1363.74829915224,1358.053923777784,1369.9468661974095,1365.1676746144224,1371.0720432209632,1369.6075808265705,1366.213889080338,1373.2145104060935,1373.2394579391555,1385.9494632024512,1394.4115074615263,1397.2324177826988,1408.7865410932288,1419.1196291298277,1425.1434883785305,1424.8807169679865,1428.4321686919372,1457.3571159497467,1462.2360240775881,1472.1284093484219,1476.926276924912,1497.6764396419665,1511.0068221113206,1513.232895876878,1524.3054818040384,1515.701573604186,1513.275045472773,1511.1821221234338,1518.3090118358791,1519.1825302793532,1518.593414795544,1522.3093445655732,1519.9071102080059,1525.244610530821,1541.5527852852927,1571.4451861454963,1593.7738047261325,1605.50455650938,1594.4418999129468,1602.7089181368267,1596.8890565245867,1616.418067152756,1599.539129399896,1602.701127691108,1600.112336484044,1620.344701573463,1643.720091904499,1651.9033570691151,1669.1792732241702,1662.3738252013413,1666.3585663082438
394590,108,"Fayetteville, AR",msa,AR,954.7597266443239,962.1878992839373,972.662050465001,979.5409435243022,986.630128549826,999.7990955911777,1002.6106486547349,1001.4645065751728,991.9095439780971,987.5703912478563,990.5416642082538,997.2295604881286,1002.4839231567121,1004.2952255273344,1009.5748749093569,1019.3413474742235,1029.518025191714,1035.9285204942576,1044.279432859151,1051.2367382464997,1044.988220718064,1043.2452429330895,1038.840946024738,1045.4501257880236,1048.2216446431717,1060.2558927700768,1069.7301658497126,1078.951252775172,1078.6857379942633,1086.1429373070025,1085.9807800463543,1095.215044505796,1091.988648151369,1094.2155202856795,1085.927196054888,1089.1681015614781,1093.925289813524,1104.20626858639,1112.2065372241852,1112.2769180615592,1115.8364402148084,1119.4362598256587,1128.4999114427876,1123.8271162052479,1127.1549542113828,1123.956936629151,1126.2664301849309,1128.210835154523,1133.3775624953116,1143.615554987135,1147.4292510179978,1154.1967271287429,1161.7208122611382,1168.2525044949023,1173.18639109084,1173.6873244041112,1168.9154131891266,1165.232118483747,1161.343526571941,1162.7547147575845,1172.4083533714863,1184.6529014628795,1203.2551677721456,1209.2156781034928,1215.743732191592,1216.682956824747,1219.1709752304537,1220.82925626099,1226.311125732188,1233.7456006879352,1238.4497043174674,1245.8388311840831,1261.722962989407,1285.679892484054,1304.2760424936118,1324.1886847264507,1330.593794378194,1344.7872275109498,1355.030567516515,1379.9698902373016,1392.404332971855,1401.2703522014585,1409.8131086541857,1421.736958868797,1431.2630908811343,1438.9589218794408,1443.7361362044371,1461.327626329343,1476.499219941433,1502.5168487732456,1525.7243998385704,1546.4252339753273,1554.731205108067,1547.9029348132997,1554.7422976154705,1560.1428165136565,1576.561083882006,1582.3991814438377,1589.7994320772327,1595.3934072043983,1600.1331695913163,1605.921803237653,1616.1325580948699,1618.1560496409052,1619.701910001331,1612.8467481683433,1618.5155353133598,1619.794024561495,1626.1973243275204,1635.6169420225772,1648.5815871173545,1663.3014343021393,1667.338143598464,1682.2660039497728,1686.5889632515727,1691.6382670112887,1688.894080316572,1689.4588254982773,1704.1628907465529,1714.9686113480595,1724.634145987584,1725.0741706644196,1729.1221464535276,1738.8416667067575,1744.9967927957005,1750.5600221211264,1753.985962551953,1753.932974273944,1755.7925412988934,1763.734588964462,1768.402049028531,1776.0831827658983,1775.874723929745,1778.6364771086498,1776.7467190421846,1790.0217994443,1793.4038180363868,1801.8448025293403,1802.0901910323412,1803.0890184418756
394589,109,"Fayetteville, NC",msa,NC,897.396904871535,900.5332127154071,899.760887568475,901.8729470930788,903.0341032765327,909.035031545126,911.2721931113554,914.1520123083617,912.1627558042874,910.732036661659,907.8439453237963,909.1516734621863,912.2966091616616,913.7307598182063,916.1276650238718,915.3373485406667,917.6414505456618,918.6609472192512,919.550261310622,922.1187458984355,923.3893053854628,923.3753565463522,923.4231586472424,921.3606049989195,924.378935805124,926.7794570792054,929.5789750102956,933.4162789799659,935.3092024301524,939.3274376234681,941.3238862223093,942.3514059643826,943.2039314759984,944.0695507960125,945.9849852122271,949.512748050454,950.8859621565671,953.0994796596867,956.8537543916599,964.7360069348761,968.9641720577065,969.7738949075674,970.6834671939168,971.5800728895452,973.8108370808314,973.1759361754338,980.957898205228,985.6295424984003,994.441677807397,998.6154019112905,1002.2528782757872,1007.9856073688702,1013.4104907689032,1018.8821025603335,1020.5702219558295,1021.1049428841948,1022.6268273218494,1025.994195736142,1027.626657370177,1031.9652658444145,1034.118474926423,1042.378863372343,1051.1997185543707,1057.8940181719393,1065.8868354094025,1075.4641872136585,1083.6307800158181,1093.7225871795667,1108.5636912549462,1126.6058378680666,1135.4037012264475,1144.0380909700734,1150.5657587521378,1159.759179299507,1171.5280710119066,1198.0837695773644,1231.0629544779858,1260.6067017265893,1273.9708340030986,1286.9036030146956,1302.1223791288983,1321.1900523374509,1332.0440087595775,1359.1853713544065,1378.1833500944945,1391.1819802701868,1383.3659343116574,1397.77133626708,1417.4143593968238,1435.8534283221652,1436.1388169836546,1445.2876645403082,1453.1012099052803,1462.7764801513504,1465.2728362778832,1466.0273277986767,1477.1309804276846,1491.8675913100237,1513.6674521963873,1521.0556518149158,1534.9062870294924,1534.08221104357,1534.9374688662233,1532.0288122099166,1535.0794876144992,1536.94831931544,1542.4433343073906,1541.5567911418789,1550.1968305417429,1549.5440585298293,1561.5697122062027,1574.845542680624,1588.606601322034,1591.674725650235,1593.3500226999658,1594.8353904026433,1604.9291573271964,1602.1405415898453,1601.1130316381712,1602.4312972691482,1609.6205785353768,1619.0920560316133,1623.9245712389816,1631.4466212536456,1645.0940812234792,1648.2331581069816,1652.9811147938758,1646.8815145738702,1652.2289386216096,1651.7180919005493,1654.5706540530973,1654.3603403406646,1655.2705551866811,1658.0787171874817,1661.8804422777425,1672.6162557660873,1683.2051928109163,1691.976942118395,1700.4519946716543,1698.6252363700435
394792,110,"Lexington, KY",msa,KY,968.4280583469074,972.5123654307421,976.909553384105,978.6765119919913,985.1711993530083,987.033696733453,991.7229164224676,984.6237419968406,987.955497413738,990.3201545923722,998.5685195559121,997.8320029546749,1002.9258173722792,1000.2762067059543,1007.9580134713487,1014.2037607661263,1024.2632957776693,1033.7915407807784,1041.2861411042977,1047.0192252976162,1045.1831099062997,1043.102228159496,1044.9849698740575,1045.8059553090668,1048.4884953577068,1051.9632811307572,1055.0037628410983,1056.7438207275568,1063.4227731344888,1073.1883532431198,1077.7922950266136,1074.2742031605176,1073.761636267045,1082.0514574963195,1085.3787907873998,1084.3885762551126,1079.4099633998273,1078.2651198614767,1086.1259849288074,1095.684590776218,1111.1150968460183,1115.04036059094,1115.4053063228787,1110.3595169858734,1113.2288836205678,1121.2159246628887,1123.4974710011668,1121.2161162740326,1117.2886989436251,1123.1298003594186,1131.1106889742089,1141.3214454904653,1149.501278925965,1156.7153170134936,1159.4449497749647,1161.6548746619526,1164.16266302833,1167.6606855690006,1169.0323042454452,1159.8979789419993,1158.2446991018571,1157.2660593804924,1170.1448077070659,1176.8118907476496,1180.9952844469071,1191.6365724781413,1206.200486157986,1219.7420417070493,1225.0934471222367,1224.7231703702605,1228.512183938905,1233.788568914514,1239.4928917241061,1253.0090227629446,1258.762753313781,1270.962566499911,1279.331977266027,1297.9960215663434,1318.3822908282907,1335.7610662786685,1348.987015427252,1360.9972858950898,1372.8651237295842,1383.4905493765632,1388.125064371867,1396.2620912361565,1410.3239059586804,1428.7914808265948,1445.5659310532628,1456.8909386065006,1474.203830934529,1483.8041918828324,1494.1808544254054,1498.0704019205089,1506.7554015714538,1515.1403387221553,1523.8743234810736,1535.1787411385976,1545.4470650480428,1558.8719774265478,1566.2179611159638,1575.796255758593,1584.1136317878638,1595.9978671739038,1599.8230329834298,1603.3863621936728,1617.0016572088343,1631.833081215129,1642.0195237174407,1647.6066100920636,1658.341744567031,1676.489862946986,1685.3822953189306,1695.6323793498507,1700.8418099545715,1717.447967943088,1725.5679166811171,1734.5620243208532,1730.8500011425176,1726.55650529126,1727.4687075610805,1736.9524120801907,1755.4860298168333,1770.6888844890257,1784.5851921351975,1790.9383673220227,1795.151197185099,1801.7288623268744,1825.0377409115263,1832.5470299157503,1844.5662248966678,1840.3884094721193,1844.6451254993294,1822.5203553777433,1816.7691249986979,1826.7598097285024,1847.5006003272613,1856.0560725748476,1858.437675362876,1872.5529864397388
394971,111,"Pensacola, FL",msa,FL,974.8072052097791,974.8056885061648,980.7133557249651,987.2806357069937,997.7590896485366,1001.0879030367835,1006.4018213842488,1006.3982184711227,1008.3621374151858,1012.5797285435715,1013.8686989607447,1015.8729769441697,1016.6475730196864,1019.3906915396686,1026.0002783153323,1031.4478315285558,1038.0824830665713,1041.815952333936,1048.788680744546,1051.3772964309471,1051.5939679692963,1046.1031053826987,1050.5801098771667,1056.9246741630611,1062.3519529673729,1062.0523017581459,1064.2222719457366,1070.4122610251554,1076.9299851138817,1082.7016727389773,1089.01290934704,1095.671246472857,1101.3779857266538,1099.2783387406835,1103.609954163338,1108.4337131972168,1117.7305592317675,1119.0976126543562,1122.1585490385623,1129.7294035413745,1141.0820403699865,1150.0536700969262,1161.5017185920556,1171.097646096478,1174.0437784757537,1168.3337702770052,1169.3755238884182,1173.0727820708053,1185.5925363663648,1189.5840602375774,1205.8390788694342,1212.9791997171105,1225.5553659315392,1228.3882098024353,1237.0416343157908,1242.0134289211283,1250.9146394785391,1250.859423620842,1257.7662703471865,1250.3669121569362,1259.4819984843082,1264.156857893936,1278.2833910941877,1281.7050912015761,1287.2477418010724,1297.6109732588945,1317.3094065805196,1333.2604251113437,1346.4884352628546,1356.4088153912462,1360.5584698401965,1365.1848828473221,1370.0991166404547,1395.171394821837,1412.8581082711798,1436.6677971831143,1464.8246273846812,1496.957330246989,1550.0998323235922,1587.523084716129,1632.7071306367318,1654.6761844382188,1664.5850345729837,1675.6132243306233,1680.3384404937526,1687.9688827307625,1699.3473489534367,1704.5326164575447,1732.4304412100403,1750.2292789717937,1766.9369906524737,1772.0958126186208,1783.9748157244114,1789.143013440753,1776.3432603857027,1762.2371443228649,1762.40333153236,1767.6796100700474,1776.9871832757792,1785.114119202361,1802.3741460503556,1811.9740139884586,1819.897988986241,1823.747656776944,1824.1447584221355,1820.8604538446837,1814.1526889146523,1815.1377310654352,1811.5808317041779,1820.0776315753162,1826.8579100815218,1839.0761569435185,1843.5474028341155,1850.7421807545927,1857.7035601204655,1864.3600815300226,1861.309615893314,1865.5689011825662,1869.6019781747457,1871.4743933239151,1862.118327772382,1856.5516089900864,1868.327853785394,1876.579142858801,1890.9043986471768,1897.5765792499044,1906.7760430217766,1908.9917830347856,1907.4640022690805,1904.1586847445872,1913.0749207155186,1911.1796017621784,1918.1685540002345,1909.0450196606018,1920.886297021623,1926.1644689644875,1939.9982617752462,1947.987892885801,1955.2255618936606,1947.881440296998
395068,112,"Santa Rosa, CA",msa,CA,1925.9157701826946,1927.9662864199393,1953.789972894525,1957.3846408660393,1992.0626365994367,2034.7995527647915,2066.645283306648,2083.076579446075,2063.8578596560114,2087.3485337719026,2082.421940067853,2107.1585755485225,2115.388761170772,2147.8689519457553,2166.9229280667046,2170.0229595608903,2186.7755922726183,2209.142197009315,2221.1706050354437,2233.0894002298114,2212.596329678253,2223.3209233230596,2212.4190330206143,2195.5878797626347,2198.758118365975,2204.0749555205643,2233.979102727664,2246.6458199405765,2276.849305988892,2306.6283841960867,2326.4201488675526,2330.507586507902,2333.9085292419313,2357.6523207262585,2394.6832770082056,2429.030590762531,2454.1004423475238,2468.1850731623776,2502.929590756742,2497.102899364841,2497.839319840906,2492.1297589899104,2504.8765370569313,2503.983282365555,2481.8146927065036,2490.985396071219,2489.0536522417647,2508.3587809130154,2478.3543078214357,2469.9673049942626,2458.9705865323654,2480.8843439299426,2495.2258289833003,2502.259806212068,2484.925432041769,2484.695750507482,2494.742782808069,2496.289673770593,2496.3546454662956,2479.180560187716,2497.8082722392537,2506.3921557767217,2518.3453030128544,2530.536040840968,2535.296544356924,2543.674339750076,2550.660954970874,2580.8433461060254,2603.136732432698,2628.601898187458,2611.2387416704746,2610.415490324972,2595.719143447693,2612.193601764629,2618.5744730512665,2644.4628348915203,2674.397021970066,2709.1433373084324,2725.216055244272,2724.9631061699256,2755.809024465319,2748.6859083663517,2775.888761710765,2765.277038255005,2810.6642803557856,2814.6360460938554,2857.203511351533,2872.3992798358663,2895.5554025122638,2896.6077735950016,2906.077983258319,2916.935734338469,2912.901312914914,2918.3459022113198,2899.510011248867,2903.383349326777,2908.5613814696535,2921.311378240737,2929.4660783419295,2942.4509665825053,2992.8793816168436,3007.6068334213674,3029.894747827441,3030.9204215341583,3053.0916741279816,3040.8363267629575,3047.303123184375,3025.650890862723,3038.8439295575918,3014.0476515149703,3034.3039835731524,3043.852747574638,3081.9886740860547,3117.8877614776216,3116.5230897024694,3116.2075833864747,3095.3549234430184,3128.5505868392233,3136.950231425662,3109.5035714037977,3109.150769282831,3122.459182779013,3175.752650045572,3186.850570758218,3171.7980689184033,3177.552050267028,3178.0472817485884,3197.879706372144,3204.154374229009,3196.7848422969046,3174.69372560904,3179.0828356553134,3194.328952830557,3234.568684755693,3239.931562289962,3238.789305980588,3243.2860482044894,3253.4466103261643,3287.8466129431345,3324.260335917312
395019,113,"Reno, NV",msa,NV,1320.2356459371847,1334.8281822425456,1345.37129377394,1357.4154365766642,1364.8718496528181,1381.6273943781687,1385.0698451221224,1395.786853806852,1402.1450354961012,1410.1149368635758,1418.072872411142,1422.197125639265,1423.6694234288602,1425.5652330376465,1429.651722795649,1451.862806476489,1477.3623763675778,1491.8774835871918,1501.191119138137,1502.49711816646,1511.335382079531,1511.0951360165197,1509.0387784677891,1507.7846102238818,1512.4573779058392,1522.2722694095862,1545.5429879159074,1570.7984813198257,1599.8571561245776,1623.74461285629,1648.6730387601792,1653.3899309542292,1658.8480378326562,1649.9829083649859,1659.7076562603586,1656.4008258353088,1673.1767972237533,1677.800984569759,1691.8527203237459,1709.8270196052576,1729.516407171087,1759.7018101342906,1771.9175518489274,1781.4100815441213,1767.2389023197277,1771.956080881348,1778.589578727298,1784.9811896922397,1785.7888869105054,1791.4051606522116,1814.98771452878,1829.2389288061877,1848.4940402131679,1863.252732265439,1871.341993089145,1872.6143778015155,1866.9148609254285,1865.5589080229715,1858.878274293148,1860.6340273132791,1860.5612148946402,1871.6840025838546,1882.9028343682062,1887.3833439165924,1892.109589593588,1899.5427677557304,1908.8370995089524,1938.4207175935096,1970.0234672938275,2009.1960349738972,2032.4840182703808,2048.9498100829173,2051.852462745908,2067.5757106108676,2089.0831698053694,2115.4094417874444,2137.0224913140833,2157.2348721002427,2215.1306686386265,2255.8990493164183,2290.1489008772865,2286.363827154353,2277.105761380716,2265.0554577087496,2279.652753225155,2288.0766002547257,2315.2036957193573,2325.7189578109983,2347.083517077066,2353.9465863109685,2362.224500463846,2367.215351249391,2362.487336352961,2356.478314373218,2333.810908167686,2339.0100882391453,2334.7538073496116,2342.5210628832924,2347.0079039206057,2364.744872854609,2391.3266858754346,2402.7468358113297,2416.564197485857,2426.014793538715,2428.2061076459713,2415.896006219833,2404.6767425102253,2394.968596293229,2403.301144584017,2412.4425402637803,2434.446975595393,2440.624736584577,2452.899298558957,2458.0214398190396,2475.3021042002697,2479.1899050577804,2488.5545823953953,2481.9278644228366,2480.717977203214,2468.138716237655,2465.9284520013293,2485.7210594222965,2501.65089479982,2519.030156137769,2516.750825616313,2529.671629952586,2540.67749433251,2546.813457707614,2549.1378448793207,2544.8850039328845,2529.534305630803,2528.9669019877615,2542.043990095242,2581.672350093522,2599.3397502246553,2625.5013460144046,2633.821271197519,2648.0158857975307,2652.0713506970187,2674.2316288737716
394698,114,"Huntsville, AL",msa,AL,943.3895890639777,948.0187422507977,951.6740594205212,957.8683493467996,959.2874161117555,960.7269876671006,959.2252246018928,955.3266206105963,957.2223570955753,959.6063541673616,961.4006684612092,959.021518674141,963.3763281864383,965.1598893623246,971.7067053925017,971.7717034220811,976.738818107626,979.418739358832,984.124636907331,979.6693797604742,981.3207226860585,976.1932338235251,980.1373092686074,982.647199840488,984.7168427289224,991.1113571612858,996.5537295777078,1006.1311660346688,1011.9830307881573,1013.4787892324838,1017.1900594754419,1017.8469619737584,1017.0443832079251,1018.6957759176403,1018.0524353925571,1022.3931158390848,1027.8527763152654,1037.7245787457682,1047.5733032238431,1050.5937545544643,1063.207275346476,1073.90052327095,1082.7183448849812,1082.009675030272,1083.8673571279853,1092.8604199439135,1098.610633848179,1101.2754553630816,1099.4465997037298,1103.8274504498943,1111.0725031799527,1119.780176368974,1127.9191197478162,1138.955200233693,1147.4201866366611,1162.923860976364,1166.8373184031484,1170.637969308896,1171.5602918487812,1181.5041371267182,1203.0108325915,1210.5109241734253,1221.8443657127566,1222.0822186745281,1246.6664877545902,1261.378876684279,1284.1082546713071,1287.9122431716755,1307.8541264263556,1311.9500137685714,1325.592698042106,1324.084242451484,1344.8174342418147,1344.9750756596811,1368.3556673948747,1385.7847409395765,1421.1083389503979,1437.0884184506647,1451.3430347931549,1463.7757765193653,1481.4358618845392,1502.947170559596,1516.3938360986158,1523.8334719221314,1534.0213408229297,1536.311438763463,1551.437331146509,1554.8905403941903,1572.03673546372,1583.334887386614,1592.8269011039592,1608.5926677039,1603.4631119126173,1600.3767709147614,1593.5633706472966,1598.432416372899,1605.4309834048918,1612.371759880587,1620.9720881032404,1631.4655340122272,1643.7780784874656,1656.0612649239113,1666.7540384770787,1669.4551312435344,1681.9068033449569,1678.98366807538,1676.4672260412697,1676.9696335244098,1682.3067053326452,1695.1839487121802,1695.1766679167986,1695.8403809872539,1696.6778275969332,1699.5149338841363,1711.7778480539341,1718.611958633064,1721.7377091168787,1719.2003250501891,1716.3292641604235,1717.4215800353115,1719.9545313936524,1726.5106151596408,1730.8709897004462,1735.0996553056707,1737.597510803932,1737.5221061868615,1741.0926036471815,1739.2288639760664,1745.5145190568192,1747.1575117387667,1751.8113385387878,1747.8668512886534,1747.0786441516727,1755.931019736222,1760.504629830687,1772.0938972055283,1775.1788189381746,1787.5267186475803,1791.6483414395643,1789.3667847125791
394995,115,"Port St. Lucie, FL",msa,FL,1226.212236799267,1232.9777840254285,1242.8280844832989,1253.791649320426,1265.109707567564,1269.600944980741,1276.1448099079016,1280.2115616790093,1290.661357508554,1298.581401133928,1312.404149851333,1315.950844343443,1322.2026679239723,1325.697440607022,1332.2291953243912,1341.0478909597623,1351.1504391520316,1360.1849073470005,1363.8454585114978,1365.266058098014,1361.1771120036676,1360.5461701927352,1359.7562368450015,1368.588200304582,1381.7561809359672,1395.7178103875026,1406.1753457340415,1417.8003728244246,1430.3628201105316,1445.3109025974234,1451.9090184696088,1453.525543128303,1448.5520265169334,1449.4924183070025,1458.4316840299307,1475.3482002566261,1491.4541457692085,1499.4965784660226,1506.3011490521728,1508.1752215997737,1512.6622605649966,1517.41215936883,1524.7903755963061,1531.78809665792,1524.4743976800548,1513.6988218911597,1531.2628201724237,1554.6207494777634,1567.5395861511686,1565.5204902109099,1571.0331516037113,1585.16814119927,1588.3773533873493,1592.1063218315517,1596.0120826529062,1597.9904627642509,1602.3625163394604,1609.7772038007495,1612.9309348087659,1613.2368858836708,1601.8749504026007,1607.6007425685186,1618.6077980302443,1630.5214049226267,1637.9345018115705,1643.7601692599878,1670.4489944167387,1690.7821450189592,1712.7070580928537,1725.2280362042866,1750.361601849623,1763.528755642384,1806.3645592491762,1839.070539842232,1860.275540399524,1848.65517335507,1850.6113687441423,1900.0602274952262,1954.7723721587165,2023.520343974697,2023.799685217134,2050.0469892105466,2125.3750752082697,2214.5887867238,2327.3533206351544,2315.498309465008,2330.4279174472904,2311.337061861439,2332.6448988355264,2362.392395899769,2381.5241019359096,2405.5749889383624,2429.119428984841,2435.7462877258713,2416.196512875113,2405.9680373765714,2405.9839524652093,2429.2945594738953,2435.4667818554703,2442.8640068337054,2454.8420919505597,2472.821882514956,2497.155851833733,2517.39368981016,2537.2480678112443,2527.031610139586,2513.1591863346575,2509.113132321531,2517.7075057152565,2522.9150898804455,2525.9970453992014,2527.884262106631,2538.541265701576,2541.910680347694,2544.6934708257663,2546.8298336158637,2546.4552875420295,2546.42159999971,2558.1194195947073,2554.26465454696,2572.3774806373194,2572.3274982902954,2584.83082866079,2576.861884807334,2575.1204717361093,2587.2062207859053,2597.9323935093566,2607.8831518407374,2617.3669836421673,2605.052827163664,2608.1157790468205,2582.52251683303,2595.9952074608623,2590.2537363120064,2608.6844070662946,2611.973727034203,2635.630120514693,2662.4318369942935,2683.9386459083103,2680.6560656764063
394761,116,"Lafayette, LA",msa,LA,,,,,,,,,,,,,,,,,1174.6086249729049,1174.1984593181292,1173.7759840820524,1164.306464231415,1162.4039979602483,1153.2470473784706,1164.9580784047164,1155.1088650776026,1169.0457770491878,1167.9929839878275,1193.6487110522392,1188.8444145087362,1198.999698568204,1199.2012510322613,1203.5786299172407,1191.1165613800501,1191.161568060441,1181.8184267665192,1177.1207732143725,1170.1830296770254,1174.5355059106648,1188.5238332716954,1186.4583118585392,1190.6646500779527,1186.1557220992531,1200.7272274336115,1206.3194506826956,1213.960182545022,1204.2945980055629,1200.3443572100973,1191.6017173494793,1193.8776094230386,1188.577117364555,1192.9684352897143,1198.3662946577165,1209.6270704798026,1223.6584384123857,1228.5304425609268,1227.6559055648033,1217.7316192886817,1209.2624597286936,1213.1566040933087,1213.7356182954252,1211.6785927959843,1206.5012483584428,1206.3557854925732,1216.8887154540637,1219.0061342065515,1238.8694387628868,1240.5248453340957,1253.8516620282992,1254.9980771219402,1278.8125236029055,1293.3157872489949,1294.1568369407744,1287.0660887318552,1291.5073502519924,1292.6011552428588,1307.3092922847252,1308.0011099796066,1331.4620165447257,1340.9926487364312,1362.1849228885076,1371.6444684866167,1384.1884688667685,1378.7408306951081,1393.3997828411311,1388.7956536153883,1413.5325336533826,1413.3955002808684,1433.540182079846,1430.4514908239557,1445.5918648319928,1451.0561762300108,1462.1433527050851,1461.7669963751482,1454.2579723210051,1460.4425566823327,1456.4167013186357,1467.218701782836,1467.8489016558844,1469.1908379449067,1480.2840532863797,1484.6747526407846,1491.1256087257686,1494.4622093091593,1499.1519259594568,1514.836194836516,1511.1117878997386,1513.8627202114637,1513.8895022040604,1536.6944039822006,1542.862567691356,1539.4050012244056,1523.587583698858,1527.4955985022727,1539.6931826980833,1560.5913755281185,1563.7825425926571,1572.5711545843533,1566.2657639160932,1568.2247305907633,1559.1022453129367,1555.7018413889048,1552.5092658543983,1565.1675691808675,1570.992943002361,1580.6232811028249,1584.785070469953,1593.8009954011236,1599.1216824329526,1592.4176626428937,1585.2144221625786,1578.0996243890984,1577.514265588333,1578.9726376890308,1586.469069385959,1593.2849083640372,1609.0356584559097,1611.4833110440204,1621.9945401860152,1627.2493672203746,1628.115282628289,1625.2167508417508
394898,117,"Myrtle Beach, SC",msa,SC,1129.183540189882,1127.762705744107,1130.9316692714558,1135.5874028092637,1157.2154916314944,1160.6674953217623,1175.316748372566,1174.4750304977313,1174.1841536156164,1180.9158535564015,1179.2772379720604,1174.7994806701186,1172.5702837158885,1181.7392993617402,1199.8606140305994,1197.5566045156083,1190.1879753752735,1199.375896693595,1211.3703111928703,1222.1787598064757,1221.0200880849873,1223.1859625839309,1223.7129286089264,1222.2245014554562,1229.1082562219124,1239.6398301581648,1247.931529113417,1253.1059831319603,1256.8735655909265,1274.0638259790112,1280.198609359714,1283.149123155884,1276.480689072163,1290.5886280449633,1280.9112115437927,1285.6146348440259,1289.4546083150212,1314.2884464411743,1319.7420085359227,1318.2134551591507,1324.0147584845888,1339.6582576699864,1341.385026072218,1342.5244866162732,1331.4657729784496,1341.9779316608517,1347.7162223504433,1340.3246585407696,1336.6198522549607,1333.0431403140415,1365.9648374579922,1375.1960153544153,1392.2426525284548,1387.8756582447443,1390.890238587501,1395.9190706524548,1396.3858536099651,1399.9019031729968,1394.9993672761034,1400.3643524142371,1409.9537285087727,1423.4823138449747,1432.8205933728952,1430.9714472445355,1428.9764436999699,1433.6083415802102,1443.8243779150603,1445.3476166142655,1451.7410660303767,1442.0793890633672,1463.8580549492076,1472.3783181109195,1493.285332576168,1488.7365373377036,1500.7856944894686,1519.306670802445,1579.6729391670945,1614.6457810372387,1675.2204214619376,1688.3872585285526,1731.9930882952283,1744.596225390505,1749.110595922237,1737.7047054952113,1750.8425766238363,1776.2193086153127,1825.2667599897593,1844.2654304355121,1875.9797786715972,1883.3375782413548,1905.5285907556722,1925.826856768697,1933.4354083217813,1954.0968863043029,1944.5011118260315,1940.5558544144424,1900.2029476452485,1893.7806596531243,1900.8132112215678,1927.9294815668404,1951.2626463018519,1959.2991146530787,1968.2373341075047,1978.9475619156315,1992.8271547954425,2005.0091280791555,1989.442762085796,1970.9868424649248,1965.683115124245,1976.655836903885,2000.5162258963508,2009.185626287291,2017.9395984022763,2025.5022558788514,2030.3706719142579,2036.1967437389994,2035.3768370401085,2026.4897858976894,2022.7074798010242,2011.2410173186852,2013.554262316861,2014.524074081906,2020.873286177117,2029.976322542047,2031.1524211009114,2041.8662463201472,2040.6642055115612,2039.0133882122368,2043.2159437206008,2044.5513427590822,2033.2662736838984,2026.710365988197,2030.5103500588052,2054.608436646589,2066.0662545633722,2081.8294352409202,2084.8992375326616,2080.2150922759397,2081.853959967685,2089.3183550750564
395116,118,"Springfield, MO",msa,MO,752.925632696371,755.2108981025513,758.222497170101,761.4164624063767,767.3289460177127,767.3093790446591,773.153262134277,773.7383702122179,780.2914814890574,777.5835343477438,771.789615607066,765.9195491568396,765.6342169305518,773.521481797123,779.183898301573,783.4069950953673,788.6126112954561,793.0864823326552,801.451678721866,801.1089071327726,801.3996405397565,800.2871861762724,799.6108655812568,802.0101908352767,800.6959215631485,807.9351821471706,811.3824889080759,814.5983708906716,816.6767824887996,819.6790516083546,826.7355666307097,828.5839457207167,829.4593186800577,823.518153714007,824.4246216965926,807.1533823085952,803.4934648636344,810.235314138091,834.1845364097551,851.2446584846414,848.7462804726202,855.9104593636727,859.1099714621851,866.5345677522619,866.1389918302857,869.4678157288366,865.5136394239695,857.7015466213139,858.2829871103535,868.3982032169594,884.907399085997,893.6354018722441,904.2918218354774,912.8830345225749,919.938584326167,920.1143596755295,919.3270169637,918.2655289274633,918.4626823928156,917.8521385986703,919.5149965668298,927.239929517098,938.7427896497771,943.639307629301,946.57474954978,956.751149522436,971.0326938338092,980.0681876631847,973.8004540304285,974.1963843090242,977.8630447101357,988.8656706467743,1003.6692597443349,1019.6263362033903,1040.0476788456563,1046.6437850723867,1069.14913784112,1098.142475030717,1132.4261466626385,1139.9987103999708,1132.811740274962,1132.05159559303,1137.1418281484434,1151.031725966681,1160.885693100979,1172.250334117829,1185.1048831292414,1208.9778331195396,1231.0384559971194,1248.488483812572,1248.762611695798,1251.6223916414315,1248.1761645324302,1241.8235514951668,1238.961767115767,1242.20219526099,1246.1462845653318,1250.6599946941037,1258.286041868632,1267.0727898687408,1278.6469350217958,1286.4065936449122,1299.9978850633415,1300.9924426988077,1300.9790511145593,1295.8093120746228,1288.377979718335,1279.194646702165,1281.4102145780332,1294.0532654347242,1309.7043241634917,1318.67930208432,1327.5236912312428,1335.2484937391262,1338.1375515791788,1339.64084555193,1340.6783764006123,1341.2954511510338,1337.689227463599,1335.2330428852747,1340.7300704657935,1354.065529699539,1366.3590793432884,1379.4999502033447,1391.2772164593587,1397.3623836213137,1399.7886290068186,1395.662238851337,1397.553169950901,1399.727603624356,1403.9528528862058,1406.8696161184448,1405.7004072332718,1412.217789633276,1425.118577491292,1433.4026545860345,1441.0353242440128,1441.4481839519494,1451.4711911842046,1455.9680555555558
395195,119,"Visalia, CA",msa,CA,,,,,,,,,,,,,,,,,,,,,,,,,,,,,,,,,,,,,,,,,,,,,,,,,,,,,,,,,,,,,,,,,,,,,,,,,,,,,,,,,,,,,,,,,1752.7821708658698,1760.1647616023743,1776.692326823,1794.3923561139777,1813.2191659082978,1808.2935505369535,1789.0478561654024,1783.6077829694261,1796.0279535678492,1797.2293753113945,1804.6483318302892,1816.9373918200185,1825.7581128562995,1814.3592230099146,1809.6906125799528,1811.8229793384935,1828.8410109628555,1834.5720322702136,1846.3767105648922,1841.9423498120325,1851.9315222991615,1860.629608926131,1858.2688996155966,1867.2015284007111,1868.861998366054,1902.100887487223,1902.233983770962,1911.2116703994782,1892.911300695579,1904.4815578893028,1905.3944838599718,1921.0990084831908,1918.4355223099158,1926.4478821776086,1934.0958828653888,1942.5637812942468,1951.5369739725718,1953.725039772677,1963.4325420531256,1986.8317308024175,1994.5991370862469,1984.0497138221451,1948.5240315062867,1946.841767312015,1956.241815131216,1980.6452783552904,1987.8661440377,1991.2132125227874,2000.4819592702702,2005.8696921997646,2023.5786637373008,2026.7968944099377
394746,120,"Killeen, TX",msa,TX,975.1023818449405,975.6356224479551,979.5828348427071,981.0787559083444,984.834832012095,986.4061318865913,987.6186882851446,987.5347691670297,985.8829620827796,983.3901730689096,983.4235085660839,982.6827665470616,986.3370132169233,988.4706527015122,989.8854544520931,987.0437627996718,988.4144288641272,992.1659570900568,997.9147224791717,998.8730003550328,998.7083631539847,995.248556035826,994.1453520660116,996.9330106719973,999.4082736158327,1003.4222480868572,1005.9489965229288,1010.28751784286,1012.0204580941565,1013.8108680112865,1014.9608925365837,1013.8963275855338,1012.6704599791483,1013.780295605657,1017.1972980561316,1020.767620725354,1021.0298393751978,1020.7261899529635,1023.9098268272659,1031.835948076784,1039.426955879665,1043.2817299795395,1040.2837320552244,1039.1748828303857,1038.6891690501373,1040.3967107795659,1044.6347886701935,1047.6652310215575,1052.5451271882473,1055.7831622881747,1061.8253013850792,1071.7296552597918,1082.9345464348064,1091.3685072457995,1093.7680618207369,1093.1355938199022,1092.6283118821168,1092.8049257585371,1092.6835243957994,1092.169412308319,1098.2397124417478,1106.4504540156802,1113.0720102886141,1124.130547569034,1134.1770745963681,1148.1460121043867,1161.7335137550397,1177.1653823743518,1193.8295530119249,1203.1518487647802,1208.7106280062712,1214.3247103362362,1213.4520733042052,1233.4828215927694,1244.8701866235617,,1311.0686030603176,1350.3747233868366,1372.636161172186,1395.8636883939569,1420.26457015094,1441.328344507112,1456.7217121048513,1472.2336392956302,1475.5743392727052,1486.72397665248,1490.2801915342363,1508.5120589736166,1522.4025847671437,1538.7390427512096,1548.1369178604914,1556.1963510702644,1551.9285744259032,1540.8758217347142,1534.8463329323185,1534.0523932770243,1533.9352551927327,1529.2243793672992,1528.916517223324,1538.5791680105915,1547.8001624162268,1559.7514082903954,1560.6068797540809,1563.6112648818919,1560.0307177913658,1559.7730972404722,1550.303599668944,1540.9316609792236,1537.0095729661923,1541.1643573890774,1551.9549168673993,1562.2127420522452,1567.7470141584006,1570.7220996263702,1570.1240298432265,1569.4561389825851,1567.0075681043384,1564.5006129737803,1565.0737606511912,1567.9580253353367,1571.7477358227848,1576.6256197143578,1582.9046822891296,1585.4930221051286,1589.9847950534445,1589.0700222672456,1588.502560847718,1590.088966112336,1592.1733258043685,1589.4307438432068,1587.3601886662086,1582.625686652727,1584.575402797654,1581.2666868986998,1583.357361324056,1592.1888316956645,1596.5063243879679,1594.7205583794846,1587.8099666561143,1589.2200786842513
394338,121,"Asheville, NC",msa,NC,1103.3699379948887,1102.2732702526307,1124.1963508851181,1133.7843348242964,1153.3984384854582,1158.7332829751044,1175.9067954496065,1194.7826997921015,1196.557364158139,1185.694176907452,1172.0404493661808,1179.8256302908937,1184.891800748979,1182.4522086474392,1181.1414800522502,1194.8379964005665,1216.5349813384137,1235.9291829588135,1244.3627057873643,1250.5218840854925,1246.9737612623815,1249.2127439559615,1252.9930170201371,1243.8701881579084,1240.2169024591453,1234.2683418124689,1259.0155571609168,1267.9259909048612,1289.4118837758574,1295.2698081077187,1300.0653238590826,1308.5551231287748,1309.445690866237,1324.224866294639,1320.4586402427258,1329.5053835340755,1325.4241346279252,1328.5961971916909,1339.0905363462705,1344.6778157381923,1358.7797499241537,1361.3829467649327,1368.4018496796873,1370.796990597299,1381.6157308410293,1395.375688534064,1409.5281716695733,1407.1887873438639,1411.247061578509,1403.2399356471078,1402.1600391736156,1402.33682512329,1418.4932278904791,1436.2325549317864,1438.2481694210915,1450.8800822758367,1451.1566278269688,1449.0023586515983,1445.355594035915,1454.1582102465525,1453.647354925361,1454.3015497979363,1446.9826458509592,1455.0270186484026,1452.7465366342997,1462.2438534225741,1477.5748216334557,1499.7129713159206,1527.1980974847206,1542.5202206991055,1549.9173432634586,1543.2822526637385,1557.8217788367567,1579.5371806025726,1601.4577366623864,1628.7052474016855,1635.3711616279318,1673.1101788332971,1693.661130688923,1734.3615692958026,1755.3267972669723,1784.5237084264888,1807.0330281617626,1818.0479612267434,1826.8780125476167,1821.6111329120683,1837.285201330543,1874.1690690343453,1929.3370197431757,1948.0196856091825,1946.3549267576486,1939.30946249591,1954.2180453859746,1980.6661740667407,1997.4067890791296,2003.256537943457,2010.2721257114245,2000.7384792592711,2017.1165716548185,2019.4777499583806,2041.5864873958517,2057.3906591498708,2058.493308396112,2058.6119459820393,2064.60113989545,2077.8701328702728,2089.313868599046,2081.7240799359515,2074.0658625319916,2069.704525487064,2078.3863341917804,2092.6027395684537,2119.03115135779,2129.845182165893,2142.7583698518274,2144.6069090921264,2149.4616338985184,2149.1091786329275,2145.3604823555793,2128.070739465481,2115.2326547602415,2109.758463493806,2117.9238612395648,2117.3862393280965,2124.5760748045673,2117.5606079546883,2129.44772696436,2129.9039362627354,2145.1418572736056,2146.0926288548662,2135.7870325154395,2130.9253779080605,2118.2478698527507,2121.4282397908264,2128.805236412284,2158.1677416357584,2188.140700975146,2201.7798253086703,2196.0592139094297,2189.0628475270705
395244,122,"York, PA",msa,PA,951.0041158918405,959.6090124217052,962.1441671935967,963.5611983298031,967.3947315335214,973.0228104662059,976.0605849048724,976.4178752717615,970.9039705520005,973.1413666084385,969.0844617055351,965.8677960975904,962.8938632252971,962.9464155151942,967.4657782501706,977.5750659096624,989.1562921643972,992.5003769457852,991.4583803658988,981.7795421192823,983.8458912060352,985.0927918683756,990.2718854581432,987.3368548715833,988.5134367408098,986.5547312871075,996.1842451976001,1001.0916302372322,1011.7473547523559,1016.9954997538516,1018.4686492839029,1019.6909062406136,1026.409348944754,1028.5406217059242,1028.909211824194,1020.8284925370787,1014.3426859869282,1020.9117022815135,1034.579865476904,1051.2970686966999,1055.575974334538,1044.0318929265657,1051.8591554821055,1060.039163584078,1075.8867899522108,1069.8015135801768,1070.3983528812198,1077.8044303198951,1084.6025787608971,1088.4039055733222,1091.1883533477874,1098.9628902417903,1108.6016924682533,1115.7467466408093,1122.6516527822716,1113.0799044209832,1105.823159319769,1094.0196932225474,1100.354139325522,1105.1668571516536,1116.8731580362137,1134.9824578596288,1140.7600980246864,1151.9676198845755,1149.2075152989619,1167.6885284740933,1173.7743542990895,1167.1317176059624,1157.6894226529157,1162.9012734217042,1179.7378764912894,1189.1356302606941,1201.4081887163718,1215.3290996341366,1216.4968708676029,1225.3326481061742,1241.295965285701,1265.496742136275,1270.88526077641,1265.1783659083565,1277.0238328504686,1282.469201289461,1297.504420116129,1312.399628905196,1332.9715233723048,1337.3417341810489,1338.8149597283864,1342.4877922149335,1375.8065166867225,1394.2730637912316,1390.931464774099,1371.0485002036953,1378.7427513098708,1387.2426872808587,1409.60176200821,1416.78730796788,1429.3457310161514,1426.5003490876325,1426.5011804158144,1449.3723191310046,1462.015395158386,1473.4064858523493,1464.9898160343337,1480.8133773670384,1475.0474622016777,1484.7054916103018,1489.1527455072912,1492.576596197031,1494.9684457576711,1494.9042638258263,1509.5904284215082,1524.8766812120937,1524.8151910171828,1539.2198701484,1541.6983345243223,1541.841032126825,1543.350535203592,1556.0345353767923,1553.2870147701653,1555.9454374772401,1550.7636403447034,1583.5248255945723,1588.594720954153,1600.9852549948162,1612.2888471152726,1623.773639279768,1627.7474492012275,1619.12551102423,1606.2035037301034,1600.2263174972554,1602.5216148374961,1619.9131480040319,1649.594068349184,1663.371480659698,1671.1758615705967,1666.4365758703825,1676.0661305594513,1669.8256797944573,1655.7600371787807,1649.1513409961683
395183,123,"Vallejo, CA",msa,CA,1706.369415371008,1713.8062741330848,1726.9618805977443,1740.8955524707706,1750.9311394171648,1769.4029961249735,1782.5892130998052,1787.066332276939,1800.8537872165136,1817.4578219840746,1827.1867162370186,1832.2085120321096,1830.303521850905,1834.1693759468021,1851.5239666617206,1874.8298494819596,1892.5249586410694,1901.2825780071823,1903.2630913752605,1918.6233696127056,1923.5855656637686,1921.3433260829886,1927.9402372579916,1933.9639034148581,1964.1219254516484,1969.316077051736,1983.0830944631446,1985.766345212132,2020.933244806209,2038.2521326146482,2066.4964364883203,2066.7561017648645,2083.796088879962,2080.6094699292626,2088.580043204146,2088.8064555688993,2091.4540527563304,2108.705633033485,2121.8016467192524,2146.55156425334,2150.8886995572957,2161.5194606158725,2173.0999701576807,2179.3312084716354,2193.858443286099,2181.2118755917663,2193.2462607220145,2197.0219591285595,2205.6493687778748,2223.4413328129494,2239.946021095315,2273.737972427419,2278.816135906938,2290.866196585099,2297.8069857105706,2305.974113998445,2310.1188785715303,2316.2952692342164,2317.708607905606,2314.7646895437438,2304.3089131806687,2322.50414446021,2335.1479132251447,2350.7317477452657,2354.469859955949,2355.590667272327,2366.580975069352,2381.4905060692213,2395.438937945695,2411.8472583957123,2430.3161421989234,2462.106037445407,2497.6251671137725,2509.651319649537,2505.870321019724,2493.027839727149,2503.7363057700163,2535.059012701627,2581.7208024187003,2614.060320923493,2633.4614718198895,2644.2834470476346,2654.7412375114523,2680.4405444309173,2687.519170919334,2705.721342287339,2715.4599527640917,2748.6144652265198,2758.6229731766057,2766.2326937798516,2776.1654160931894,2791.245086157966,2809.0888238208613,2800.247541567221,2780.6859144940145,2763.3234825938002,2754.6008083056286,2776.9505978563025,2793.475044363152,2808.416930198165,2805.6837116107477,2802.84892645175,2819.191233149921,2845.0351605696733,2852.353162950312,2863.0116800176784,2855.3199580510573,2865.527652260347,2850.120416384674,2851.473498232629,2867.069178593936,2891.273562324328,2913.1213293359283,2918.037271327175,2935.5114683697125,2932.7319046894877,2948.1591773078753,2943.4461343265284,2949.251509637367,2937.5022988566875,2943.5624058194676,2956.1662182128916,2978.17521154704,2978.3052213500264,2962.5013073148716,2974.4200297695725,2980.685807102561,3000.378598300272,3002.6520951523053,3000.4925385590827,3007.6329768010924,2996.1670193349987,2998.507327327024,2992.4514329247195,3021.83882813713,3022.404198759737,3036.202222439407,3012.5878200437414,3038.7368989225974,3045.650223850224
753917,124,"Santa Maria, CA",msa,CA,,2061.169381824395,2119.882509015324,2154.940645576528,2226.762013750153,2238.376514571064,2232.9353925094133,2232.676421440941,2222.5705966327414,2199.474445740479,2216.5342699152716,2216.1665606111715,2240.353935508795,2251.738107834779,2331.1564247694437,2375.778767518061,2378.356401810862,2355.4913510357774,2356.6023932702606,2328.256241394113,2352.6947431834715,2347.3160674190112,2391.037903712305,2358.8109538088115,2378.080574771238,2371.461217000424,2443.9542576968734,2480.4036679122123,2514.4913735233026,2472.8298227741593,2450.3817179737,2434.6912557589962,2478.241354579533,2514.178803955549,2536.815970250702,2516.516592276138,2504.366030718943,2559.1557719554226,2589.165659344504,2598.97040387202,2594.1145313631537,2605.9213516279437,2640.3446436829017,2611.2001861830454,2594.119982609809,2589.0240913683306,2605.4198932305317,2626.411877616701,2671.0902094614107,2668.280855589569,2647.1334534720213,2660.0964668204483,2716.381560983733,2794.1251214148697,2764.3578467905536,2762.858119497549,2759.2349487536007,2786.34296133174,2783.3445226798635,2801.2215107805064,2805.19387242547,2843.2941555012594,2829.0626002602357,2814.5084084775003,2839.5941698176516,2884.5002192937554,2993.334402408715,2968.7433307392785,3005.8311375190624,3005.2794345441453,3094.701113978276,3121.4579292855424,3153.721400496552,3191.502426845282,3226.3397831539733,3278.4029829762476,3303.8261366046254,3339.7341255206447,3386.303691480419,3499.905022872952,3584.2063955914714,3585.1133829639316,3626.4295227267876,3701.8056648065635,3808.618521124573,3832.0796691758974,3907.6680591788354,4012.1134015222515,4036.538894546736,4044.362433719725,3987.874761074048,4053.198398076805,4059.6844980551364,4132.827386956492,4080.2623457517066,4073.130231954482,4116.425073019221,4163.470235027901,4204.0507501381735,4138.774446398917,4155.131993646011,4129.358747112478,4181.993363359817,4217.843363999597,4264.621293731896,4253.391673171029,4232.375577640098,4189.561005613459,4173.758719483173,4171.699785615993,4184.562055272702,4243.29642735935,4286.063901975061,4313.393446165426,4316.336530540854,4310.484846936805,4344.043551266757,4359.927349711095,4392.681574944598,4390.966105227691,4464.1437770319435,4496.381951925041,4571.866452215622,4513.466983401238,4559.88686838934,4543.9104256760065,4564.133058413191,4545.90506422312,4548.92752293297,4483.421183328816,4508.862582883159,4483.902751612636,4586.561287539404,4586.53321237609,4745.648769349251,4760.136843000099,4794.423769728865,4705.834148687573,4750.199834256948,4790.532377344877
395050,125,"Salinas, CA",msa,CA,2056.2132134865556,2039.7861312331943,2042.3955556559808,2035.2182128407535,2023.2054697465499,2023.7364455900756,2021.2942030215954,2058.9695574165994,2062.472695678866,2098.9539790875674,2118.440150687094,2196.886557992132,2241.2787769204338,2246.0276795019795,2222.3097404140526,2215.8461402948715,2257.201955742167,2292.083277636599,2328.7721303096146,2299.9145579741207,2277.6471364802633,2268.0140732951663,2261.952651419454,2264.670537306578,2299.5452487696953,2322.4541481437127,2387.1637051326543,2358.970918283848,2392.988582278914,2390.7066848183777,2415.77843457541,2430.4275792311373,2438.069400548413,2458.7404761500757,2468.8095763288193,2476.0668714440303,2473.8296824160516,2494.209132533976,2516.000978944897,2549.2175260622244,2567.0745563183414,2579.770187741077,2608.9757454195646,2607.477788126982,2629.647175346924,2626.2456394141996,2640.3440489616432,2638.745318835484,2616.9008014638925,2620.149217230441,2588.8916712869163,2622.0999269825697,2663.6337495288362,2712.4481012625565,2763.8935135041006,2767.5360105336126,2780.2353269793866,2736.360434215856,2709.7400239865196,2733.6632193961923,2753.8818127933514,2796.3589923692057,2781.5974190902507,2814.1950042076046,2803.8476667648197,2823.4113770487684,2831.234139912895,2852.9248579362115,2879.293720543169,2906.297639849414,2901.277987422767,2934.043528265761,2908.9432202299563,2953.1415236690236,2932.814980300932,2965.976254739244,3007.923293791775,3041.749263153429,3103.620238310441,3119.7196304795734,3173.6207093679013,3170.1449941941914,3181.9939004360604,3200.0897879986437,3192.541166060225,3178.57455896127,3150.367686379306,3191.9348713939894,3265.080632479994,3328.776531742619,3334.7816074057396,3345.787092071188,3360.914978963531,3404.828307595411,3441.4094632139327,3435.912330365547,3440.9366088571105,3444.1912491116614,3459.9521102631757,3459.8254436133134,3467.167609494487,3498.8888175184798,3557.0643599849536,3576.923742866421,3616.8399932876932,3578.7773900225943,3538.30637121767,3531.642629932339,3551.6125620773146,3610.119739222119,3625.469548868739,3658.604831153363,3693.8173606950895,3685.851689409087,3719.569669197566,3723.1299888714216,3773.79902303639,3768.5867662936503,3810.090506729492,3802.3643723287823,3903.2722078141787,3918.777393735094,3967.414255426859,3929.187244777366,3934.5543406459014,3920.2568372972414,3929.3669337238707,3888.338180675822,3893.8955241661984,3873.417877487758,3919.328662415841,3926.25831382241,3942.408638022284,3922.318074484637,3916.970554340825,4139.601617975372,4202.688439366336,4315.725994449218,4199.7972198953785,4226.727936507937
395048,126,"Salem, OR",msa,OR,1143.725015581003,1149.4307313816084,1177.2450108128905,1195.190440626477,1206.8625237318904,1215.41168978111,1233.8796389274391,1255.3395010549589,1266.0547992288693,1272.5410221304123,1269.950574524302,1267.6851923877086,1261.0481543279034,1278.2786737844347,1292.8225259504106,1320.0193111794244,1336.6795690965184,1352.6217154567487,1361.94268536035,1371.0351308736572,1382.671922197728,1392.0390129506304,1383.5412546895686,1368.3643979839412,1363.5562629821873,1383.391162018072,1407.7604125182283,1437.2622638494506,1446.088976539266,1465.1070257740619,1473.3435661885158,1485.1001588261138,1494.1063856665794,1468.3528318541973,1462.9687646173331,1457.0107277387115,1480.6458883898506,1488.0121397295068,1494.713728632068,1507.9015602569448,1518.6143259979356,1531.1044696379597,1543.6411320199036,1558.9530538504287,1566.6328542873582,1562.9264392724056,1560.0027127706244,1550.5136048425907,1555.5563192300547,1554.861737779948,1573.3456255332314,1572.4104782977304,1591.9173483609954,1599.5301799027372,1611.4026416288111,1605.566948998839,1634.8287032907574,1636.8795097684763,1637.3776852894332,1599.6090363815688,1608.5268607295855,1620.491968450446,1646.0520942750577,1657.445248605724,1665.2920006562606,1686.5215101981273,1700.9059036756003,1717.7807027645124,1728.1421428908106,1736.688231190296,1768.6437270425797,1764.350020489347,1757.427198821622,1772.9913866366612,1791.612263205256,1819.5235784933755,1812.6495878810895,1839.3391983117665,1872.3334006892735,1901.1700820622007,1921.8223168434613,1948.1134130770645,1981.1023981040826,1987.2265185173412,1970.1145948338267,1961.799471445052,1984.7298784286008,2019.5045645893435,2047.7897886077608,2063.6008147116427,2085.104380378171,2090.9367924821927,2103.3651505522134,2106.214086862104,2102.345594334992,2093.9028435641003,2111.3813533536827,2126.472568149371,2134.4701123510995,2134.5573109768475,2137.251792165818,2158.612918517903,2175.691460198543,2187.9163426831574,2222.333070573699,2216.375390897192,2205.6221538145924,2178.7777343038474,2173.8621724314953,2185.666182904601,2194.651775576853,2200.2319138709136,2222.204965366673,2231.7754940095847,2258.1865083712923,2262.8686484106047,2269.9825920994626,2261.7249538801543,2266.5187090272675,2243.76185000264,2263.4147988666077,2250.1944515207797,2277.756780594422,2282.971940809882,2311.168696476957,2320.168904313873,2311.2844073421243,2297.084399675952,2302.452034362083,2297.8834864549567,2307.4073794826163,2296.257798866598,2305.302439456299,2310.268783033236,2318.5003568777406,2321.610225597899,2324.282092435695,2332.399935010655,2341.566153444473,2342.519493538774
394870,127,"Mobile, AL",msa,AL,838.9830725681019,842.7700538620637,841.4320273375255,843.7109422503186,848.3491293044978,853.896140474732,849.458435704348,854.6610467253157,855.115465615519,856.112031152986,852.1819158912035,853.051179161355,859.6128750019745,862.3860739882604,865.6024398569144,868.3493326720712,870.6076209755819,870.6737142791818,869.8884112056851,876.587780373242,877.1172986092149,877.0603082359991,877.8697416921647,881.3301317678294,885.9396004527831,888.0862654417565,895.097509530405,903.1563328324501,905.1605222775737,903.517453938463,905.1773861705061,906.2233965702409,910.5979876209566,908.5619555555951,905.2926577322548,907.0190404970459,907.4466856676462,916.9165445020428,914.6350558792042,918.9681996035847,921.7038482951392,931.8873209229918,934.1599949384139,934.6235932758177,931.6080649399365,931.7181320341225,936.485153271457,940.1494118279109,947.7921913827755,945.7965022975192,947.6568568520272,952.7957818776352,959.5459674657251,964.025224829407,964.2668102149149,966.9113797455802,963.8361745598899,967.9658204082051,971.9048510446177,977.838926879627,972.2658288448471,966.6140236310099,973.7027720306284,983.020686765676,996.9023370439073,1001.2659684372894,1009.02709765529,1010.3981365265616,1013.6477360823955,1013.306891063991,1020.6476592674153,1034.5153004815118,1044.4289270469828,1061.7699806941664,1074.4315462391512,1099.47269306731,1105.3890717679271,1119.6287313266323,1127.2570031944892,1157.6478199523187,1164.2301200697516,1180.9173216723593,1169.8388951029046,1189.0268896006512,1191.5425092972935,1205.826566607824,1203.3137817897248,1208.8913647289673,1224.665662553608,1234.6047301082172,1259.6672255018552,1273.8441721581084,1292.623423517074,1312.3114506162165,1316.9626009809292,1310.3662470017387,1307.6968070596836,1339.107650353211,1358.7469460483464,1361.1816513578365,1351.11269127044,1368.7361747290154,1373.5130967889568,1379.4645631755682,1397.0279925305124,1424.0789966914956,1429.3750216044311,1424.3620649351658,1410.0033048922658,1419.4309400913037,1428.2174827798806,1446.6737774907776,1451.8649731577189,1453.8805894388672,1452.6344441218712,1457.922584156957,1455.305644626075,1451.5481921774601,1449.811937691201,1468.6762705025203,1480.713565066616,1489.2981926869545,1478.5515264027001,1481.2533496051858,1490.9064579294109,1489.2446833556983,1491.83125581051,1489.225782814707,1505.1554214037353,1512.763461210709,1506.0419014793308,1526.9010543066559,1529.9148466624547,1545.9410305631104,1533.3934178499426,1543.357721951449,1544.444755747064,1546.614587457279,1538.039336950392,1539.6428571428569
395015,128,"Reading, PA",msa,PA,,,,,,,,,,,,,,,,,,,,,,,,,,,,,,,,,,,,,,,,,,,,,,,,,,,,,,,,,,,,,,,,,,,,,,,,,,,,,,1268.0294749736067,1308.0088061516062,1311.5381972875725,1316.8809564805551,1308.1355374020222,1316.9194373289001,1321.3211083004026,1315.0822577171248,1350.0987643504761,1381.369499270945,1418.0757483516315,1411.035472195803,1404.3042100651248,1429.4995444388762,1442.7294298163708,1483.729211276109,1489.184230055801,1484.227167083233,1448.156237800956,1462.9958302099922,1481.4046190952665,1541.47474707185,1574.6708977665053,1612.3944291684536,1615.0418659619847,1623.3945470150293,1620.6113249110952,1617.7444738463082,1591.8798435896997,1593.9839173717655,1593.6642425929558,1606.6538179112247,1621.3025594361047,1635.189267531766,1645.6948621621373,1677.5793512760924,1682.826419196484,1689.8719964480563,1679.4176588441198,1680.0687464201899,1675.7501398656127,1681.2516436372491,1700.1263062597754,1715.3733808201375,1715.357542730436,1726.7937519470067,1742.861497698025,1748.3804550497332,1737.7771483386266,1733.0536996406593,1743.9911317113626,1769.074999582439,1765.4663027986378,1744.3242006717755,1749.5093363846756,1758.5553109349667,1795.2693032263858,1786.9056527975165,1808.6772258239444,1809.3960911417594,1810.5921630509529,1820.7733565860594,1833.927777777778
394502,129,"Corpus Christi, TX",msa,TX,1393.4598373239342,1395.0596690076675,1416.6081717512395,1420.3948019638267,1428.3944101527823,1427.3999030614023,1432.092793130558,1430.7026811951014,1421.6575251041907,1422.6753307933052,1419.6403791428118,1419.579977766868,1416.7342646159964,1426.3881136372388,1425.361120730928,1425.66676517809,1423.5732117253137,1427.5027816509912,1435.4769142305672,1433.6662566670677,1435.7921870308146,1436.5376309715343,1437.7742962561108,1426.8820005601149,1409.5033538060402,1412.98865270914,1426.727457443718,1448.9909481183922,1446.767989967392,1458.598875759461,1452.5949733813352,1455.8602985705834,1455.313332727624,1463.8947274411769,1467.3591667889523,1463.5279220669488,1462.553803173132,1465.9618348663857,1479.7621100483507,1494.3902065842694,1505.8265752919726,1511.5713062672016,1506.5131357139394,1504.1808878258776,1500.535264681872,1503.2215454818725,1506.124182052682,1501.091922391966,1496.5777152970913,1499.6989403072428,1505.783458067406,1518.5987582657165,1522.3855531531922,1528.3979107553077,1525.8718206960023,1522.2684887670366,1523.9828029500427,1521.4381941955087,1528.2540231985624,1534.1363226047165,1541.0448349207775,1551.6233270219234,1548.058289428585,1551.7779680874294,1546.7708033170495,1561.387074786998,1570.7802429981175,1592.3339675190687,1599.3330236183,1605.0418426146948,1602.919822218444,1606.3657997427015,1615.5716025361087,1617.41626555105,1624.1070586694304,1643.0871743208627,1677.6383001585903,1710.7080887613827,1726.2966036363896,1734.102430993054,1738.2687616689764,1733.9857867025803,1729.9164384018216,1722.3406747412614,1741.1834489314358,1751.4325831699146,1788.0390559201646,1795.7753101302796,1813.9949055680881,1801.8822941119379,1808.1001484866983,1817.7988862832883,1827.8293148025723,1828.2706045703903,1808.3786735162612,1804.3491035679756,1805.3468672887448,1828.121740770365,1829.5882254207147,1852.318908240728,1856.1313515043964,1868.5983036935324,1855.9268946897432,1858.944087817691,1863.1046636118765,1877.9103499387081,1866.327796087453,1855.9540143745144,1845.173535026328,1857.71926745258,1873.2194461193283,1883.805160323547,1891.9728891549719,1895.1714508801347,1896.3350333324854,1899.6160215050004,1905.7309676843088,1917.653604169767,1919.1423993861074,1915.3057295949525,1906.2499088160519,1911.0909576911597,1921.6296202548554,1937.6694622989085,1947.4349215326786,1933.5423780848291,1937.3453156017777,1936.0087609856816,1968.6829711184123,1969.7003165835213,1966.635984344437,1951.7504623986117,1946.958450452566,1949.4345357305876,1942.9987162373538,1960.5134222681133,1968.375265433187,1988.146759209608,1982.7577508945415,1988.452832674572
394421,130,"Brownsville, TX",msa,TX,,,,,,,,,,,,,,,,,,,,,,,,,,,,,,,,,,,,,,,,,,,,,,,,,,,,,,,,,,,,,,,,,,,,,,,,,,,,,,,,,,,,1397.4708924716008,1448.7002677282856,1431.4140584528554,1442.8433677655303,1451.5280348230112,1482.7337166410841,1501.0600652620508,1501.1693268197187,1501.278908655178,1501.9865348753071,1508.4087186176378,1515.0157739329095,1520.6908819581151,1556.1367459654145,1567.3660625270352,1569.8488014678037,1573.3607551177824,1583.1980471659795,1595.4614825700025,1585.0936395311546,1597.5650720375925,1601.0516298863713,1601.5882308313767,1610.8034717183014,1616.4710331177737,1626.7633036452103,1612.5156765744969,1613.984337841456,1626.0454670068775,1651.5935715245348,1652.3549384305727,1648.134714182369,1631.0631141466479,1634.3551259886576,1660.7947374362004,1671.1798690985222,1675.5322772941595,1662.5246427406362,1673.3838794077562,1681.3461697223177,1690.2285596997522,1685.1625263201217,1695.9263784408386,1708.2767797233375,1718.1434554955554,1701.9367322559715,1698.3047925875528,1710.8550781068707,1747.983786515093,1745.992145155656,1772.1512899085933,1762.5303731652991,1809.607703892776,1805.1646803435826,1820.596752447104,1801.4732646494008,1790.904678362573
394820,131,"Manchester, NH",msa,NH,,,,,,,,,,,,,,,,,,,,,,,,,,,,,,,,,,,,,,,,,,,,,,,,,,,,,,,,,,,,,,,,,,,,,,,,,,,,,,,,,,,,,2236.1510468288693,2268.4283322442934,2270.1820648864937,2367.153172602604,2390.8247684159933,2414.9108138968127,2383.9613867757676,2405.899346763361,2419.2716924060487,2416.8364167862405,2421.4196774123566,2420.7071184138495,2439.869274237237,2438.0647774638483,2483.050286185469,2523.0248570527583,2560.1780826977256,2545.0425928887325,2547.137938548275,2570.1663579337915,2584.560221420501,2600.6977403304777,2578.3167446361776,2573.4961770512987,2569.9021667228717,2592.354320135522,2618.2957927577004,2651.7269688319884,2683.385044933721,2720.716561079903,2736.948180506345,2750.4837854598536,2736.6776507340255,2723.90704294244,2730.807151335994,2754.5399167404075,2766.75654457538,2783.8981276246573,2734.591731142265,2739.0809663354617,2715.696359439523,2784.1935257473065,2824.9099685191372,2852.480886689783,2857.84549590352,2840.0125015283975,2823.5538459856944,2820.265038885663,2787.2823208192435,2728.5712753692246,2711.103700334853,2799.5951902712304,2890.67142819423,2954.4898669273216,2934.3155335346864,2972.9166666666665
394612,132,"Fort Wayne, IN",msa,IN,834.533807891682,830.1428563201619,833.257923896601,840.0740702294886,847.2689832094603,855.6462386622594,855.8870971040752,857.8428455165871,855.7614009621427,853.7386058940348,858.2233572197332,856.1078431522751,855.666918326527,862.1039891409941,864.4763676028447,874.7085318566724,871.2091086429654,879.8981837890882,880.0996887146466,886.3413709356554,889.6308978622789,889.367116462348,884.752235120387,873.6200015078018,873.1628970141252,878.7186081159015,893.8130528974083,900.0051569533242,903.9408935835046,908.7211347742985,917.0184845578531,920.3293850286187,918.1137438415934,915.3588755845943,915.3199348570112,922.8355926738627,931.9509197360137,943.3365798855143,944.8394647720467,947.1005394777792,948.5708901627448,959.4450208334816,963.6878298000328,967.1004085714067,961.8085570592707,963.7433527673725,963.6499704542351,967.0200843251156,966.6043880985259,964.653256566568,970.4477105306147,976.167012062108,993.5288386151456,1001.9855416243252,1011.4154499583291,1012.6893408746605,1018.6900415884385,1018.966222981974,1013.4662745565404,1004.5251877897489,1006.1856593361166,1009.4412204850024,1021.9625172987533,1025.5752575988763,1038.549584473638,1041.6571953987393,1055.8995718468525,1070.611865495534,1088.3175405634777,1089.0745836350832,1078.9876234878154,1061.7491003427451,1067.870602502204,1070.6591536438236,1088.4795064288633,1099.083860723375,1123.8657769769704,1150.7086753577018,1170.180110233255,1191.6752600418943,1198.5681813690271,1213.254339419068,1221.3305861918743,1232.3150763632857,1239.688127082617,1258.5044303997954,1279.0489482288162,1300.9494518859435,1319.980735179121,1334.2522281493357,1336.9052493861034,1335.321552747531,1332.4317979645882,1338.0548754874699,1333.6536552943992,1339.9608014151856,1353.3828864321483,1368.3110939525343,1372.056516652785,1380.4125204747631,1386.3645758667608,1402.4334625585718,1397.5123529728774,1408.5569071466332,1412.5942437295396,1420.880019772162,1415.5925691648329,1412.7270388323682,1419.6941371317878,1426.6734385954283,1432.7392620140579,1442.1646750397972,1452.4247570336352,1469.296182133541,1479.4892634030862,1490.1526285091466,1494.332192670943,1495.016200134469,1498.5475342586165,1501.1089488712898,1500.6156439407075,1493.96233529945,1496.6165912112335,1499.7387526621114,1509.2489463775094,1524.6361157593935,1536.2964266796212,1555.287629973274,1546.530457407004,1551.5561062153945,1543.0784134310807,1544.6165693878854,1535.8596829227124,1552.0765871555636,1570.3274209800072,1595.3020421413921,1593.1767239726703,1601.5892380111377,1601.6826768459307,1605.72383107089
394658,133,"Gulfport, MS",msa,MS,940.4183935738333,936.5434794765532,937.2718663960131,938.9804482328861,945.0168568760133,942.1927907772757,938.1558400060122,946.4726911294099,943.7571243330676,956.441182799624,939.971495702278,954.3851847084371,953.8538153473891,972.1985250420462,964.441126806903,968.7620874900306,970.3457570643361,983.1695066872787,983.1114953862653,982.1242522676564,991.2845325373218,991.2169509299297,990.8910841426804,980.7764712795623,981.5638000525163,982.0974316263123,983.3371388892419,985.1225980003893,991.2848787635869,1000.8444584373049,1014.5158389158895,1012.7604071794435,1012.8952066396026,1002.6855341280376,1008.2498786992935,1006.8599480490086,1009.9940308623193,1017.9363346875219,1022.312566565255,1032.2256353856897,1030.596659222496,1040.48617767063,1044.1474714756514,1050.669061919399,1046.9879865842272,1047.744508096097,1050.5994779667938,1056.7723285185639,1052.9191207495999,1053.3797054509414,1060.918440186836,1072.110237391392,1081.3635318356035,1076.9868319145576,1078.9582569269517,1080.0520623977768,1092.8884095835394,1101.4212392700451,1101.6867855528894,1093.5064674798048,1093.9233747418,1109.2401907355068,1121.6992231258048,1138.4789572660547,1139.74496069132,1143.4785859833428,1149.093043009876,1156.365574796296,1177.1851448125087,1188.4560456487582,1173.481691607584,1184.6887995713666,1195.3361314250128,1225.6927756214964,1215.2920293547859,1221.3477856028921,1231.4155879287364,1252.2131785118095,1257.4940345675416,1292.8639458599696,1315.963712801106,1351.5999917579963,1357.3188869294174,1370.8308175306731,1374.7886600936943,1388.9955818312724,1387.2469856569892,1399.8447522165327,1407.1018469978244,1445.8737332556452,1447.3913766796068,1468.5552076541705,1461.305145760896,1459.4830991746478,1446.8167124932331,1450.4226227955198,1459.2493439476978,1459.588688444982,1460.0322908160142,1483.8066777088127,1510.552608586798,1527.7871260211125,1522.3087959419279,1525.6613593044806,1534.1861558207506,1544.9988183451726,1536.1373995965994,1521.3480349973877,1527.7201145244626,1535.2528271835652,1558.490025332196,1557.668177937373,1575.13893284472,1572.021961545268,1582.1225066712136,1580.1177725520963,1586.5647914588424,1586.660017810813,1592.847554208639,1612.2463756954392,1616.1478908245895,1620.59850173355,1610.9776037629226,1619.075027960798,1626.0724013344627,1641.1941762473466,1651.449530087355,1667.6257762986345,1663.3156913814876,1658.628038024087,1647.5709767994465,1645.8630376578258,1662.4958542003592,1675.0626921168794,1695.1900642477851,1699.657946134567,1704.9693452013148,1701.802409522629,1702.8689448195018,1706.1849206349207
395051,134,"Salisbury, MD",msa,DE,1233.9607542903627,1252.3589972633924,1265.6673147981999,1270.390778431347,1272.3427882552867,1266.271688027036,1259.6860016878557,1250.107988373232,1236.9391964017882,1236.7867975400143,1242.27130295211,1259.8135855015692,1270.9409845757095,1270.5650353779972,1280.5920042341118,1285.6736236154286,1286.8967109329176,1284.3448157547016,1295.5449454746133,1300.7226506849959,1294.6697500772116,1272.4892165658068,1272.3419702702738,1275.4721194962735,1284.976559161139,1289.0247341325523,1298.939429227221,1313.2198159108661,1322.5602860087083,1320.1655481297782,1301.4838210971595,1303.650384231212,1298.2512219547052,1307.3853424525028,1306.5983979598154,1314.1860941563998,1326.7051718551274,1333.1446012820447,1342.1800799329048,1342.9360680058562,1345.5535451021208,1343.9417892841839,1342.3505477896672,1344.530163058261,1345.088276908833,1349.599932231318,1351.9009678736122,1355.7475230441303,1367.0320964191103,1368.3113444891671,1368.7421362473267,1370.5755100754886,1380.6276363247762,1385.6590447393676,1402.7918993842006,1399.6718487299872,1409.5224579823553,1405.7484363139686,1426.1739034515215,1439.983809485592,1444.9539328876901,1448.5831423600275,1459.0303914856547,1461.7719396323168,1461.850502266229,1474.17001429243,1477.7169317353269,1506.135577301553,1489.1112661932168,1498.8590350942168,1477.0613982925056,1491.4316916555376,1488.6560197744561,1501.7288154660246,1518.7125838621535,1607.3926312258438,1652.8366848949324,1730.8917235462006,1680.0522914003354,1721.4874030299748,1681.4025936260816,1736.0041008763196,1723.1476061429792,1745.1594049247428,1728.3577203441905,1762.6635779289395,1794.370967697949,1855.4495479521902,,1896.4825204648566,1877.3407713314818,1881.5267192711322,1886.6653346118721,1900.1736039150123,1898.7109314822176,1922.01700662173,1915.9475792474277,1915.390482980592,1932.840816854998,1982.5340137686298,1978.6413088471165,1983.727505098256,1969.7832363308914,2010.535305407306,2006.142991062836,2001.2928129284273,1965.78967449731,1969.9040159510907,1976.565371384541,2012.3977582763123,2003.8848755849347,2033.4414911088083,2039.7691263118068,2067.862245411482,2076.0656972145507,2082.398621580187,2091.191087314921,2076.0640783131425,2075.165528955147,2082.898932331833,2102.9148063981074,2106.4897693488683,2108.392541680676,2105.1832504074914,2122.8447595757257,2110.7462857708924,2140.4372820295634,2144.322196123681,2168.4595972904485,2152.60970857718,2140.4707946337066,2142.0507107240464,2149.5838337778628,2168.7754812763947,2180.6136624795945,2187.26519902325,2184.9052820959587,2183.12306615985,2193.4975814958107,2229.104938271605
394596,135,"Flint, MI",msa,MI,559.5900015990211,559.571814596618,575.1547906732688,574.9222740129155,572.8235781030518,578.2354937708377,579.0123509895325,593.6300346165945,598.6171142568679,593.2292408678837,590.5682861179712,582.3161407457029,591.4201116652471,590.3560358272351,590.20251897884,591.8403030277773,607.0942853025259,619.4718724806681,617.2697297093604,613.5984675023954,611.5895624144962,613.8716306903447,610.6598788557188,614.3065061676643,621.6708553669729,625.0928669765032,624.6588503448842,627.5713491056553,628.963432284654,630.1056306468533,624.8800657104928,626.8633542771303,633.4439921826338,640.0905663418413,642.0437090302071,637.3237940610035,644.5957282726561,643.148691119532,648.4508088437422,646.6913364200567,655.6166420960534,659.3673948187873,665.4768376047712,662.9800627335812,666.8056560030343,661.4189264329364,662.4489101756021,659.7255144676797,662.1695769568348,661.5742550026666,666.5926963002292,675.7282877137313,688.9954571037495,694.7755738672652,697.8836630016699,701.1799198538583,707.3155072269277,701.5052982617912,696.8695816048644,693.4810798829163,703.2677430991098,694.8482657987882,692.5322932495358,699.1571526221979,715.234129240919,721.181637443112,711.9521317511261,713.3154140622515,727.3614727490805,745.9019593277516,763.8679947740168,763.0388440975071,761.532470799342,769.1594759641918,789.0886958190379,811.9115166939986,819.6485295789893,805.9962441752836,818.1163490665007,822.4516677272351,850.8469446538812,857.1961838908006,865.3978462465902,852.6488844610999,853.0778581547779,852.7457837018545,880.7303614619797,889.9111314751876,905.6957936410396,905.3971726708426,906.4649602338312,911.3613188293341,904.6805403638951,903.8690094085206,904.1140233954411,905.7971053354676,901.4554500310044,894.662398386728,888.320494787819,887.4940413574146,894.7500772233731,910.5007139279603,928.9728262463727,929.8823353348914,938.3116320909422,938.6239740032444,944.5090415857943,946.1957010544309,949.590277231583,956.9593884971255,973.7993055576856,984.7003946338393,1004.4895537557887,1006.4382129674711,1019.3490506502352,1019.2819468393025,1030.67509957814,1021.0217155564761,1028.2556840429795,1026.0397074276805,1027.5264506490641,1025.086154664024,1024.9967970695006,1043.3047523332054,1046.6979708760268,1046.4575699237723,1039.8622655593874,1042.1669873016256,1048.1706653366782,1066.9139779154111,1060.258057416263,1068.7750721861846,1056.472806976996,1063.781064436494,1067.0849001092681,1069.4099285700463,1088.4137025668533,1096.207872480013,1108.3262899047413,1101.4638888888887
394972,136,"Peoria, IL",msa,IL,,,,,,,,,,,,,,,,751.4469017388312,750.8896574575558,744.7291410686908,738.0633173307646,736.9038819555764,747.3194786044828,745.3224192603956,750.2916220913097,730.2515653144926,738.8782299989815,743.8679355758151,747.2231112807036,747.5933344528,751.0732209241315,762.916228625065,762.9425704953985,755.7390584794344,,743.7679890097819,743.0517669261936,754.7156624563072,759.5435221186281,761.6342686424708,753.2912381534591,745.3843587923988,754.5705875476033,758.9341382273217,765.4906375830614,755.6784797666566,756.1285196373626,757.3897695464789,764.3891779391316,777.1939063484573,781.4049214430893,792.1458056362086,787.3006106569375,791.5033969857914,788.0088305261122,799.482526659408,795.5193053429418,797.7449929933705,794.9780648148369,799.3361797402101,796.8242571982639,792.422556033935,796.4191467479238,797.7260931476916,811.7468920346575,811.9005537642508,824.7862682381156,823.3414027582515,830.9534219475554,841.238618666768,843.898303760032,856.9182865878633,853.4789508206812,852.8643340999681,852.7692907861922,840.3288191124237,863.0380580943547,870.7265346182791,900.637034773023,903.1336916943031,906.1033067352334,916.4012096601748,921.1207622682116,934.6041278211455,931.4356676017903,923.2250538077429,912.3256786211404,931.2032743973976,958.7595851877884,968.6827972301747,970.0877291387222,971.7623063482278,1001.4990702482336,1012.9028789676548,1008.8763754661743,995.7794041222346,998.517752048701,1010.948570811678,1034.9381720041386,1028.4594934880533,1050.3479967284838,1048.106369925308,1070.7779289962505,1058.9976780211557,1083.5547568012323,1093.782162001832,1107.476179289289,1103.5566603012448,1109.2085159592307,1126.3164166676988,1135.7951380484976,1151.4222399277255,1160.5993721880066,1172.3829649399772,1173.1244223319354,1169.7625785797404,1170.3628670600774,1161.5448377273374,1168.5911705772903,1162.9719909047594,1171.0358922493972,1172.7922846694796,1180.9788392414468,1196.558558597774,1229.7474922681802,1257.7746335224788,1257.993577781964,1248.7841718694374,1245.8186730484467,1257.2302201314346,1269.3576447661394,1268.6374603877373,1262.4748950304268,1243.330284689077,1261.057527294265,1277.0853697949965,1293.0886197153104,1275.279731456866,1286.4444759574026,1287.3162630206932,1311.5873500105545,1312.2962962962963
394439,137,"Canton, OH",msa,OH,,,729.5540935833699,735.0055100455819,722.6220294640507,721.5377517225146,719.1512012931872,725.6612699096161,728.3992724712805,732.1968547762953,732.0813994718184,732.2087522812116,735.37956759984,733.898699347186,734.774798534978,728.5034790325002,738.8106886166851,741.4345734498155,742.5819000184707,732.7103402815342,734.6608916453036,749.6628075020316,745.29293702114,739.958962961042,732.6794779939585,745.4928482917285,756.9804692696738,763.789372250553,768.6934080656979,772.8875201415132,776.1826234282598,769.5062646425513,769.6616827707307,761.7993872588352,767.5038444337023,770.4905493942846,772.0865110754602,770.0532447025514,773.3004208475727,778.2303703599603,786.2184306189353,784.0054185393243,788.1638902287779,783.6491896743091,784.9770870646718,778.3692413861629,784.8511496042855,790.5796290493075,800.3404159463489,802.577989058909,804.7654754321832,811.957560694952,817.4984121671321,815.5779989103298,813.7486120756122,814.0271867428332,811.6621611110377,812.7978117185656,825.3059310226232,835.7329461350423,842.3158515873126,835.7001074000129,842.0151582467876,847.4270793002879,855.7154422691477,853.5195263073431,862.7076990358702,860.7108729287582,875.6942331330106,875.9273410806563,881.5314825981112,886.3127989327282,896.0974478793604,907.9245670657352,924.076711691609,927.6790010940032,940.1049693512498,937.6416453225245,948.1487220082915,959.9827829698226,969.9532168529805,980.7279404063614,987.0744620422872,991.480628018054,992.2133556439908,996.5441316339396,1014.4075401463808,1032.215039312925,1040.022909346296,1052.616622535929,1067.7790807372912,1081.2364603609142,1085.995153396759,1081.8586835370372,1084.2238994281236,1081.460467324422,1087.7710608013892,1093.1331174989434,1102.430590367727,1115.729159062944,1120.9332376009172,1127.8212706024408,1132.3775516398464,1142.480975353103,1145.0373390110062,1153.0933904841231,1157.5788547399761,1166.1575567480572,1162.1086263543875,1171.0824215751186,1177.8894874604732,1194.6695924069857,1200.5132528050713,1203.131719182182,1208.1166577924332,1208.2442610140433,1209.0661354123183,1199.3957040555033,1213.5982295184274,1209.9702175994885,1220.7838879734304,1216.7775532286355,1234.0353272005407,1245.5737026226882,1258.4748829138027,1260.4536563310774,1253.1773359372164,1256.7694616370393,1257.610420176876,1263.6817969347117,1254.370813005559,1256.5369840458168,1259.8353654511143,1265.2878350161877,1271.4092456844073,1277.2705398215521,1292.6041556555328,1299.5387133911768,1318.245501833477,1306.7396764580674
395070,138,"Savannah, GA",msa,GA,1112.7263611710894,1111.744775732671,1118.1604230580656,1132.1781412436305,1139.0379689793685,1140.6241461165537,1146.283464476726,1150.7679768607682,1155.7830519031909,1151.499064302769,1152.3650058344722,1148.7319305931849,1152.319149397994,1152.0493321389226,1160.127849206316,1163.8399196526236,1171.8501557123348,1175.1436148211158,1182.0918208978894,1178.6272237791568,1181.4329490344187,1173.7205161345632,1177.2223792214409,1183.6629150193378,1186.637941195833,1194.0963166343472,1195.6674253453264,1209.3329074557907,1219.2682730799074,1219.0405422433232,1222.9382552086574,1223.1332633535724,1228.257565633453,1227.2258516426787,1224.365929910097,1225.380878288198,1228.539961071629,1241.759743672067,1250.8376785553473,1263.4553689609418,1262.8757818367237,1276.3336342811667,1276.5316224902147,1290.5895393675587,1284.3499375386166,1290.577419887088,1290.304137652198,1290.5371124390772,1291.0403914914189,1292.5233380892255,1310.5572967468925,1321.4574226819423,1335.311049420212,1337.830370415919,1339.1839547479258,1342.3747968081773,1340.3885583614724,1337.5705146088778,1340.5077542083309,1349.3610509124292,1363.3820058905505,1372.3573375102917,1384.246803822974,1393.7364594294736,1386.2031472963065,1385.5739358681458,1397.1647333920994,1415.3262861503306,1428.6703324749014,1430.9930616779736,1438.5795346003636,1442.8861880169077,1447.4371510327799,1456.7512290479922,1465.416165314679,1499.7288383408154,1522.960927165131,1559.376156546551,1580.712419720069,1621.2066329681772,1651.3821484010828,1670.5447191945577,1670.86386695573,1680.5663965902163,1688.234164940831,1712.804630145541,1751.3895192396244,1789.0694201534654,1806.2482857161237,1819.089261715912,1848.1125541150236,1878.0768298416492,1891.7099524238533,1900.1800676761654,1920.7125918079328,1935.0612253119039,1945.0720706662917,1953.9201066399378,1961.8778966852428,1978.6118740624304,1988.067136640047,2009.9729759192442,2021.5658588867002,2040.21659708265,2038.7285281515058,2033.9617418744879,2035.4400420215086,2055.0319837563243,2075.50921436043,2083.584835031864,2099.1341468179126,2112.2484492283234,2129.502654672163,2131.060615991703,2144.539829209145,2149.7371614212243,2152.6211964582785,2140.699033490265,2131.4697087423715,2132.165294897666,2130.4281405580195,2140.6129817930246,2142.897095058708,2165.8007884960266,2173.8999746926097,2190.5374891129186,2183.8069816010916,2182.9539475848455,2172.2209416872147,2166.9789074455266,2171.385819820463,2170.0140029575077,2184.5177823256654,2181.8009567847494,2195.04481710881,2199.81510157546,2203.0397409308243,2202.493831623945,2209.6944023254823,2218.764899168236
394327,139,"Anchorage, AK",msa,AK,1694.2168983347524,1695.5720573547803,1695.1054152325626,1720.3831705470718,1732.0251539962944,1740.4461576302713,1738.310437866124,1732.659653593161,1741.2366604595359,1737.6282485280788,1745.842253703436,1737.7143606206885,1735.8995398391685,1730.293472773526,1732.2580213494762,1729.7977011144624,1729.8717890391044,1721.6061908808967,1720.458821985275,1714.0662285455574,1715.325884863671,1710.4291018912459,1696.4360681194353,1692.239796244265,1704.4951108746316,1718.6559064441697,1724.2832998910874,1724.3151809573947,1727.0423569234067,1730.0482339008959,1733.4085263141817,1731.2864607508966,1713.5047523470014,1704.6417204645966,1699.2565472782749,1710.807177132272,1703.9385639944753,1712.291056915114,1719.0896873901813,1738.3791482866563,1742.0752997969878,1752.8753913096307,1763.0017581497805,1764.7932438181815,1763.6741038661626,1738.4340569271674,1730.8644654955845,1719.1479116029002,1727.2553549384902,1735.3360000093412,1752.456892304195,1771.198479542909,1777.1555981003733,1781.9534518490284,1786.7782885125055,1789.6283453865726,1782.4804564275657,1765.5833024960132,1759.3069311910165,1747.7027892295982,1762.927757768323,1775.445152146805,1796.8342125473255,1789.983241618213,1795.325520397455,1803.2655654356445,1820.5674119893235,1816.3911590304356,1827.3184103602616,1838.0326412308248,1855.8197768743885,1853.081118644226,1857.1283988976832,1866.3071667459017,1868.295439514377,1877.868512587093,1893.461977296028,1907.1026236843038,1935.4757503735823,1950.079570759494,1981.2843244645562,1974.3591764337727,1964.3098068697388,1954.5046754566586,1969.1333585352368,1990.5068968475205,2018.3485647794223,2051.4990244036785,2089.2575245078606,2109.6824751538693,2139.0680793290658,2155.0075585224085,2156.286887105118,2133.8751025778297,2121.960874879918,2131.332622080319,2134.646377022965,2161.794055212544,2193.2836390248367,2224.740372211947,2239.362686396787,2248.012967229225,2271.450489022388,2286.0409768411173,2290.8517914210784,2280.8997009774057,2268.3994267899493,2254.121403069608,2263.030204486877,2268.687665669155,2306.0297191336763,2324.5032279150732,2340.7908739507043,2366.8751348314177,2383.1831723118958,2386.185203102352,2372.824928775228,2357.6465503989925,2355.1190675198263,2326.8280011765487,2326.643835392695,2336.6847883150135,2380.57726227782,2416.4256462098265,2463.293123079735,2476.8550649826193,2480.4265123180908,2467.947476443755,2471.350005425716,2476.302785339176,2491.085426597386,2497.019671273161,2488.074556260787,2482.5245098743135,2494.5689390787334,2520.0155242493543,2569.413259167527,2612.7015755567863,2640.120315641952,2630.2721003134793
394372,140,"Beaumont, TX",msa,TX,919.1778557132296,929.2412789798672,927.2573700106349,926.9436869381329,935.037140407646,950.4205001832676,952.8997040715357,939.305248189287,940.9419845001764,943.012191378968,964.0356498209153,966.3251726166582,970.9009774870003,951.3351425744268,954.4210775439802,955.8505522371604,970.402466987774,966.9827678216543,966.5972724787123,970.9803527507379,969.8106544308602,968.6815181322652,979.5897606054023,987.2220490760353,996.4290153830925,991.0364859980782,995.8766498038091,1002.5259070797688,1005.2006499950483,1018.2459549092173,1022.1729851053567,1018.9301633495035,1030.301451946549,1052.3615034647717,1075.270162256279,1075.6242944500198,1070.3198778853416,1059.2630942613478,1066.7939508558552,1072.7029242674728,1097.6453596430194,1095.8522947100419,1086.3596321694752,1077.445083009659,1077.6195356972285,1094.7565211450437,1108.4113002305357,1114.6470074882382,1110.8235676820254,1105.4860532430246,1104.956774063787,1098.2136791462667,1095.3944231248588,1105.3205909532478,1118.2150088082496,1122.9424917647802,1126.2849195270744,1122.2464239767428,1129.0131198714068,1124.5351747792595,1133.2710765272864,1136.4585875223981,1142.0350541301646,1150.3299897461295,1154.1091890969228,1162.192472916407,1166.7415670331864,1165.3658778455506,1161.5499448661903,1166.7036779594794,1179.1551084869407,1192.6691015668544,1192.16852824429,1186.829132132355,1193.0530288213008,1203.291140277734,1210.391322665626,1215.0074144030614,1213.6912806107716,1223.2752998571193,1232.50681124631,1230.1451732520234,1239.4192633025639,1236.205751235565,1257.6136426058022,1263.4231792451797,1274.6047584749128,1271.6289367615393,1275.4786588407667,1281.771533596425,1293.6356682643643,1304.786010210564,1307.504550906868,1313.9895257992978,1318.895586449995,1316.7825435132902,1312.829783950051,1298.8873504638611,1307.1089727807678,1306.0850822339294,1321.2948805310166,1324.972597839603,1343.1469929739685,1349.3987083259042,1352.5456149371362,1347.5327954182326,1342.304025084274,1347.7957427550502,1352.610482339783,1365.0793221824717,1365.885136302676,1377.1613598367267,1387.4336975452045,1402.3772346291198,1407.4693920587563,1404.4317138493461,1406.3978316753835,1408.6321926092157,1404.9978101644742,1412.0627387062584,1412.96660285061,1428.8960504705947,1425.755417253693,1437.399776071032,1461.8946146056128,1483.7578803944562,1486.5761127445705,1480.152545718421,1467.1601538803577,1481.7759728498092,1495.7126959475122,1501.8580603373928,1499.8881850177966,1490.4058539436146,1506.1608073706298,1511.512115506185,1515.3885143323362,1518.980907187278,1520.6586657749242,1517.587380952381
395096,141,"Shreveport, LA",msa,LA,998.1535429316946,1005.7156119442758,1007.7709585566934,1007.458840723236,1011.1203286774629,1016.9102204073266,1015.4887059312653,1014.4986358421435,1007.7897015410688,1007.3909064148551,1001.8876884630087,1003.2020863821388,1001.7766449149234,1000.5409117491475,1001.8222016796453,1002.5354073686639,1009.1688869550736,1012.3843427263055,1018.6102633643826,1020.5050833626382,1014.2866028273933,1003.412050955937,998.9670380006655,999.037486864838,999.4018786439627,1000.295412779507,1008.5454268664942,1021.7632267428114,1026.5158728947852,1023.503543960479,1017.3186026291553,1015.7990159212167,1016.5157715032053,1015.1690542227623,1015.9087479063865,1015.1118870601204,1016.2224511853061,1011.2500450275957,1014.7641817280648,1017.9831509445922,1024.2966410209922,1025.93058785662,1027.2721440438972,1030.849382806308,1027.5842992009323,1025.3715289912082,1022.4152225114132,1021.3619676786498,1021.1216850620357,1015.3994495715293,1020.1569547469206,1020.8590688437014,1030.762314738808,1032.622986679495,1041.3737355298967,1043.5950527162245,1044.4491774224252,1039.4304795712458,1035.1846680977108,1033.3366785285043,1035.1682614265305,1036.0663860562356,1042.0775356773372,1044.6295204109138,1052.7729375296515,1070.5229900811437,1087.1256197509674,1095.9994855937493,1092.9295889778991,1090.1723254168344,1089.4198051138292,1093.5108255253635,1105.3893442765225,1119.0218513021146,1129.6506860702007,1123.5908960820777,1127.2529807927872,1121.2672618990405,1144.4344452544235,1152.8862851157198,1166.9332788326137,1173.8763648435358,1185.534303636486,1190.621588776326,1184.6702200580369,1192.6053687876536,1202.6181675471391,1216.2495532415298,1217.3523005302688,1228.4040685461084,1237.7500368700867,1242.0817040754844,1237.4567536374955,1238.022288722992,1230.097315843586,1237.887794220685,1239.4954220224756,1254.5391441466586,1260.2966556600586,1271.8516530783925,1278.4945066467985,1279.6919635979316,1278.6989171726595,1282.3965303789641,1286.3300841660025,1287.3195955391045,1288.844328150353,1288.0839168142697,1285.2971443936156,1289.4279276945279,1295.6134141232267,1314.1843666615541,1321.770545420577,1328.920271336874,1332.7583119429685,1329.8908921122645,1331.514378062977,1329.7209184419305,1332.2422535963703,1333.5090258063703,1338.0757235264225,1343.6932738451187,1350.1433810939538,1358.1928466918885,1362.7730945450319,1365.8874861122772,1366.3818993102225,1367.1455657661395,1368.4620033021363,1372.8971462338452,1381.8060530486525,1389.945207736338,1384.820183711389,1381.813506249866,1380.0318802825836,1392.4728286052248,1413.6384124735443,1423.2269817517224,1425.348834373165,1413.3766666666668
395164,142,"Trenton, NJ",msa,NJ,1580.0179170406009,1579.1191338476165,1597.3101688940953,1624.679298614922,1636.5030274735232,1631.4303131481117,1626.8052697267262,1611.778507584092,1602.7119644674442,1600.3180831033233,1628.6893923603834,1646.04367026136,1646.1457529514275,1639.6971308774996,1647.5672051730605,1651.4215477856028,1662.7361137472537,1669.1710987198396,1695.8507352094084,1687.1029221859224,1684.6922451972869,1662.256176483794,1674.8222654798712,1683.0102243520435,1696.4917313045432,1680.9880387620046,1685.0435892700657,1680.5409986530378,1708.8770839840731,1710.730803373789,1722.5083838695898,1710.313919018471,1707.1105405723056,1714.6257116391712,1722.6573969751669,1738.760213765577,1728.8138376332577,1739.0147709712414,1730.9740877361014,1750.9035421395936,1767.0989877277848,1778.3054473730558,1780.0402317179366,1771.8671106737688,1775.5544663158967,1771.5470548638773,1759.82802489141,1761.6824202575717,1779.0562994154625,1789.7809572728809,1794.4207758842595,1799.0749737216797,1811.9897290142899,1806.9878890470457,1802.7098991999517,1799.1286046445261,1823.8049385705172,1845.3962140422443,1872.4717012879553,1861.9253776048822,1853.376495175805,1857.2294334919002,1870.5173424142752,1879.3264816954834,1880.1430454895592,1893.9668003941747,1896.9835746302283,1913.0494217397884,1934.5911078508934,1964.7972692575509,1965.072878977096,1973.33524043342,1984.8037556857225,2000.7041965091234,2000.6873446721124,2014.300415092149,2018.370947649763,2053.8884987224496,2077.32396155838,2108.7780594950036,2119.4080321628558,2126.3101819676085,2182.5377596532308,2188.193106002218,2210.9059748948944,2222.456270768783,2262.6704087598637,2268.857061293801,2251.5639317094738,2275.2757791694166,2302.790392679501,2341.910806217093,2349.5579897279886,2355.017375864278,2372.7451515352245,2420.1899122387194,2431.418422961704,2429.297319256368,2425.685715101934,2464.5635056300084,2495.8847094416797,2515.7364758351364,2545.218336136306,2559.124987397918,2582.1564667650205,2597.495326798765,2654.875735686252,2647.8196079554878,2650.3112176205386,2622.04429806867,2652.2755886866544,2652.4617241262267,2672.803313027607,2685.726380215316,2718.3466249888047,2722.6562269766614,2715.6907105514197,2732.5907991321137,2748.7078300902676,2789.7736222168255,2781.477191135109,2801.066998802553,2791.799633640675,2807.544649748485,2816.8719297222183,2812.43753159273,2828.722996860451,2821.310425272602,2831.815218699325,2829.210556196821,2849.1697170887105,2878.5197993613942,2891.463041934569,2893.591533299288,2865.6127622793506,2866.5558645204032,2846.8226497811324,2859.5988099253673,2835.4347457676763,2852.3983516483518
394875,143,"Montgomery, AL",msa,AL,916.9117640555245,924.7636567684857,920.6179620726396,919.8064897158881,911.9947117310833,910.7510806268434,914.8523913289533,923.6981436404409,923.3493402912544,920.147695666332,915.6176909427122,912.3466990254069,910.1911168780521,913.322343173872,919.0111011035735,926.1298315085639,924.5331813554969,921.4795050796456,914.6428864389597,913.2254268078992,917.4685581113025,924.3713040273374,933.0794320821045,925.7173934070495,924.5477990708996,918.9126524539026,932.2283423112275,934.4979368319113,943.933008307947,940.7823451930174,940.1865082775238,937.8246773909905,940.7040351943285,943.8143893742958,947.4999298307665,938.772558461492,945.0396161022978,945.3298054829388,952.5208353457119,949.9561079105944,953.4059764717723,962.6401675646122,965.7243146938115,965.3601617240984,961.5280810088826,962.4406420401183,959.9288736419581,962.1440679569304,961.5247727684113,961.2336612235852,968.5255090839548,975.4967762712895,988.5297955887952,990.2784030965022,988.0438354520787,991.584616251278,989.0922372109715,991.6446574878556,987.2358278960811,996.5956938210454,999.7416167817472,1006.3072419231942,1008.2506348483913,1014.7569565168291,1019.3670989437003,1025.0256721917162,1028.3833892669575,1031.5152190173953,1034.7570356629863,1038.7546800415535,1050.5889959144583,1061.332487640549,1068.7684940780719,1072.0507726531678,1081.7552108759207,1096.3176036888801,1114.9602858814042,1116.2489218834855,1134.5094864472637,1144.7786632321677,1159.2004718446408,1158.4884568410473,1161.907811243597,1173.4780715579477,1185.9082187821198,1198.4183145954944,1208.453216065882,1211.9699679676876,1212.2844274995844,1214.8114455524228,1222.6985918123407,1226.1161314949973,1228.4572360510003,1232.7953921258954,1240.8902618913435,1247.3147001916043,1245.8767766944673,1258.5963507514778,1272.5198231627223,1293.1007555169213,1288.6085708863186,1291.1844948184407,1290.30177404628,1299.2909802240865,1307.3170750755908,1312.546306462037,1316.5152289252474,1320.1542697689085,1335.6897461954818,1346.8425075908513,1359.171684879496,1363.260316273257,1372.5086376327401,1372.4289095374183,1370.4207004676382,1370.8344920557922,1380.6644430171375,1385.1675497074107,1391.2296483035857,1383.3458817127564,1397.432921093699,1400.865919200546,1413.083893038872,1415.4293852623493,1427.7843768194423,1441.5503115037434,1450.374755616563,1453.4362691282627,1459.4191610396315,1455.5286229698816,1453.4359970172275,1450.0238492313183,1452.8944180565456,1460.8463427186095,1462.0985266439627,1473.2409130143267,1476.0156697603065,1478.4705480214377,1479.1182226992514,1480.9823094267358
394520,144,"Davenport, IA",msa,IL,936.8161016609923,949.5764002285512,944.9839689712642,954.3323014729041,953.3956970186888,968.9357308117619,952.6850986825795,949.1666015046386,947.3167180253924,954.0187005484395,954.9538628360534,951.4524842500617,963.3431122875625,968.9661271003264,983.439384793186,977.5912972005691,969.8717725008721,960.8141982666724,957.7680458265726,968.0184581579268,968.5320656702613,967.2639861295097,948.908585290723,943.5106459839761,945.4611146439175,966.2352459954317,977.5852607043421,983.0956712516479,984.2263290593313,989.2298299781012,991.5665943804581,983.55832635713,972.8710617318054,973.0821558524801,976.6997137230711,981.3427385430549,979.0471808729367,986.3528872666064,988.6743066016757,992.1419609230629,994.7762642608884,997.9969972581948,1003.4481992611002,1002.4848777895791,1005.3887158270818,1004.5543679182176,1005.3764339707524,994.1420674371276,993.944927649392,991.8553414384909,1008.8700182192695,1012.3833174381114,1023.1289719528826,1022.1496591025085,1025.6139870875547,1021.5429436731055,1019.6405536118766,1016.8826049653347,1009.2624823370634,1003.1518211304045,1000.1175976711323,1011.7479367477648,1028.5699758608723,1035.8560908361183,1036.5541617148294,1036.1912743343792,1050.3715016577567,1057.2973118306713,1056.002518620712,1054.2779524771531,1058.9090215720664,1063.7211766490368,1063.4876890197452,1075.9003068158333,1078.1421877950465,1092.9497179848038,1096.0269073175893,1100.7441506728,1105.0407786075352,1105.7523309104226,1126.797730072351,1127.5842138248943,1139.0248596463202,1148.7601580021121,1155.6908490695646,1146.8920902083041,1139.4858655777846,1156.6439295405642,1167.7624356079664,1179.6656465893175,1179.0545055335992,1198.4693188443123,1213.680662492639,1207.5910331980135,1209.3019755070993,1198.2747696748352,1210.7941654826031,1210.2741412237806,1225.9596427813815,1235.244887613033,1252.909475453241,1254.1256643411832,1250.6491907935344,1240.3919734115073,1242.8262113874623,1260.7599603492429,1267.9057112933633,1262.3146505073146,1257.7988790526676,1271.2027239864324,1291.1365907843408,1307.2610929185676,1307.5934581801584,1320.612049230782,1326.3262201546827,1333.648326978961,1323.6430482531648,1322.616829896121,1324.393117774961,1323.0277254380114,1318.4898988634532,1319.5427861762364,1331.5495668309889,1345.8675040004637,1352.6002173132283,1361.9396212394001,1353.3709549509788,1348.2427655959646,1356.6399539457148,1359.2731463790465,1361.804068752802,1351.2747431658925,1353.5428331376936,1368.9802649566354,1384.704840553365,1409.6753490958283,1423.6504522171633,1433.9903620650825,1440.5796035041842,1433.4722222222224
395146,145,"Tallahassee, FL",msa,FL,920.1534982755243,924.3139989195191,926.9694254676176,933.4841651943273,932.3918814366333,936.3496976610553,935.6479715752731,934.5293596587862,929.6210609019006,922.7858688541369,922.6714520339195,929.4487918541571,932.6555190263247,941.5763576214976,942.9107561692603,947.5209179508657,948.1864653381379,952.4218976499229,957.6482441257793,951.6227033666524,944.1120379004353,942.0248949096441,942.9369635571753,947.8381176965025,952.9206436729806,964.8955663686984,976.2218715095051,982.5737707465538,989.3179543140016,986.2584941924109,986.1259467581044,984.9584919936108,988.5217733725191,991.4841090413944,993.3099334578167,990.5305041673801,993.2324935720968,1002.6912512659521,1019.0467294976153,1025.9444503152345,1025.6390486066891,1019.3858419817911,1019.2646950794087,1016.7162506128915,1016.7030748804164,1019.8369597968865,1028.8974409927341,1039.5783236309348,1048.5750624094774,1054.8104154573798,1059.7187240489907,1057.9383309739344,1055.02619552213,1059.9236678037398,1061.4028754059448,1068.99112261873,1066.8271950576714,1069.9578399702689,1065.2565589501737,1067.3322514248705,1071.099437712657,1084.2628758903918,1093.0973642823958,1102.9390365040572,1102.8303720383792,1109.1536887682823,1107.0560773449815,1117.5386579273797,1125.891694205465,1138.8832365656629,1140.6484565432463,1143.1576133450799,1145.5310216085497,1161.092367140427,1164.8488552004815,1171.6939928720508,1177.8848385349715,1192.3899614352044,1212.4376044245237,1230.4729462863766,1251.5988218860202,1268.375505125585,1274.6989571113365,1286.2435169895832,1291.7244050903985,1293.5453453321534,1303.2408782801256,1315.3121304326594,1349.1762865192502,1366.1812011854774,1391.2890114280344,1404.309514651031,1421.747464521666,1426.919573580435,1437.0556314653495,1443.365383626637,1450.5260555891487,1451.9415000213014,1452.746529399396,1463.5137864795056,1473.178441966066,1487.3312522335384,1491.165861050769,1492.4824994723251,1501.7252304488973,1508.1239218689457,1525.0970859805896,1523.2314736516448,1528.365922797487,1520.1440528054843,1527.263875916908,1532.296584582858,1544.0423382614647,1550.1932751213544,1560.5065665666434,1563.1544443218215,1566.640695189871,1561.4199154079029,1569.1381154013686,1579.6898861506484,1584.1865477627914,1585.4266221459307,1583.582405257317,1601.3595952619476,1606.8243785114016,1612.8538871060302,1610.6220901606173,1618.8166093890509,1615.1521327889402,1630.2458431857228,1613.5976886434892,1618.2189849265694,1613.4877853496653,1638.6935464251117,1656.6568719835307,1660.0145181426537,1658.610087411189,1655.0056980450997,1659.308454959536,1649.8094422897518
394576,146,"Eugene, OR",msa,OR,1068.4083169386324,1078.9430199752824,1087.6180316650277,1097.0286272972442,1109.1565408362087,1115.9161964256066,1122.0192722544791,1124.7792047114829,1124.2271155686553,1121.785179892164,1125.45217687061,1146.6998101344307,1158.3211648615631,1171.7448802920949,1171.3469583881438,1186.416709085394,1195.588295690833,1204.4578810042462,1206.5448032612253,1210.262548855157,1213.8960544679808,1220.9979260976693,1214.5287600815625,1208.9795090357075,1211.256794194426,1225.5892376283773,1245.615540336752,1256.715321477171,1270.286001813035,1278.5428217521248,1285.9548939163215,1288.0650452684333,1294.3101344905078,1293.6392814432215,1289.8901863116785,1278.5405387960443,1297.5164855077842,1316.2297708357758,1338.0475231055357,1346.5157625757386,1352.5750720937708,1366.1838300815382,1366.9503604723418,1378.0034953408901,1378.1946184382352,1376.30222647009,1376.2625849078088,1381.8116990580968,1396.0329464625725,1407.8126713420863,1416.7028764105005,1429.5438309475048,1442.8822770745112,1454.4631544013225,1452.5581953661356,1453.3845962468151,1454.640198737577,1454.58502567246,1443.1620536572852,1446.3649578665843,1455.0644573247534,1472.6923673524848,1482.228385561252,1489.9465993197794,1492.2003185847268,1495.9648937879967,1500.9726196871395,1528.714215601989,1540.2266294229332,1562.1733714069876,1549.278869287825,1561.226167461033,1563.6974540664337,1593.5205463412872,1599.7606619042124,1615.0969614293724,1638.4982654742198,1677.595073191785,1702.760126066995,1717.8965902245955,1729.6564824711957,1753.0084906645495,1746.432186803594,1742.853566474373,1738.0151170484596,1757.973385326035,1767.2755133010999,1798.8750276979756,1838.1654380430036,1875.4261110954199,1891.3302091929736,1894.2763951936117,1906.5106723574036,1907.8485142186037,1900.3900131087744,1892.0635761979834,1888.4245548287658,1879.9735681739262,1874.9176952522855,1881.1845335395094,1905.9579821801756,1941.088339351454,1967.359981834946,1979.82122140422,2001.1136418819437,1998.1702499264743,1991.1313831948776,1958.247550509303,1956.2281709198594,1972.4934409222303,1991.933909108965,2002.9669450843048,2014.1728184266467,2019.1340156333106,2031.4176390135028,2031.8111546515827,2042.354863449172,2041.8225123542059,2050.3425678657877,2053.467582622081,2059.3312195283315,2066.8920559299854,2078.172359614232,2079.946585822629,2088.438315703933,2092.618072434238,2105.4854351044182,2101.9187253992764,2103.120278473453,2081.3757470890164,2086.444633876647,2115.956298876734,2146.9323760582574,2169.997035731066,2144.489322605203,2199.4409014200105,2184.2025132895637,2197.990238150667,2156.9694222323105,2161.352627627628
394901,147,"Naples, FL",msa,FL,1599.4266450098721,1618.002732535255,1641.1318370516544,1635.914834983783,1641.4604653571728,1653.8090259966011,1656.084690489515,1672.927739451997,1667.2136143760633,1710.2847542255058,1736.6171495562041,1758.6783163681307,1729.1396608378682,1712.605276737258,1732.7311033168194,1744.5007447651499,1730.4561568729914,1704.4568839675212,1692.825490385734,1717.789735199665,1742.2125710453768,1777.250694363861,1817.325160853199,1827.0256178061413,1831.395678551673,1811.6760920254656,1800.8144958793882,1807.3562249302947,1805.8264673845342,1797.4925057975843,1787.5217104073251,1792.6903972598707,1788.1320086198436,1806.2884974635738,1838.2013895846485,1895.6894500137842,1901.0146246400145,1901.1059965878342,1892.9893037564382,1901.429279083186,1887.7152484289888,1892.2973522636726,1884.5103624393828,1894.3565848040853,1904.9173263422786,1941.8710148637197,1972.7083663481458,2009.4459992477205,2000.8070441958282,2000.597329352537,1976.0610385200837,1970.4162139062357,1936.8535829136388,1925.458481562577,1939.7152604735097,1987.7515244622534,2012.1837640921926,2040.1762674277284,2046.3713369422658,2089.5163706608882,2090.273496138216,2094.6556335272753,2051.027684282846,2025.4067227538617,2005.6143433808127,1999.9371300920868,2005.5058479707845,2072.657924381675,2136.498517381304,2237.8548508085355,2299.672556157436,2304.1457288902366,2262.1548765105254,2231.1835680482104,2271.1289115918903,2338.4050035696187,2383.5715010454196,2465.706259523756,2519.685013089435,2624.405774193651,2664.553938288116,2872.521830316915,2979.8458469520015,3141.3018680859946,3154.69400217001,3127.8532832388146,3119.9540515999424,3083.8244228526423,3152.6211319855074,3141.701858737825,3166.065272231766,3125.9034565355,3182.1995498798046,3251.692919449775,3378.3799631973293,3442.0372701836127,3399.003716140829,3374.07741876185,3344.967316788601,3363.707429200689,3300.205559500424,3315.8399397867165,3361.718678689828,3432.4064349420078,3470.6384630436064,3493.4171654975285,3492.6967964942014,3549.290266586856,3533.906459254852,3529.0057934712186,3409.3686021554886,3353.058838010931,3347.0793544288513,3350.5922652959025,3388.4930287103552,3409.5771601050665,3435.561736913731,3439.0774451159873,3472.4287454694395,3494.7351537337354,3482.881821274059,3437.2658058628504,3396.6452474733906,3390.411390210507,3360.620029339531,3346.269019843259,3323.01841097163,3326.154288619456,3361.5385475747676,3377.958639475937,3430.207871007458,3391.4147996356837,3423.5121952259683,3409.9458427722807,3458.357548234827,3381.805993656706,3392.7196685309086,3371.88133657601,3444.87041047483,3465.353707285622
394332,148,"Ann Arbor, MI",msa,MI,1447.6704232896577,1491.6551013512146,1486.307235852709,1494.2638982987962,1500.7705452484677,1520.360304998188,1534.181098499682,1509.629320675559,1507.0626133273447,1502.994344060846,1524.3427904465373,1522.2398517308604,1534.5205380061252,1527.9411742819623,1527.8511218503195,1527.811038406827,1541.804711096621,1566.5342006795672,1576.540991696746,1587.6804965413999,1589.9963114721045,1595.3282620357436,1602.1471055747531,1591.8389621362078,1596.3925186372164,1592.2874792006921,1601.638804768372,1608.8598854724328,1639.7416369747705,1666.1361007954335,1669.9425449163837,1672.6240134516588,1678.295134855267,1688.3414623774024,1684.867666306662,1676.0480615804152,1670.8467935425726,1681.1266900569665,1693.1419945851037,1715.1452195514985,1734.7582096589952,1743.5290254183383,1744.1082329947735,1719.3942462820567,1727.4065842466164,1733.9678556698957,1750.896097970723,1742.283423713011,1740.757709327359,1739.833976349089,1742.3849662324847,1753.9197501830183,1773.9876091496456,1797.2141564898793,1782.2880548780572,1779.5616792098062,1780.1451351399467,1807.9563586372458,1808.334191587165,1794.3820807637824,1782.7838474190012,1784.7929444836118,1795.9663061269155,1814.219071170708,1823.9461916528248,1835.5981470116533,1830.070542041321,1814.6105233733272,1816.0822746763329,1836.7097841709285,1857.3693910047443,1861.1716330643706,1864.8986445015407,1889.893855904982,1912.7823182027175,1935.5267917969009,1935.3533632000651,1968.7884653785802,1971.396446306611,2000.1474127216493,1996.6036186485544,1995.489876712077,2022.880689438869,2046.570649356291,2084.1564883350616,2061.508712397232,2084.3233971447426,2110.23866773693,2163.2926637296673,2182.266250565114,2197.3724293874375,2197.783236251776,2184.3568387834084,2170.71938137547,2181.878191964509,2209.948186375427,2233.7324311841253,2250.671696545974,2258.486813091815,2277.262453726363,2268.0950504859507,2274.3171747196993,2290.0971381564204,2305.6105935027745,2292.8041876887028,2281.403541388032,2304.8646846364986,2324.0668853599464,2339.1745506437405,2331.921550639467,2363.977168688187,2389.105942272135,2422.217102889875,2419.9577396824334,2412.7656940944566,2413.5869788010523,2427.4036274602813,2446.518345882916,2447.1657921565034,2461.5950757268592,2465.4235970665427,2468.2801791210413,2463.7002422261494,2466.613107849481,2483.723553444313,2480.8319899720886,2475.063226580921,2464.638261457161,2475.0151473736496,2523.5871725351412,2533.748393081088,2537.9184073839588,2496.6629775348206,2515.2376962816743,2522.33656355247,2559.0604524817113,2566.1748274465594,2572.6611816580285,2558.870139834988,2548.73088023088
394927,149,"Ocala, FL",msa,FL,893.9806081669684,894.8357462820364,901.2191034242863,901.9499545499566,914.3792587399998,919.9542674505572,924.6392790515188,921.3969430386777,918.3106690083288,919.7507910306259,927.0355077429406,931.823738602771,930.2525806865202,926.7821534762381,936.4250301123373,952.3286234394325,964.9371572502866,964.1411548742377,962.1962599698024,960.4984739713557,962.1864362738962,959.2994723144847,968.0538526057464,969.8622586286014,973.8885213791533,973.8258114110923,989.8858238580863,991.5143819195413,996.7154174747043,1003.1647605572482,1019.817909770023,1030.414019720133,1036.0028588966222,1044.2112952433022,1049.5298242435451,1049.8169025456305,1049.442850096845,1049.7169149542476,1063.0814551856345,1076.9665213230585,1084.4044601120163,1081.9539642190325,1072.0909945266374,1074.035435699454,1072.4625205991995,1087.9306780282618,1091.425068800239,1091.6396644816182,1088.3422554061492,1095.2180269515663,1103.5128436074451,1112.6875057502975,1122.2002838365115,1128.6073799947749,1132.0313375953424,1134.52055388607,1132.3635141093587,1139.8588389522527,1133.7840175381966,1143.3064448195853,1146.3569660722474,1155.1954268655518,1159.4678579009696,1159.661481199417,1161.819524028707,1179.0268727714433,1198.8720868084783,1222.7944722255606,1235.7978394708907,1242.7231672163343,1266.0787273066358,1276.8537531516163,1299.5233916646575,1304.899650460951,1318.6851569264184,1338.286120752965,1359.104056766824,1378.5372009217228,1386.3713925701081,1412.7628862412523,1442.1416676774413,1478.1166495052528,1485.4718878280723,1495.1274944180714,1505.8313096922268,1525.8632100575467,1559.2947722177662,1575.078216069234,1600.8711331978118,1604.6048742826003,1619.782965568775,1616.7007431589798,1637.5599631451485,1637.8230633706487,1646.8773898950883,1640.216876383384,1648.7983406057863,1657.038950741639,1667.9662936583586,1688.7401173984745,1694.0203127154539,1695.6952795845843,1682.1576716407474,1680.0704966505384,1683.7133439361926,1685.8445380514893,1686.2966465602299,1680.4097508989353,1684.4978164994081,1685.4002870984339,1688.534349318701,1707.6439838643987,1719.2777978495496,1736.5755358574822,1723.3114485300184,1729.3374650591159,1722.521625737283,1732.0462994378693,1722.6306414469627,1724.6922482688196,1729.0861994823165,1740.4274134541345,1749.3300121165614,1756.2294860491072,1762.859278110391,1762.1730736103736,1762.6685996137453,1753.6032347776775,1747.4787975885108,1745.2936938666264,1748.5187641237799,1757.636045032571,1748.895779975103,1748.894565343286,1743.641274400938,1761.7773369793388,1768.1194701523277,1774.9228683222786,1769.4237193052234,1770.322362184045
394679,150,"Hickory, NC",msa,NC,,,,,,,,,,,,,,,,,,,,,,,,,,,,,,,,,,,,,,,,,,,,,,,,,,,,,,,,,,,,,,,,,,,,,,,,,,,,,,,,,,,,,,,,,,,,,,,,,1572.458460283763,1597.6824481929095,1624.8664090428174,1644.0383272916088,1653.9188582761071,1630.031844001081,1626.1176844015718,1626.7065116648814,1649.2338094087356,1648.0216784038787,1654.4331559246802,1661.2022118255468,1672.7318649663575,1667.5858796084715,1668.223867803055,1714.8850599204707,1713.5038105288647,1720.1552715934288,1682.0465747122694,1698.4652423081748,1702.798970768872,1702.925877632852,1706.6188563246162,1710.0231593223125,1716.571275561299,1712.7945527906195,1698.4839837293691,1709.3706648598957,1723.2918355493275,1743.8640181289957,1735.5382710432143,1749.6267329496861,1754.4779128432517,1756.802422253937,1737.9250638471487,1728.7662074343953,1753.6275070639451,1774.4549292467932,1788.4384026794446,1791.9620902592094,1775.3031405413706,1791.1365028344921,1790.7882039560748,1815.9627432216905
394697,151,"Huntington, WV",msa,OH,,,,,,,,,,,,,,,,,,,,,,,,,,,,,,,,,,,909.8521930000575,923.9031725619802,923.4814585472208,912.4131796114522,911.7035545283896,915.2509185029904,915.2610548481082,906.3714606675857,899.0408899974133,903.7253547039744,905.0911070576681,901.6746961289597,914.172505791368,935.6952634608725,957.7941388785736,950.497721500998,921.8564543030585,913.3494167481667,916.9898525454402,934.1075680166774,938.5247824314903,936.663435234709,941.2648365379102,933.1630614381099,932.8918981165923,937.242916481621,948.3291965326969,953.7411593896616,955.6675801113273,961.1695488638023,962.438197923466,961.1085943550064,959.607770448447,962.236489710725,958.2157299693029,970.8343740957486,993.6304966582734,1008.0476292244965,997.9396073612394,983.1148836832546,987.2691266790667,1003.9246544338522,1020.9255528030459,1045.7768815043257,1038.2071617976728,1046.3047171554285,1029.785480488955,1041.147842837222,1040.5069978250026,1052.077687456385,1055.8859477248236,1050.1389756606393,1064.0009577790704,1070.213338742353,1089.9414252154925,1077.2594271471223,1099.047932283881,1099.2101814185357,1112.5633425070641,1094.16040402464,1110.5040461426818,1115.5794325571371,1119.2490374773279,1110.002629677437,1113.613430469682,1123.6462716736046,1124.8910382722063,1141.6196097931165,1154.9560499245558,1165.8828813774855,1144.6464110354505,1152.7178461387703,1149.5875437752868,1161.046818291669,1158.0400550510226,1175.6867345607866,1213.1139510349112,1214.0187773565074,1220.339447116294,1219.6766052324647,1240.0684182728996,1230.0425605434723,1216.3885422012995,1206.3632096391739,1225.430544382654,1231.1130625149583,1250.7477395024705,1273.7775434983882,1273.8151608976173,1284.082216421866,1272.8571173886105,1290.4574409506924,1300.4895644258881,1298.9250972167906,1307.1979642769677,1315.650031554881,1339.1348008654156,1342.6386792911644,1377.6543808321542,1357.0405889944166,1367.6711073838624,1344.150986744804,1355.9555845272694,1360.2374875042124,1346.2975207788345,1366.5972222222224
394602,152,"Fort Collins, CO",msa,CO,,,1539.576975568899,1556.025088028561,1526.7243453747021,1537.751942786267,1556.1966960601355,1582.7224566338693,1576.4189565129545,1559.9892349602612,1536.1792923823045,1531.5731525855688,1543.727845612295,1574.5983595589398,1599.791695756405,1607.3770769586845,1616.1146238469614,1621.694796210574,1626.3510789310671,1618.277656515886,1587.7655205367278,1567.3541736425334,1548.909763537849,1562.4802387155605,1572.635201874747,1608.1099670328922,1636.4038064614156,1670.7663510478562,1676.9827991493282,1678.0578366165503,1666.0331566053894,1661.2728994281122,1649.981185351888,1637.5490638259437,1634.1829515690094,1607.8406925010966,1625.2030746516498,1649.312276987189,1699.1330762425625,1720.7950175261383,1726.3178054940863,1733.9673478199584,1730.267289466813,1727.4558969393534,1710.0333471543754,1702.6032932425128,1693.0393238829708,1720.652636333159,1745.5509742436461,1774.1342253313069,1781.2170013258608,1782.6183982267967,1787.3373950988862,1793.2718728698344,1796.20071024108,1779.777764935601,1778.0113295400581,1771.8476991892342,1775.4396409619187,1770.531752368298,1776.4129022373716,1800.7028340911065,1811.9402418594511,1818.0260875384372,1819.4641266981882,1825.6940869978168,1830.8527641543285,1836.5795822111845,1834.4178858920047,1843.017202008986,1832.0573581061508,1838.8566456995554,1837.8632925515756,1867.5645099881744,1887.242108632008,1917.4505282448968,1933.730288570046,1955.2106610319336,1965.2525088065688,1983.1671632699417,1996.7132048767903,2029.1994230683738,2024.9111060561675,2026.622379009228,2018.3587108777606,2043.3051513696753,2061.386160136147,2083.02099130193,2101.659046411307,2132.481723697498,2143.0101161863167,2164.2260645500455,2161.9499288673605,2180.3088316235953,2171.84021550927,2166.745833972264,2162.5589698716662,2175.0561885627826,2207.146484037586,2224.800299808383,2241.4524291576754,2254.8292391880836,2272.382106526853,2280.422699038748,2272.885311204086,2263.6579493766426,2275.748494445749,2288.686623403766,2295.7313969380657,2292.6813733717645,2301.684419515616,2332.989550368603,2363.7837204113976,2389.641970557835,2397.4829391988624,2377.2849935354416,2357.0574960537347,2338.182814222585,2345.1280272089703,2358.04750637649,2383.547187227108,2408.5896381030316,2428.7944490053205,2440.0496805566972,2451.8271656800316,2457.6390116364996,2460.395014630939,2450.090089520743,2430.4802747775802,2400.7578728060157,2375.251198327149,2381.0287615988555,2419.103342972157,2470.589073916087,2511.165679262832,2524.4481990182285,2526.457254942372,2526.2203157150493,2512.3632064462904,2503.819870727912
395033,153,"Rockford, IL",msa,IL,780.1899425078934,787.2353490789214,780.8666463000308,797.1209639659238,805.7326736295266,826.6741870366645,829.7462156431686,830.3478953788491,831.2597571110608,823.2309461851987,811.7812145715184,803.0191594711686,815.6210055437074,821.5671926650506,825.2977395585691,830.5609302578079,841.3257857478488,845.4270185959789,848.6720266441818,847.2781825205257,855.5704381631657,854.0430195624037,854.7135556417724,855.8787510083741,850.5048966103271,856.1212028433838,858.8945617013519,871.5745846558035,866.815759206171,867.7991355860312,865.2872790657934,876.1246391838337,876.7672449627291,878.0193464637215,878.7177073845745,878.6333029944088,880.9862416552253,882.9828774697095,893.0061404198424,895.4943803596113,901.0021493810858,907.4805532847881,916.2032833585612,920.2806459431117,911.6427435602725,908.0119293537118,915.9504075138866,921.726264325724,931.1975821303074,919.2070431452571,926.5448505813565,929.1403128159127,948.2297690518508,955.4382255288149,956.71182187796,951.3622727879372,951.035043032176,957.5132283742664,954.5953151953591,950.2038925471792,950.5529121369991,957.2450071176908,972.4238794604428,980.9470187986632,989.9231541326029,987.2151770464138,984.8431870986884,994.68587457629,1014.6786378050889,1022.5754487303291,1027.3057217467635,1019.8300414988689,1037.9417993333675,1054.2251465672025,1067.2001318564653,1074.9014536972338,1080.1607302309094,1095.5459430218214,1099.4615152124547,1101.2327126676084,1107.1152343434421,1118.6671375166654,1137.1728352621842,1137.6467025901816,1142.9080622004442,1143.22731440833,1162.8926107254256,1190.138226267448,1214.0838484984224,1222.1950126993772,1213.7479021056906,1209.4923617028228,1214.0720037648364,1222.3388134928596,1210.4561263337894,1211.5115007049724,1202.4302135981482,1221.6063027637097,1233.0213237751166,1252.5597353404,1274.7151883238776,1293.5113187160227,1319.8056251739172,1320.6308892391173,1340.5206406986626,1338.052404959728,1355.6367122981135,1350.9266587307952,1358.4951683032273,1366.8082174847077,1368.5395681399275,1371.5637231768414,1381.2993887090702,1412.8698382915984,1439.8335379079792,1451.1897655393966,1436.8514266602294,1434.4910804181716,1432.6236883380304,1441.986006024136,1450.9434012339177,1468.02106415667,1489.358904867349,1502.5373842931706,1490.5292200706542,1515.7150445658451,1538.4054972220144,1580.402614623885,1562.3154016756318,1555.0279697679996,1541.418157064039,1541.330742281433,1554.3499055817013,1566.1272716911978,1593.870580827609,1609.4086994474026,1631.1565971446332,1638.6585070801518,1625.6197216427488,1635.1809116809118
394796,154,"Lincoln, NE",msa,NE,,,,,,,,,,,,,,1189.8460592778797,1182.6489329689518,1176.1285032480732,1168.6086777853127,1186.2628842531813,1190.414040816118,1205.182744030478,1195.6730600154312,1208.6699011464332,1182.1238739953847,1186.967172615051,1171.6392206527796,1193.0166183111587,1198.7005459448676,1209.64136512748,1213.67780394828,1222.7156188806907,1226.6700011338262,1221.0692398131985,1202.1167861361305,1203.6224882747956,1205.9654072493709,1219.3641577062294,1220.4686010083178,1235.0090003790583,1243.502752702652,1256.4593158819803,1265.8360371744254,1271.3524920918092,1269.6359946693583,1270.9491042862694,1259.1371244803452,1253.9072604113196,1244.295584576199,1253.8686924082485,1255.9828043076943,1270.747255963843,1274.6231627601758,1293.1201411731097,1296.524989006727,1311.4432410139661,1298.9670749988832,1291.198859251392,1274.992027394018,1270.0097649270042,1273.5044317496915,1276.1134693536287,1289.1799719722383,1299.2994308539078,1313.9620562614398,1320.4483506160477,1331.7186672116845,1337.899149439546,1354.2563461872844,1359.296488397226,1376.3809886996532,1369.965703055281,1348.0617611343966,1338.7492088441575,1341.7151019304974,1363.1417545712382,1379.6343070850598,1399.9954947871727,1428.0662310677642,1448.2314746004004,1465.5757071569958,1470.7869903037465,1471.2579807540894,1468.9500937082182,1472.887458227629,1470.3954267687725,1475.1321570098453,1472.4076848535678,1485.5767298976775,1507.5954673137085,1534.1955119166641,1560.8659338412217,1567.3388384111706,1571.7739909645593,1562.7056705773111,1570.2420071526042,1572.7350799514627,1577.1257006513717,1577.131835269586,1585.4935549560214,1606.8998715582798,1624.178716923479,1644.374400647529,1652.3276686462398,1655.6453573173947,1652.0355128428018,1648.9403035013381,1643.8097656275334,1650.7483579006819,1658.5673218348682,1668.4761739290007,1684.6566439207431,1704.036800003685,1722.6258250298645,1724.0887688727469,1727.7109651562696,1727.8481310428594,1740.2482155686228,1729.5715934740163,1734.9489209137141,1737.2578326558128,1743.0625546533445,1754.8752019105266,1758.468505860929,1774.3872056610217,1781.78918427662,1787.9559381058361,1799.6987602505058,1797.8685287775445,1808.696157456768,1798.3783716147389,1793.1161806188538,1776.6868333297111,1786.6586038593016,1804.962312048288,1825.471304308829,1834.0871993505684,1839.3059453595513,1842.0636440162295,1846.0447683520874,1842.9601923616644,1843.9258309591642
394622,155,"Gainesville, FL",msa,FL,1075.2964446101419,1089.1878618325825,1089.2098315628223,1092.715707138838,1096.7173480297477,1099.3819018926827,1105.047430973345,1095.773151772682,1098.8420444302076,1112.3494731417782,1131.9755995031262,1138.1761636661379,1130.5224138783592,1131.5106069500423,1133.0152428912231,1140.009995758242,1147.0148864530324,1145.6310121778226,1141.4477752698983,1135.5498151597967,1141.1661758753937,1153.357483122132,1165.118239975504,1176.6320431406748,1180.605673761314,1189.6485381375514,1198.2334253271147,1203.5328026616971,1202.5780855281191,1200.0015709752013,1201.180706064984,1201.32719178312,1205.411424647823,1198.3137718015512,1207.4741796990627,1211.089589253739,1234.1499094408978,1239.2953569870717,1252.8262539853479,1251.528281144077,1255.3672861074708,1263.8795568216863,1272.4344864141942,1280.5789402190271,1274.4683797311811,1280.0969111780385,1291.7180748897151,1298.5467745481394,1302.4964371974731,1302.585380081012,1316.5136312779232,1316.2723479183187,1319.4006372662925,1321.6488734743527,1337.0422700662493,1349.4891732179485,1348.7283965231024,1354.241482024244,1345.381881312053,1353.8011182427242,1358.9106398112197,1382.1458177758886,1385.7119692639722,1390.5500729461974,1390.594437541547,1404.1560841921394,1407.0286616449648,1399.5145082526794,1393.0378594793317,1399.0282245969286,1411.3678462887817,1424.426223483369,1429.4832429883538,1445.281148360982,1461.6328412494877,1480.4683705660354,1499.3998699204674,1522.5272408274154,1552.068131867775,1569.9032502688399,1598.8776159668616,1604.6224720748767,1613.951637374274,1621.099644178663,1633.3157513708236,1649.3881042411945,1663.7666666047032,1678.830097000608,1705.052997604246,1713.537102187633,1731.927952370114,1735.9414014585136,1751.1268401879142,1766.2931789644194,1778.983530142507,1775.4792147868543,1770.2502748582772,1782.0651391322615,1805.4510221040264,1833.3668423423758,1848.8173470681506,1858.048071297471,1854.371431967384,1851.1081700621526,1854.457646692513,1847.933708642725,1862.8125050316291,1859.674274326193,1873.4787738472983,1870.185412429264,1885.5439577418417,1905.5629053789037,1920.4035479288323,1923.2711313057812,1918.0218355790325,1916.1146613124192,1914.289159786139,1918.4028506696345,1919.3640120709372,1929.2663031448858,1946.894307115712,1945.0705246583002,1956.6811346482273,1945.5328697163409,1964.7228529914937,1964.8186894091364,1964.6818178474407,1945.645610001948,1948.294832739091,1970.3805683752544,1998.9459472211895,2010.6676445828534,2009.8377610509856,2006.8073778331297,2014.366398116602,2015.456164781641,2019.8744886134548,2002.9605016234461,2012.649858013338,2001.1407407407405
394405,156,"Boulder, CO",msa,CO,1792.9439964885355,1820.3613735096894,1796.6193791792716,1815.5400141176324,1826.362290515671,1858.2769613907778,1879.9064227236481,1898.3997188993972,1901.1944920372787,1893.030183544068,1857.0060455742787,1839.1556892083304,1845.4964118871947,1879.9294873238098,1918.314071768688,1947.3990082155956,1957.6315147586456,1960.1617552902824,1955.4248886437954,1939.8488573520503,1919.4909092377413,1887.881459815257,1880.754578060898,1883.7052951793055,1919.7338536427346,1953.3942759387526,1983.0456261180111,1997.3980158248232,2004.1698939024188,2014.485841031846,2011.9501038821568,2011.6975919720312,1990.0502477066334,1984.1791357384045,1975.919060015802,2003.6947567580064,2010.9231121374676,2036.8613925858044,2051.4121469188763,2079.5880017908507,2091.0336692820824,2093.1344712706946,2093.6304038611293,2104.0990084249484,2100.357637870753,2102.2607921795184,2087.7119892805267,2092.236610374383,2097.094287472525,2127.320514958756,2148.480715536572,2171.9351595605654,2170.8184394588143,2164.975678907385,2156.9276429114843,2155.4556225245938,2158.065855881757,2150.962278206298,2140.054958935977,2128.9605868387825,2146.6695672175492,2185.506187156355,2214.037907057609,2216.861061041059,2202.362510330586,2209.960548141484,2220.012449333364,2236.976069850356,2250.4799480238903,2236.4029076493894,2222.4366249258196,2215.929394288718,2262.5562890163665,2309.0642055654703,2336.5873354871933,2350.386120690627,2363.447063597855,2388.7314473637966,2416.1330278589844,2445.7221004992107,2459.4072845645296,2455.163505400214,2443.229062312894,2454.345661657267,2476.0542523407667,2515.220831228576,2550.9674275723833,2586.400209393594,2610.597159339961,2629.0818362894015,2631.787445290868,2636.6458012082726,2630.416664409044,2633.4171782071007,2615.3010691904014,2616.6981094594794,2626.0338826063216,2641.127885825183,2662.9340153741646,2685.1922157714334,2722.7919718775565,2741.9299409481882,2762.3719110985035,2773.862788395054,2790.554977080337,2793.0113019360547,2791.1454716485628,2772.0252567682596,2761.154826288018,2774.3250564024315,2793.219720498805,2826.2655035843213,2839.4649114234526,2860.4194424304774,2859.8078455994482,2883.6084987502018,2880.256797745009,2890.744621186458,2879.6733832954324,2880.9982526317867,2894.5442332424514,2899.296535943526,2923.673840161509,2931.823837733116,2953.112162067108,2969.003435296081,2957.441646493387,2939.5981272700287,2885.544141589316,2895.7507790784507,2911.9313741064284,2916.692233088884,2940.2864378698473,2965.6112633050175,3022.893495964073,3036.3275531767536,3039.1108866325208,3044.1532549645535,3021.2868957251567,2996.16684733514
394646,157,"Green Bay, WI",msa,WI,,,,,,,,,,,,,,,,,,,,,,,,,,,,,,,,,,,,,,,,,,,,,,,,,,,,,,,,,,,,,,,,,,,,,,,,,,,,,,,,,,,,,,1150.9265207030608,1175.5479594920298,1155.5704558778164,1147.3597965473114,1171.0364187053717,1208.2626227958,1234.6234044992973,1231.2265233889002,1239.1320924723,1203.6937766774365,1203.8106856373495,1200.400813118767,1245.992168351156,1259.1684170568108,1267.3767301021903,1283.9519466418753,1296.2336838323924,1307.4732303252733,1301.4200180194248,1296.7257017802917,1303.061155690968,1301.518624465573,1293.6836753720293,1323.3205667172135,1339.552728495202,1368.7651915649183,1369.148826538949,1399.664411819391,1391.0362289069535,1387.4535630729554,1367.3249976511815,1392.773508235604,1389.8360205165231,1388.9156088863906,1372.5824522681667,1403.9136611468234,1419.6264722648102,1428.450643545937,1438.313785580177,1446.3151117544624,1476.604732894296,1470.2622417796401,1468.9639921715243,1443.3493327801036,1426.4400689504964,1427.838594503867,1423.8076985860941,1444.5704399612973,1454.9234385807567,1496.0376766568695,1518.8012030152356,1549.9610387230398,1545.6277289908708,1528.5256522894995,1527.784090909091
394488,158,"Columbus, GA",msa,GA,812.5965259744746,810.3144354122408,813.3070463994937,817.5825277703842,824.0615829854069,827.2211708248033,825.7627950308566,823.3905038539357,823.5218294591168,825.1667472973425,821.6474227686267,818.2119631110554,813.01544683054,815.8443571335575,819.9184873104866,821.366253071045,822.9702790863558,820.9683837256719,825.7586471881777,826.7837308200449,827.9462179688693,828.7640457472718,825.3581161845223,819.6027038297067,821.2476971620305,829.6180953336932,834.48992734235,839.0271888807762,838.6192751786535,843.4084091730726,843.3543837346882,840.8223891242866,839.3106095144085,836.8604514184036,839.9312056480138,841.7955697556201,845.4847758203831,849.097220821352,855.0297989671707,860.6530822923112,865.3567826736416,868.9899585881312,866.6912586947453,864.8383718037752,867.8818224949654,870.8958826176226,874.9109707486357,868.0302828528987,869.1901561945848,866.766294875313,871.7051312098638,882.6942886081699,896.1880614643171,908.3003364719445,905.1556777851074,916.268802915868,922.6725285558816,933.2957380166115,926.9416531971525,927.695563693592,926.1618184660476,933.1604556220641,937.3258794819978,953.2819081776307,966.7781650096108,987.398813071938,996.5382939667987,1006.4067441987128,999.0175529314415,1007.9602962892662,1007.4616186872853,1016.044522455921,1015.8575561103302,1032.7893797463535,1035.7818869961382,1047.5857627413322,1054.6956700762494,1076.3228644855615,1090.744711223566,1122.8279282034819,1152.1258643131043,1175.7159692119305,1177.8676987913104,1183.7211612508922,1182.6220214415118,1173.8401818291388,1164.991352440697,1184.2352375010732,1208.3027328639414,1230.8519330242234,1233.82681372125,1224.3042481020898,1240.0382326852416,1233.725946449636,1232.4000175523577,1214.2884707246433,1221.9116768586375,1231.9315664702872,1227.6876039192307,1224.3663995046604,1221.6400709885565,1234.4679613786705,1258.7471598217626,1278.6090008702622,1284.1063433945867,1274.3883338310518,1270.4878483805571,1273.1353584371166,1279.1515949185425,1297.4287203076888,1310.1972667492614,1317.9751613440988,1312.8360848124673,1317.9163698988748,1317.3178186619184,1323.5458248837717,1319.36156887414,1320.4576090460926,1313.5929797322485,1320.6355616865121,1332.8947515142315,1347.3655034421524,1364.494573839254,1377.3311699238586,1395.590033369639,1395.445990408439,1391.0996370772582,1388.4938741498104,1404.7518232494715,1418.5759089547,1425.1733180401668,1416.2806900685114,1408.435279669145,1407.6624056978,1423.3155425949883,1431.6705067798773,1433.72152050656,1432.7221215283666,1445.693861941464,1457.1169753804024
395107,159,"South Bend, IN",msa,IN,704.4763243760727,702.9725928176456,709.747203898437,718.2010383170009,725.430790141222,719.0375137241454,712.2593454371361,711.3145956930975,714.9790637501316,707.3352948996917,706.7729940526044,709.0481026004142,715.4406637016302,718.4595029425432,727.7339338508899,735.8012755324779,739.6339251688822,735.4661499135364,726.2215870708899,727.0314313308402,732.2378145619551,740.0332770719651,739.7870198385973,732.6852017871155,734.4116057462232,741.3900756163908,747.6266401047027,760.0301113583098,759.4430470709257,764.2740637514767,757.6796729368871,767.2647298347587,776.244049088591,786.4030832602489,784.7867119920631,787.2304296082635,789.1571027985655,783.4025227204123,782.6376234768638,786.7740991527028,800.6852494917788,800.4440654492886,801.7970238744845,807.7166862213478,812.8088486776013,814.6770728897588,818.9060991288319,827.8154744378521,825.3846201679946,812.718688644917,811.1225439492155,826.6025156222478,846.8866034642405,855.3284901518525,859.2577684432883,856.7076362575913,854.4517144178188,846.3245969097951,844.4948206446171,839.2969570707832,846.4297219926499,842.14060213632,855.8755135650699,867.6726944294531,887.7231023945769,890.131113839069,899.6399905738633,902.7228576433635,910.8285321416236,911.5485743804975,924.6612848751504,932.9567357082274,942.1648579935141,957.6238236635775,964.0551605231162,968.1568074406972,969.8683580455497,981.5282328588072,994.5997323956628,1015.4908282012085,1035.105481976418,1057.5769249626387,1084.6676259958117,1093.3359079905408,1107.7174597028395,1102.5959585629937,1109.1216631748937,1114.8934433231173,1125.5533420341474,1148.2924730993138,1161.934409325522,1176.509287617943,1177.276020135678,1187.5860953369574,1190.1742758675196,1207.1871584301355,1198.2491328055876,1193.0043693421783,1199.987436126205,1228.1831639981274,1260.3929342468875,1267.9321794609093,1271.724091048794,1265.834328785972,1276.1249428183362,1267.514598330986,1267.9664338249872,1267.2670058421622,1275.6755117083976,1276.784147117113,1280.4541586785328,1284.9724891024287,1297.6657644453996,1302.4863293948247,1314.8566041695171,1308.5874055415056,1312.3630492266552,1302.527527692924,1316.9164241204865,1318.694419493791,1320.8668889500982,1319.3031047948912,1331.4920559563916,1342.3500683969253,1342.8265851869467,1345.7566205680193,1355.193242460575,1359.3384011761575,1373.4921833477647,1377.0507060305554,1401.4174898470856,1391.2837100511822,1398.3085557363618,1396.5871777411419,1401.3414540238828,1413.0306542476644,1412.2685098673883,1413.4073357426296,1409.2869219724357,1431.2180555555558
395109,160,"Spartanburg, SC",msa,SC,,,,,,,,,,,,983.1599831997445,984.6738276451897,968.2471176101602,969.5718620483931,977.678091858764,999.906103824668,1009.9113885694508,1022.9193709585609,1023.4968830988145,1028.4702578370634,1029.806869608747,1030.6896222127177,1031.877797883537,1026.058040073646,1035.379863106602,1038.492472645061,1041.731146548194,1043.8849591174285,1056.1817523494615,1073.7360984275078,1075.539162142616,1082.458032015948,1078.1986348286423,1073.0496340979546,1065.8340970046027,1064.8625897791928,1083.105100001892,1086.4854523955794,1108.139982821369,1115.0559545574613,1139.6992097774664,1137.7375956700425,1142.0017946994788,1132.4765074137283,1136.27525934052,1134.3167021684098,1130.8759304813263,1126.176272892192,1145.4706965798462,1162.2062130141408,1168.9437680004796,1168.8518643337582,1170.4998389631526,1179.881187831237,1178.3786511717876,1176.878461256643,1187.9729424604943,1189.9808453223545,1202.1479904908808,1199.45355563291,1201.230441329716,1212.6085227224862,1223.1619852204658,1232.670256226097,1245.3417930551427,1265.823958462015,1289.6266911002774,1283.7034497655975,1279.887017609914,1266.7500550393872,1263.174378613495,1272.375392524119,1281.333892212737,1302.9920750810147,1305.3610598851926,1324.778060841403,1338.8122884852994,1363.152035749716,1373.6107534457528,1377.8495257747813,1387.920554475815,1401.8777840691125,1414.5177569319615,1423.704958966237,1429.0830174548023,1446.9329043054786,1452.0401203155973,1464.7518587055256,1476.822143019594,1497.9738910927533,1518.5202385871314,1519.913856529671,1512.8017406010642,1504.054692425924,1508.5187539686447,1515.6130884578608,1528.0746657024652,1539.75206548201,1557.9592196677568,1565.6049462414699,1578.6811064888461,1586.6258139973238,1593.0589090907229,1598.0052914539226,1599.2103441679396,1600.3772871806307,1596.7311652276098,1600.561801866444,1613.307903886344,1625.5047266127297,1636.9813857261163,1639.702184689018,1643.5371522051464,1652.3568020138316,1660.2864851461645,1660.3523861457322,1653.8230586555203,1654.0831748475891,1661.7162253795684,1661.6826019677435,1674.7719543504056,1690.8005372839343,1704.8589230735556,1711.0139356682362,1701.5299924927874,1701.356503557424,1712.6914193675805,1709.004614715759,1712.0067738743628,1707.029293131986,1715.4378605979755,1721.273735586463,1720.3469849039454,1738.2376751400404,1741.5555298895424,1752.1504777345567,1741.6974111665932,1757.7982491617065,1754.5117722249713
394645,161,"Greeley, CO",msa,CO,,,,,,,,,,,,1630.1943962675412,1623.9487815691534,1612.188118570022,1613.099595775565,1632.9327039464185,1643.95444012935,1667.608863226493,1663.5501438639405,1659.462376187827,1657.3543470696632,1666.1856457477636,1670.2147334203712,1648.2533800617396,1676.4398458889389,1676.566205648791,1686.894654298148,1679.2839616983852,1691.9832283052292,1714.3419956000937,1719.5585271108657,1733.9612861753833,1743.6760253295936,1748.8953264498925,1743.3214868991952,1748.2343965737336,1742.8481603043554,1754.422822448241,1757.2177767212338,1769.8033878946992,1776.0664220619544,1783.9390750144296,1799.8281820734762,1811.9188135417655,1825.4824766900836,1830.0657722378733,1819.8820215774997,1833.988498117397,1839.733374924361,1860.8631262875656,1865.493230983953,1857.6135317644448,1856.9108232898457,1856.4334204343074,1871.5145925268048,1884.3300621961687,1885.5505534712038,1886.9016118882319,1880.6794287362304,1869.0966629711277,1876.7992671424468,1885.1990085196146,1911.359767977573,1910.1592770186646,1906.8374077627916,1897.8634050172022,1907.2291230586584,1919.321957839236,1928.998483967121,1942.2560101458905,1969.9518052057165,1980.94793836731,1998.0594893431712,1990.9509438913867,2004.320984078795,1997.9375674678115,2015.0296168993398,2042.262898359897,2061.4519335529835,2077.1252250732136,2078.2970204556023,2100.000049404889,2116.003112081517,2134.1636845444013,2163.968481999876,2176.1171052304226,2198.397384050561,2210.4675436495854,2237.571922196016,2241.7543476951914,2248.5815989388393,2243.208332213408,2244.3507929921548,2232.8887002980587,2233.6830989342366,2242.9368308181693,2264.521204861026,2293.747876580036,2311.307366389035,2322.213322052115,2328.697490213932,2347.4546155960365,2359.8592357277016,2373.1251460575245,2375.9412512879726,2364.9166189768334,2343.8352836268004,2345.201160796022,2362.978933249438,2387.6630588651915,2400.991148951563,2412.011827067794,2421.134641719013,2424.7689448477645,2426.5027576782127,2433.773108551369,2439.929472806094,2439.7075979099172,2432.7743851379473,2433.026006188768,2443.0984958680997,2459.6788929379472,2467.108902551119,2476.995730046833,2483.8008592002966,2485.635087067165,2480.9603723474784,2483.1280254193634,2486.383034092351,2496.352940387081,2481.3109892140333,2480.7026704091836,2461.603739975848,2478.2609512984095,2501.197616130035,2537.603940517363,2549.6817665574727,2540.0491403820797,2544.5300433773405,2555.0464385567834
394808,162,"Lubbock, TX",msa,TX,1042.4659853200724,1073.3679587093516,1095.4471463821367,1114.186696241925,1117.792434410996,1120.5642557378171,1123.225819779787,1111.8801379808162,1112.1393385287581,1107.3585012547023,1107.8721713571597,1100.5564885341635,1103.0096849546233,1116.0756894620324,1130.6141897687787,1142.7170234109278,1146.7862062027823,1147.611561278626,1143.037904199151,1143.6065733536232,1136.2888977997509,1128.6535572554121,1117.365153146467,1115.7760107317379,1124.445424317359,1137.8551610567554,1148.323976010703,1160.0601971033527,1161.7707253473106,1170.925851499535,1165.9099866165575,1161.475294741228,1144.888857498307,1138.7564210221612,1139.0786338428159,1145.928286895394,1152.0460990780196,1160.416858817154,1171.2789563553627,1177.0865316820439,1180.9539143815764,1182.1463658589305,1177.5062620545666,1171.9234634771706,1158.7299989409942,1159.3188386680947,1155.9777395813867,1167.8708678103908,1169.529298331344,1189.2915950802042,1195.4218215330723,1208.688967363689,1204.2007649886561,1206.1135996019752,1201.7785936257665,1198.608701914919,1192.1742097259262,1191.53595300285,1190.3810043991011,1199.7264490281677,1210.0835799618815,1224.0365395121771,1230.6359448358558,1236.6824392222134,1238.3170895347553,1240.181769837945,1240.1373366480277,1237.8843826618443,1239.8804671466626,1239.731228108848,1246.383255367296,1249.1256069305812,1264.5889074441682,1274.557078585645,1290.428534289707,1296.8831135437658,1318.6342254808953,1326.2514564914134,1336.8905440583972,1330.9927088552963,1341.8944605980964,1344.0619868523763,1343.6107193306707,1337.2217212885987,1345.8614940044047,1368.0567211525492,1390.83093205107,1403.3613744965596,1403.7399487077696,1406.930379653994,1409.9928350573975,1407.1848123784878,1405.6192119911889,1402.3321476861133,1412.9189379859693,1413.8956247749618,1414.5289883973276,1422.886169368056,1430.389299802003,1439.2674959642145,1435.1117493352258,1436.3141068385341,1439.8611700653555,1441.3138364855472,1432.314199967123,1427.742202482859,1424.818851022293,1433.9923871645497,1436.6279375187153,1447.3817698154976,1455.1394310064077,1459.5668146959392,1462.5024294782595,1461.1917843243166,1464.9711025632218,1457.4802897612192,1457.3664070245525,1453.140949620981,1457.8119195438796,1467.0764144749733,1476.2330186539532,1484.0998694429898,1483.7698713929349,1485.1664575749364,1483.334635149732,1480.934459101467,1477.6789382569889,1475.5245026130224,1473.0875434908269,1473.2752893079587,1469.377519090939,1482.3855743191382,1491.0315920626795,1508.2960320322566,1514.1947365304563,1518.350507643214,1513.6053422387492,1506.9331060133222,1503.9637218400728,1502.8858709761164
394471,163,"Clarksville, TN",msa,TN,938.5153065959878,941.0481460725648,943.9539638570769,946.4628605231477,948.9250653823806,951.1764451750081,955.5379915213788,956.2149242468915,957.3277273950528,956.9668963286101,954.9452059301358,952.599998455757,951.5150384590826,953.8694566859776,953.4845640643081,956.9395352127167,960.868236464378,965.2855901383292,967.0886262699113,966.9963971443287,967.5446943947364,965.5686590741005,963.9038972331699,959.0282760487154,957.2844282917757,959.8798228812044,970.1988265553802,978.0543534725084,987.1177828872467,990.4288368067575,992.308436115618,993.1409849736333,991.7247580457788,991.9939973302472,990.12723906282,992.085163397376,995.5250711895125,1000.7388846445908,1007.0853479643105,1015.0800063585802,1023.212382221304,1030.493506880957,1029.0740735118725,1029.2407379832512,1027.5736888220601,1035.2291372453917,1029.7913990667985,1029.40171660273,1029.685767538662,1044.2611193739667,1057.7134478226296,1069.0315099541408,1079.8982435688595,1086.6384705037292,1092.4629636782947,1100.3985035564604,1101.0628170334874,1101.0784025995047,1096.591851146885,1100.8082788183633,1107.7660523938105,1114.4921485802552,1115.3909891339708,1121.1491117842884,1131.8500474336354,1144.8043327566284,1159.3574972266392,1168.1658676104018,1179.9366359551261,1181.1431900669697,1187.1207765364122,1193.9515216236387,1195.9443073575867,1206.0464782829908,1223.4111628005705,1251.5452656675577,1280.1139822291666,1298.1443365166244,1319.9692816051493,1338.0946628198053,1357.1882155930093,1363.4355584379066,1359.085994209435,1360.4178200045963,1382.0104352391563,1401.7163491019303,1420.0084722662161,1423.9023238484326,1433.6300303567834,1450.9796991743651,1476.2597953320815,1491.2704666344287,1489.1680994780454,1479.6633540655907,1468.867628865756,1466.251406136766,1461.9493771078373,1476.2826585631874,1496.3821048286818,1516.081099026798,1514.3350486842814,1515.4017519487088,1515.7001979824838,1520.6613917618363,1515.4643919675796,1515.593198660567,1518.5938285997806,1528.3758934972755,1530.4611674780276,1541.0854482941968,1549.5997333186615,1560.2340611891887,1563.812413599774,1563.933396885241,1569.5880813273368,1576.462967377758,1579.473957977184,1577.2734161721223,1582.9988287318529,1583.1435311434236,1587.3220333139977,1581.5356693415808,1582.9791742046802,1583.8087001748477,1588.0527432033919,1595.8727091720227,1596.5596862137531,1592.8399460538537,1590.2224466829869,1594.5942577451542,1596.1936090430852,1594.7438770244185,1590.4743377094671,1594.7289543123131,1599.7308054828777,1611.7380370752758,1615.8401271109215,1617.692138761822,1621.8711108480945,1628.890598218669
395028,164,"Roanoke, VA",msa,VA,939.1924630063309,947.4397096098238,936.2757333440984,923.7543191154363,928.1312523851261,931.4728790504529,938.0465288331177,946.0221704738098,933.651131866606,945.4695854946613,,953.7030586062049,,953.450582283056,953.4912276191441,966.3933201048555,956.7110290720397,950.7392587111186,951.4037620944023,967.7314847090232,974.4973608737658,986.9339349114601,994.51821850699,1006.1561561358502,998.2173271254063,988.1102076126607,984.538796188565,992.6142467088373,993.029496989674,996.9818516334668,995.3626784247912,1003.4287759207901,1006.2061058486619,1004.2197951783721,989.400108311273,997.2030807717695,1002.0876293656906,1020.1443427236957,1013.7385016403383,1017.1801448995702,1020.6582356395986,1032.570994976645,1037.7376807648545,1048.8932204990103,1045.803464167313,1045.3094749533657,1036.7574243535653,1019.6617505636042,1020.1657832205445,1015.9215700886551,1044.0766096732343,1057.824246634364,1075.5595185644197,1076.77875750377,1077.8729098421286,1084.2917373724677,1086.2497849714766,1088.6459049302055,1088.0680767890963,1091.581405481002,1090.907351293855,1088.3603409297386,1098.1377329519607,1105.644390209208,1124.1223519186653,1130.1276999880452,1144.115077523401,1147.4885110735995,1156.6025825127624,1156.3451415201387,1151.6154020433482,1151.1799204001268,1158.195578877519,1163.974015593579,1171.999635171314,1181.766123747979,1193.559612679021,1235.6563011972214,1259.2302416489586,1305.9064753129762,1300.186441111443,1310.7363957208865,1304.8732509662862,1331.0727264214206,1337.3633033709643,1366.5461575789611,1360.4186000145867,1372.057430734696,1368.9394192144666,1397.995258674705,1426.7526411781698,1455.8691046202257,1447.6429995377518,1464.9199887772063,1461.3771625015818,1473.0718312113324,1479.9765728906536,1501.1843913139433,1506.3559268991812,1512.0986684530394,1496.562583448446,1539.2336887549804,1548.7914212782218,1576.60587637709,1570.2250909292588,1581.99612663056,1589.6570156887215,1565.216112707001,1569.0659142069449,1559.2271169157789,1601.4537410462126,1608.437662218754,1630.6707451814789,1631.3329892911236,1650.7805608341002,1656.7024962363669,1657.4944063716089,1644.2938080733484,1653.0591196493872,1658.8643487226827,1660.1274756526286,1680.9341605240672,1686.3897915859122,1697.9666969607902,1701.1883823560788,1709.7330403793658,1723.3163698665278,1726.1798004914967,1729.0946005800724,1732.0062406815005,1721.5575807774503,1724.075579012551,1733.2290712555134,1751.7711713347085,1776.0042194007824,1769.8620197855073,1774.5045790396482,1771.490112159503,1785.3855582902418,1782.653524636283
394579,165,"Evansville, IN",msa,IN,666.4728265113328,665.355517870852,673.5378598065612,676.6491485509963,685.7216565428831,689.0050406116518,690.1898522629683,689.9948924874585,678.9745734953009,668.3179614161687,667.5445845382708,671.456300116175,684.1637044382012,686.1564249752871,689.3475879358817,684.2648423839303,683.34387943266,687.6869941108221,696.552856981523,703.4299342278556,703.9510807631902,702.6449520243499,703.0787414766247,708.36724189962,707.1152616590012,709.264386358584,707.3605024834127,709.3670944823884,709.5975741869304,712.6978831296929,720.8335665132012,720.056930183613,715.0120655967116,716.424516487134,721.608214130165,726.0202289136168,722.6924424513926,726.0458029535679,731.1189337323764,741.2454685099507,743.0189916055012,749.968470488461,748.5353102183485,747.6736189405691,752.026887829319,757.2903620917936,760.086855606788,757.1743889336144,753.053108861606,757.1337777022752,761.2822852855321,765.4072521625387,775.9202433665449,776.8516064374044,785.9592755405453,783.3703144690762,786.2996461518477,786.0548346342695,785.3956438397208,788.8960205164896,790.4249305763465,801.1164384751235,808.3091937887722,806.0092614915401,804.1457452791085,802.986917532706,811.4372565290154,814.574760056408,818.9117724302115,824.7159073900201,825.9670906743456,832.2058874147575,830.4182431814606,839.1029424090677,844.142519861098,856.8548487666727,859.4175939395777,851.4270249643357,858.384460581306,878.3719921647004,905.0069277737098,903.3251840875471,898.9311344843823,897.5429129302794,923.6762899122966,929.9491937251038,940.8544713715579,930.2193470267824,942.6825190620156,949.4376532735622,959.9550659248049,959.2191364732266,953.5433664144145,957.5889590736654,963.5224856949312,973.3457495138797,975.163436421804,980.49732484061,988.769156826032,1003.5930754037079,1015.0726538863753,1021.4586059921244,1027.1256795603078,1033.992541043694,1035.6285579310638,1030.5070102450268,1024.1005318149764,1042.360260821358,1049.1961402700151,1070.8794824880197,1070.06967038109,1084.5522889948516,1086.1726609509196,1099.616594035321,1113.0834586722742,1114.5443651729643,1124.9497903161803,1117.1646914708974,1127.6612796161862,1114.9236046483377,1127.3406770009803,1130.11321028227,1138.0213590583494,1141.8551659286775,1146.2622615236658,1153.0089100958303,1159.614030508956,1169.5295633256487,1165.7544361577118,1181.8935801128525,1179.9135418181243,1193.4191720361348,1187.475622772115,1185.3673231274247,1187.4052609441042,1182.7283703872376,1204.7564644116553,1211.435579328791,1219.252546970627,1214.7845156369183
394747,167,"Kingsport, TN",msa,TN,,,,,,,,,,,,,,,,,,,,,,,,,,,,,,,,,,,,,,,,,,,,,,,,,,,,,,,,,,,,,,,,,,,,,,,,,,,,,,,,,,,,,,,,,,,,,,,,,,,1395.8632129531275,1416.528103215349,1399.8365249730057,1433.4056835278734,1428.7732797486044,1460.4400365679155,1467.758799902116,1453.9390135924507,1439.5985511848444,1413.4607213977315,1437.254298596601,1438.2794307593406,1457.164691383076,1461.849711370135,1487.7415572447844,1490.696643262547,1489.8029872866894,1499.4139546823433,1514.5726565463294,1525.9307692453845,1519.9741174359826,1515.443394313279,1526.0688386168795,1537.4613428096568,1547.2811488608738,1553.6766688120763,1549.8346578088087,1553.5744466752624,1539.3375077092762,1541.9717087152185,1573.9950869703198,1597.1814555084075,1582.3640273941994,1558.872779301165,1561.8837158719869,1594.4134556074575,1600.6151996598721,1613.2200943647408,1614.4867714839775,1617.623404320896,1626.2735557369213,1621.6723484848487
394741,168,"Kennewick, WA",msa,WA,,,1283.242210552363,1289.382956277113,1306.6578543121132,1321.9797109879344,1335.9546017263622,1351.904553484143,1338.7276348914345,1356.4841667679432,1343.5793153446193,1355.167937927251,1336.0727874383158,1358.2188610030132,1348.4889310021456,1368.036182879645,1373.3705092860823,1402.5740813444177,1420.4497944600719,1425.8900167081129,1423.6285487783853,1417.3385053487816,1420.8023287703095,1404.3219490608806,1411.883461799289,1411.6084736065832,1450.513864102801,1457.5479757393111,1469.9897280865491,1479.451157969211,1487.514004901265,1494.4553948920054,1485.8292695886837,1481.3466144407598,1478.278561053622,1473.1682607808457,1475.4507007911338,1483.0656352371439,1496.446703055937,1509.3607221635218,1520.7714767241089,1531.036431733727,1544.6458697971404,1553.9024589083617,1563.465582581867,1556.7620660229466,1548.3417333665168,1540.8919031281805,1545.471924906499,1552.7483028790919,1556.5456488251225,1554.5291097152767,1571.0986471389424,1581.2310759654242,1596.4805106868544,1598.1926392792366,1607.8851556001816,1603.3770989311824,1586.1198816312751,1602.8134425179392,1614.7105126829613,1644.6191152328672,1624.7861832742233,1628.556863119768,1623.5284957319222,1638.0789082823899,1655.8732785707655,1672.84365590501,1692.2515193356828,1695.0017715270533,1707.1765603472586,1703.6728892874576,1719.4882781143003,1718.4826755402512,1731.1427176409481,1752.0851857576529,1784.1819415852067,1821.368849383465,1831.4341567915485,1851.1427475516207,1868.0908250446757,1908.5597045528064,1913.6864314848417,1908.1262878741866,1890.4183226277412,1908.7635421437951,1937.4116083088702,1962.1388137953618,1966.0903899993148,1964.339317687655,1970.6793925465972,1987.9027290210897,2000.6996785579647,1996.7199056007048,1996.4130572357883,2002.4858412499734,2019.947053932568,2036.699767246614,2047.8939544383925,2046.7339736769827,2068.675199796281,2078.3250554506494,2109.2267083465927,2105.0950277691863,2100.5323977720586,2112.289744670448,2122.9886106977087,2141.92864760024,2129.3700961439445,2139.301104424463,2158.4425593139968,2157.1482721976345,2162.8952858549937,2164.05108075772,2188.3472991241215,2186.6399887790312,2179.943297574713,2182.124318917019,2165.4028665933956,2177.818234257908,2173.680293642554,2204.686137669179,2204.0001351495966,2223.723955959603,2238.5594174246376,2261.86304127251,2269.306480995728,2274.8736898846655,2275.3881278906124,2267.0595980835724,2255.764094971109,2253.4799871682912,2252.631480708787,2245.1204308592587,2256.278601941763,2299.463026551126,2322.604459686383,2333.9585348745163,2311.3605734441953,2296.9570707070707
395179,169,"Utica, NY",msa,NY,,,,,,,,,,,,,,,,,,,,,,,,,,,,,,,,,,,,,,,,,,,,,,,,,,,,,,,,,,,,,,,,,,,,,,,,,,,,,,,,,,,,,,,,,,,,,,,,,,1588.9939091486488,1540.7199989656956,1539.2920501214178,1558.1057480364345,1571.5303817701445,1527.7984579483102,1520.4854299177389,1542.5809773303051,1601.7150025324538,1629.6961936223859,1610.8272256390753,1592.7742282552229,1600.7371602285791,1600.0673635355665,1642.0002048091662,1636.4323684467918,1680.861339535732,1678.3172115265318,1707.2884646278624,1702.999879844622,1723.3605172246444,1712.6385302984465,1753.2438625251475,1744.1998434653024,1749.8460722980585,1739.0402206634578,1750.5376957822307,1786.8017305812234,1782.6957175753182,1799.1341451956027,1802.0710090835066,1805.211169667435,1812.9695841359612,1785.9517299981933,1895.8118119724488,1906.3156981400678,1944.5977006712703,1917.104222504463,1940.969793919606,1952.5880736411914,1893.046389921936,1928.7222546096064,1963.611111111111
394660,170,"Hagerstown, MD",msa,MD,1052.9678526310079,1044.5623580307902,1047.6801046389544,1052.798905045774,1066.3517439680315,1071.487668411218,1073.083153787638,1073.5526843479058,1065.7380733483228,1062.8719683271204,1062.166247435193,1063.3373795789166,1069.2664171364497,1077.658782064237,1080.6942841729135,1084.7538304994393,1083.8051891461403,1088.840132846014,1086.9395041326245,1083.7761324674375,1087.3864333776842,1085.2774061191128,1093.9847809806265,1090.835120887284,1095.792607122037,1097.0280492592094,1108.0695964159986,1114.59822975266,1117.0133135378169,1116.8970227702275,1122.5475855748325,1128.3486570706923,1125.7588993234283,1117.4025304269783,1109.3220833478238,1115.1327704136575,1120.0087048038263,1129.416806495582,1131.7882907476926,1135.480062396197,1139.3819732092416,1148.9034485106586,1154.525826948902,1156.8976463437773,1157.283068028153,1158.407280901945,1158.331154663121,1158.093688003123,1163.9319453462576,1170.032223714886,1182.4819212117086,1185.5058843722677,1185.6530315369046,1179.7149542714558,1189.308009266258,1190.515975244686,1191.1461231875162,1183.108909671707,1193.6688862061833,1204.6873185601037,1199.4813749275781,1201.5726701489455,1199.7657335005915,1232.175742215483,1237.8101786860416,1253.4392918337778,1259.6387349842282,1275.2664059314416,1289.708190137141,1285.8657794875685,1295.2570433524104,1289.7730053512478,1314.033727755693,1313.3609111173948,1333.2821777706638,1351.0866018153927,1377.2296121542881,1397.7688735645177,1404.914817767865,1445.461400924848,1476.4127032082279,1495.4070146591293,1491.7006465540032,1509.1126990049354,1517.6776582256573,1506.6332663253174,1492.3926606933521,1515.5370174128952,1554.4607834915848,1578.6180670842807,1584.0092322385415,1597.796013403602,1605.7896404515811,1618.1278779859188,1615.0447637070301,1648.1698031339718,1638.2272433445892,1639.1126196031973,1638.813717884935,1663.6969744278622,1677.4321565817907,1667.7131250141745,1654.5594176363734,1667.1319708429914,1676.7143564766088,1697.582716696924,1703.2911790967098,1697.1226137311346,1705.3764342480692,1694.8835620819661,1706.5505829543665,1706.3194706993195,1735.8656835792979,1741.86889342805,1758.77721620363,1756.7906228369125,1774.6175541618024,1765.955253396839,1768.2017840436195,1762.603915464284,1772.061371525818,1781.5416859659406,1782.5312325518544,1796.2445193036351,1804.6616311343644,1820.0398396835274,1817.1957411840453,1816.351510550993,1808.5121751471956,1793.5506864388915,1800.3228708805352,1819.5985718856432,1844.1770649807963,1845.0899574948248,1841.4408351036886,1848.0353274739782,1857.5821458174496,1880.6138974549647,1888.4157372270336,1881.0654320987653
394543,171,"Duluth, MN",msa,MN,,,,,,,,,,,,,,,,,,,,,,,,,,,,,,,,,,1205.1202901502681,1225.8828844581926,1232.8861808479933,1246.9750016997823,1242.6779662070487,1234.4983691149905,1226.9061881289228,1238.495293323437,1245.8755068677276,1249.6983992860619,1244.5805587157938,1230.993304588968,1252.7107426898694,1267.1024469445335,1302.5928654794652,1295.3161228764427,1288.481957656591,1269.4510639523771,1261.1815356925288,1254.2409799828877,1265.5723819085924,1269.789870554509,1277.9748408849,1258.334599332572,1267.5359054251064,1295.1588389527271,1331.139998051193,1324.5241580698591,1298.9769944328307,1299.103095237253,1306.955552499482,1323.8776043924076,1329.2605159794698,1342.1603247797327,1340.7319003143164,1361.33414631569,1370.572717223958,1399.8854138615568,1389.814867594265,1399.7722229170217,1395.0982810346834,1402.9733638323842,1405.0026174720613,1425.385901950532,1444.77512740609,1455.6387445683213,1434.6417787816142,1440.6161654506377,1451.596071003702,1483.1119779834037,1498.7155191384709,1502.078717791945,1498.7343679447467,1503.5138947211349,1535.3500359503846,1557.6479196576563,,1544.387991839481,1553.667147933366,1596.0001889558373,1577.8649500226923,1594.272984364172,1585.45571909684,1617.1224097947904,1624.1171639425597,1630.8415449374259,1650.5918459291195,1650.1160857255265,1665.7295472366272,1645.752472277814,1676.009298208999,1656.48444841939,1677.1968524020822,1664.0132899940181,1698.7018424926625,1699.3006542584565,1708.7025003798867,1719.5225986307887,1741.4080957941464,1729.4376774560162,1736.7819581962015,1751.4517394152365,1754.412879141634,1735.168567415752,1710.887982267533,1729.125184269648,1738.9779021044785,1757.8967247461678,1778.1892765270948,1795.5929707359978,1821.61319781448,1810.5528214685764,1833.0420606417492,1820.4867588610296,1840.3296148629247,1819.8579971927516,1814.1689123838332,1811.1362689001555,1818.2345636597652,1825.648335524871,1824.9603615461756,1840.7620046581294,1854.3814916853748,1886.099629660328,1898.2112816286945,1899.9417901593704,1898.2222222222224
394937,172,"Olympia, WA",msa,WA,1335.9817872625604,1346.7955181643167,1351.1502925515408,1362.1050476527291,1369.520649162831,1374.8351390224382,1381.117160579826,1385.2604375965532,1390.677435231347,1385.2927643773567,1384.5354169048687,1383.4640349790204,1388.746292021159,1387.970355213906,1406.4288426389687,1424.6230938389904,1442.3706441737304,1450.927916557266,1455.9591907845213,1468.1806447646584,1468.723344024453,1478.9196697508269,1468.1870122017544,1480.9554455930156,1482.55869304451,1503.5943534778744,1511.173391003179,1533.0160716395212,1558.387252270513,1573.8069847916704,1584.0145773910167,1579.7672358644427,1585.7103971693791,1588.7130138191364,1589.1349811510531,1584.5142339637189,1579.5864419959216,1590.9356148628535,1612.9549882259673,1650.8474712696818,1662.5292923483075,1675.8740488717938,1670.320314681195,1682.1337279573968,1687.366205309677,1696.200577790541,1692.8133834598548,1694.2068069845304,1687.6809455303185,1706.4718374168863,1720.5552125484471,1743.5138073295211,1757.8140144420747,1774.0686358794032,1788.3285926009337,1797.730292393643,1795.502037803946,1785.8891579561807,1782.1328179037798,1780.549876393442,1790.1595178613481,1794.243623218101,1809.681096077108,1818.721657824332,1834.7275368835942,1847.35598542961,1881.5438600702946,1910.0291327723196,1951.205037353458,1959.8820302930478,1980.0068660374789,1955.2939241496686,1970.3927406096627,1985.7646627248275,2030.4922083773376,2070.510388095634,2102.178474840563,2128.840590956846,2146.8291366115122,2165.5979868036766,2193.5167138820175,2209.8388492346485,2243.1327835913557,2252.0138465048803,2257.93358776938,2261.1900983412124,2286.1716654883703,2312.373338488345,2330.8400586748567,2344.1272548336474,2357.8556679698863,2357.5683055946133,2347.4098913742564,2342.9966283200183,2338.119213503848,2331.660491208259,2320.837888597385,2324.025378080478,2349.8963042076907,2375.929960376853,2403.644356156113,2410.684863550595,2418.4725235790997,2419.016905288056,2419.5844831142203,2418.9527451683275,2422.8930989699543,2428.4618214164047,2449.1260821529454,2455.632190278795,2474.7622518735825,2475.734332206,2491.9602845832023,2507.8404865969433,2523.8789007405867,2532.546014296236,2534.168077536964,2536.7040982635303,2523.9356908374148,2523.256503557809,2512.05350199357,2518.821813707114,2523.6852574587883,2548.4338095979797,2564.9189169135807,2591.4020296999342,2604.7851110816573,2624.3422606510626,2625.439047829295,2627.905033389883,2604.905457560466,2600.266308318711,2604.8221660623217,2605.0430929966906,2611.7874470570905,2617.1734519124398,2664.912781782647,2677.982074904386,2682.7929689704997,2682.5275324675326
394803,173,"Longview, TX",msa,TX,,,,,,,,,,,,,,,,,,,973.7625925371902,983.3808706509802,991.5951661745679,981.0906897393107,962.7943764800137,953.6069877318542,967.6522171692917,972.3074546999369,980.838729350969,990.2042969458215,1007.7275007269029,1017.3334454017252,1010.2704646783187,1001.5544880427597,994.7153765278122,994.6360791324041,997.6180779326742,995.3765605432873,985.2905248533393,986.3499183169208,995.9140305540186,1017.1930329079869,1019.0157198603899,1021.7931257516166,1010.6953129763345,1010.5138155904705,1016.1830723002203,1026.003886589191,1033.5302506422136,1031.1244882776323,1032.8093844450889,1029.2995308470938,1033.6132151907027,1043.6333973870899,1051.7823437313273,1064.3149764678856,1061.2882889941254,1056.2572637259245,1051.2081517946447,1051.282525021515,1051.3655522903578,1043.28277457438,1048.2134857928709,1066.7893957821939,1082.9683623644842,1089.6513421772408,1082.3392002302705,1079.2052954320052,1070.20208587048,1089.244515705623,1099.0856947577129,1111.5181142455037,1109.545935802166,1112.6439694225842,1128.1600781927061,1126.8965178856688,1131.1499950407447,1151.2219118666794,1153.3878773169072,1167.8419453657698,1173.1867765664101,1197.7446576850807,1212.789201740596,1220.1611207457845,1239.9453771274116,1254.0791157119172,1261.6776841410933,1276.7225344218352,1287.5556199563036,1294.6520722144173,1305.7540637538286,1303.007068415694,1338.916816412533,1346.612183961778,1371.801086676023,1353.9889711514897,1371.5776733544365,1371.4184666308345,1373.440951503331,1367.3129465234913,1377.1916664433143,1390.6789170379834,1392.7731007404445,1376.6919450357536,1386.057866389343,1380.127511532969,1395.4662489252387,1391.386376837013,1399.7687553534656,1408.8789061799757,1398.6084448755676,1416.280231271878,1427.9903017121483,1459.4825272587996,1456.3228970985542,1454.2524251509112,1450.270910549153,1451.5770250735332,1460.358342795889,1461.3593577849103,1459.3041310478495,1449.2923211944599,1458.7708464429763,1478.9540553495092,1495.260783450783,1506.4090362392583,1511.8906980746183,1526.1764795397096,1519.653665080629,1521.7584601668093,1509.035852972336,1504.155096479182,1496.0793400525117,1506.0949703843994,1510.8724368207081,1532.656325849561,1542.7077194244666,1563.7604508468792,1556.3811825491807,1555.7727310944315,1556.728034785403,1557.1331738437002
395229,174,"Wilmington, NC",msa,NC,1075.397711545514,1081.7977568766141,1085.5492856106357,1089.8119078305408,1091.144574532923,1098.7971769930339,1100.5045178264218,1098.9444301889566,1098.802620965712,1096.7832646070285,1101.3208939588342,1097.953183636648,1102.8217596753395,1112.1089111886492,1125.8667685019645,1136.5296298381559,1143.2452410953604,1150.6671768635488,1152.9539724212327,1149.5393344754823,1139.7092556857017,1143.5692606778725,1141.2758246790424,1157.961406623801,1164.6619944284014,1186.694880780035,1195.7491963834607,1204.9474873630759,1213.2791831936233,1215.2804713392143,1206.9874011105958,1207.8753665473866,1206.0363484826892,1213.4788549069633,1209.7657795295202,1219.5890231572828,1221.1027808659087,1223.6400514672043,1237.6832326751635,1256.2018482710143,1277.6042474749988,1276.226017813522,1277.0705334284642,1269.4409456559429,1289.809785451487,1308.192427227606,1333.5740229785583,1337.718679418152,1346.0139339979128,1358.950460830557,1357.5021734316892,1364.2149914558647,1359.1654171367866,1380.0524959397696,1371.966353264629,1383.5214117484052,1378.0152059769039,1398.6514177474207,1388.469395111896,1388.8689253285265,1383.8970089201034,1381.0312335091562,1401.3309638864741,1424.966417897633,1458.4777806354011,1465.8706452230329,1466.5416251951108,1464.242294557629,1465.7206528226009,1472.6605694477387,1481.8738405540855,1490.9934785079301,1507.4667345046748,1523.7538398426136,1549.4453266804471,1572.344847027886,1605.8409484839165,1604.624121138022,1638.877222953936,1663.3552648570076,1720.407570619714,1719.800427720106,1737.1609302102936,1773.7091892867968,1809.965263635328,1812.5650443569355,1805.515424979528,1820.9965427038856,1864.8647525992387,1881.4453857427573,1920.8185827949374,1927.6082426534756,1943.9251730114668,1929.6004213158858,1919.5862447010481,1935.2911315184963,1933.8754332880635,1960.4383049002188,1950.043854298943,1969.623544323097,1988.4162568447912,2018.4140928678366,2021.2060064693508,2018.4325291660039,2012.4896497473705,2007.0586933656411,2001.6724972007469,1986.3590268550245,1999.2410818636076,1998.3669722232546,2013.1200409605667,2022.1003578508082,2032.7999248934366,2045.1986589823587,2047.7929326635103,2065.916148980601,2064.406556360476,2062.332327811261,2050.9990090846964,2067.855004415091,2059.8166964648226,2075.2873160341783,2072.4294840975936,2103.408140327588,2112.503022586976,2129.606105949908,2122.968198864186,2135.163636527911,2124.0892462826228,2120.3666398859905,2103.9462337789696,2093.522841486267,2101.6392243564483,2100.6837084225504,2123.2498248683346,2139.2913775599745,2164.1162122952214,2174.5397893240115,2192.404417923399,2197.4495526695528
395061,175,"San Luis Obispo, CA",msa,CA,1810.518810363485,,1850.7908216856329,1879.0829499394963,1922.1945296231975,1938.5752706655744,1956.1337849824502,1987.5540511841725,2015.6297716673173,1998.871461859999,1960.7623808822968,1943.7468505950565,1974.3128803378813,2003.4556618857707,2011.2232253768393,2004.082698594555,2014.6822897851664,2031.4264465671072,2041.9960770905384,2076.8160038161764,2073.589323258208,2086.9888842803557,2067.994265386729,2126.26478008317,2159.21967788123,2166.462657314485,2193.6507022375768,2190.7231709745715,2235.0335761844594,2192.8001213112598,2164.6272947310504,2143.9614587715882,2179.150652318608,2185.4820446359736,2203.84697062222,2203.551196470705,2257.763838578358,2264.91117840565,2257.9981496089044,2262.158822062821,2253.605682470281,2280.3773572093132,2282.8889384999575,2310.7245316134454,2324.6442244247473,2332.098785521224,2358.7294152300824,2349.7945207567673,2341.0267708605174,2336.124723749079,2345.132816492147,2364.1755727671707,2360.8414038630012,2366.2068420882374,2379.7146937787484,2367.8094181577208,2365.2789076435274,2380.1284289856076,2395.6675045007314,2392.323971907746,2399.5718328426706,2431.405061672206,2439.3787585051537,2414.7037855483895,2399.572550628543,2412.165589201862,2435.2495638514833,2479.3276241267836,2515.437443278767,2529.8446466096225,2567.6594696963043,2586.922411880255,2620.6710077058287,2578.2963422209723,2601.904423410895,2613.6070272207908,2652.099970877145,2662.957067162097,2686.4504449172714,2686.60375910296,2713.461588915175,2732.906292675098,2788.7104326078806,2789.7518479614278,2817.681153894264,2806.133213304934,2866.4808350415465,2896.960829508563,2943.177894037801,2946.0388210928127,2976.830034538391,3010.8104000898998,3026.0379389021064,2967.973432696841,2972.5969925927793,2930.3258491958154,2998.8530015206875,2990.129491947373,3072.0914821286533,3104.7105964451875,3165.5353963992766,3182.423224740866,3166.437003757707,3152.3498279256432,3156.9422172244977,3202.49892272541,3204.9181175363856,3231.0474986230706,3250.1335853389473,3295.9412204231344,3281.171084996068,3275.9595993335915,3276.6033663119506,3310.9666380666035,3324.3259160987236,3327.380142064381,3315.106400657858,3356.9785782262834,3380.553543855428,3406.2137712228878,3420.705065497433,3447.1190442410493,3483.321437315219,3469.194789773776,3466.6573253075553,3482.1583605084743,3507.4333806847235,3486.53530425468,3489.964884411106,3455.682057295908,3509.4066074935554,3503.176517379823,3585.313145340703,3602.599154565724,3641.4220307033884,3583.608367108041,3598.439261721152,3582.3359229383523,3613.7903025226865,3587.941483803553
753875,176,"Crestview, FL",msa,FL,1124.317853250317,1119.9369000814117,1127.997089632809,1134.7111926978462,1144.4980252456987,1151.3427745349738,1156.2899864636004,1159.722533862648,1160.7470412516564,1161.0930569863176,1161.4629653714042,1163.1707987022555,1166.713290423083,1168.175079779214,1172.2592378387926,1177.7791391998574,1181.744731856284,1184.7024863747167,1185.0156726371763,1196.871856487276,1201.1386839330116,1202.646335056694,1193.7955298537127,1189.1688635895214,1193.747713623267,1206.6989602388553,1217.4407715484876,1227.160405138215,1237.6519633553298,1250.6044237976625,1259.1564224518831,1260.8265529531918,1263.789610917929,1267.6994721102444,1271.062844147493,1268.0422118684544,1268.6772955053186,1271.1368608235457,1284.3511440895297,1297.0246788544475,1313.0075996926448,1320.2439054884758,1333.395888541144,1334.690520616841,1340.642520203735,1335.52832025157,1342.0812510621681,1355.5514134333887,1367.7070313920663,1386.03705407078,1396.2861210778929,1412.301179688791,1422.3794334641857,1435.260437694493,1453.175742708538,1464.5064668752457,1472.0763873515446,1463.2454225807514,1452.0225259035835,1443.0258401117276,1450.3932162606638,1459.399460071409,1476.9116666364755,1483.8410977778788,1496.8238421114074,1507.7725380484503,1525.083188810902,1541.1463015956197,1544.4321147713654,1550.2975524031767,1554.828812957176,1563.093322011055,1575.4562818380814,1593.773522276126,1624.4063100750564,1657.6714183295803,1703.1352271509566,1725.6996848050815,1780.8285597439092,1819.736784752564,1858.208942473527,1853.3500951655255,1860.6060549477756,1872.228096593106,1889.4052502610064,1898.3265476491083,1936.0561092964247,1970.049952972655,2000.3453206742963,2022.360863197718,2050.817424831438,2075.6973400050083,2078.523230719898,2051.7919877492045,2029.0592228046048,2017.4425496652443,2024.2839665059228,2028.9295879349643,2046.5361572013169,2063.481099965382,2085.7595863893384,2088.215610439402,2081.659420296933,2072.8867056072963,2066.018194916549,2063.6634124307634,2056.9501555863603,2052.1652233072236,2048.879409614693,2051.8578422311543,2060.7042573996105,2078.3845992210354,2086.717941713345,2086.2625627141274,2088.2067582741092,2095.1427845161506,2097.157123145791,2085.790094630139,2071.4493014380078,2068.0543716701636,2072.794999047381,2086.8272235931677,2097.2626155726616,2111.6310691655394,2118.1981113733777,2123.704784647912,2120.7931594776655,2113.3151597227156,2107.194586638159,2096.5888273323117,2087.214322353947,2086.6097271352305,2096.699528895544,2113.4183440307884,2125.5573147291516,2139.1982528438293,2159.33775690695,2169.174764922656,2172.514149992664,2181.7517802376847
394851,177,"Merced, CA",msa,CA,1058.0443408774802,1067.2600935629393,1080.3037707473711,1088.963040518933,1087.3057168368848,1100.1268164219296,1109.5621346266807,1122.2703471668167,1111.859318774962,1118.846273217701,1112.0997265220296,1127.7962321961209,1129.4303904532433,1147.900958995884,1149.6753746883426,1163.1592637341848,1177.0063969117703,1196.4410826633552,1211.8562642533448,1221.8253510669836,1231.553963568177,1223.5775985204582,1214.9686932492375,1219.1297971059962,1225.4509633210407,1235.712548935458,1245.8562047931791,1273.9570397133452,1302.4938268475191,1311.4355561090908,1312.1504264019363,1321.4308290431225,1327.8778202771282,1319.180197684116,1307.4261602680335,1316.2604539249842,1349.2755016776737,1362.2478739526127,1372.1029831653248,1391.2747076964145,1412.7947211639955,1423.2478815509717,1417.817747339214,1419.7277548081852,1419.0135699641141,1402.5015874797173,1390.9931181818624,1385.7562031729974,1399.153447740096,1412.3759425484077,1445.6726710487292,1456.023428479156,1473.8890381212539,1489.7518203655495,1510.324680474131,1530.642368135563,1517.7188081145368,1512.6144384209024,1503.0580155932057,1496.8022476656936,1498.1012292073474,1505.150236673123,1529.743308719241,1548.2571972452492,1540.1476515428974,1537.447349050189,1542.149541812322,1568.8785250839467,1579.9786910432929,1613.2009492653647,1630.7072540686786,1645.1310107959175,1640.6162630357699,1637.0871490603245,1669.2913488953936,1703.9268385640921,1757.517296864212,1827.315268033026,1872.3181446056706,1933.8855987684788,1948.118130060799,1954.373740552178,1964.9014332231811,1963.7791721649305,1960.8709817612132,1972.9464856772584,1980.9831917809881,2021.7098163287114,2002.4359164936823,2015.5378648391666,2004.2872416281841,2005.0385914283797,1998.950249096559,1999.4643298433755,1997.0202978622513,1985.0090908875234,1980.3863336663808,1992.4323189729826,2014.3291846709699,2042.4329539766475,2045.2251954263352,2046.5085281343856,2046.2795401369124,2065.211047493998,2067.8966780501455,2067.0329856251687,2040.6253163521567,2041.9480999984075,2029.8330843115614,2047.485989045483,2058.103023446136,2083.103936506778,2107.5529182670516,2116.363576360402,2135.581305911462,2139.535184795524,2159.5694561159053,2158.848394975793,2160.1494204502455,2162.4137891796795,2166.973294237526,2170.788118658684,2170.9207757216845,2163.2984555728394,2182.159151640376,2199.4679214278904,2222.203447645942,2229.1052151481367,2223.6440464818816,2218.438402551335,2187.9692533157777,2195.0973853455084,2192.035757577063,2224.627312939113,2230.0481505302896,2252.5384335991193,2265.209152414959,2275.8065955011903,2277.9279166081205,2267.74039408867
395197,178,"Waco, TX",msa,TX,,,,,,,,,1009.9623297837738,1025.6883447382038,1036.8993056464658,1029.0251218726605,1020.6920438161229,1016.216897090165,1022.9511395683454,1027.4231051550664,1040.2157048406953,1048.7101240871928,1051.1474504572843,1054.1123051383788,1059.0801391869463,1060.7480658674522,1060.5342543825384,1053.5182967497199,1042.0233833797279,1052.1165940959538,1051.4843227808074,1065.9959311778975,1067.480953433085,1081.7294309518238,1086.1987731067325,1086.0994591293734,1076.9235295710166,1074.702874803326,1075.5634438632806,1095.211855859807,1094.1949667764945,1095.009631864901,1085.87810543382,1098.7375618012907,1109.95215081197,1122.4619646073345,1128.2952596605571,1124.198713776246,1114.47226233324,1115.1724543157356,1121.6247753531509,1129.3168351656157,1123.1853075026634,1124.794743551989,1136.2009661442858,1150.3276282131512,1164.5022450679637,1162.040687151992,1167.103179483082,1163.7937746484217,1166.5323281347237,1161.6938903407174,1159.7565675887415,1163.9529846583173,1167.5738010618447,1172.7390135669657,1171.9519912139567,1198.3947271547468,1220.6591247197066,1246.3545306108567,1229.1528845047924,1226.096453816758,1221.8103617824765,1258.809838296115,1269.2077424202703,1260.0767582979754,1255.884454393396,1268.338696418825,1296.3523852886033,1276.2729530223028,1300.5043697153255,1332.0169445506485,1380.0439231596672,1392.5012913082971,1385.7205406129451,1419.1581772011955,1437.3401421583562,1467.620574778634,1442.4760042195242,1450.4335454068582,1451.4970763302283,1500.1548712718377,1522.2996377141283,1559.3413988877178,1565.1626421261853,1572.7514523813115,1575.5334389243728,1569.6103366002894,1570.4735849115511,1579.9131998722175,1589.001381127986,1586.3820606919335,1585.8455679313893,1591.9334147569623,1600.8197276749052,1598.8210305955583,1610.1754231930988,1615.3060379199715,1624.771109538902,1617.606179300282,1620.2746262403655,1620.239969918566,1623.4491118395879,1620.4600123429716,1640.8878646133733,1649.9269479627462,1658.790927399445,1656.299839104579,1663.5286615997327,1671.527106658098,1669.039894964888,1670.9997253987578,1666.8170638074241,1666.396681067978,1666.161001352065,1669.1964327280582,1683.5862752761905,1694.0289163483383,1706.1798419828544,1691.380181322459,1687.0111916382125,1680.429878404526,1685.36779497001,1704.193995668874,1714.7362522697733,1724.9923178588554,1703.7007642589838,1711.611511855345,1709.6403519069436,1719.9212550809712,1710.4638145324025,1716.854460353361,1718.0839887525235,1721.9834834834835
394447,179,"Cedar Rapids, IA",msa,IA,,,,,,,,,,965.2470406591013,973.0460382016857,964.7665593003223,,954.9862998095064,963.2682687290145,971.3911415524115,983.9497908234172,981.1135782914471,980.8014707020283,984.9465282295891,990.4190533060291,988.9146785975846,978.2699075856385,988.6708895201886,990.6711724662182,999.3133047589553,992.2134750913083,1002.6989625525063,1004.9485611854116,1003.3333520350182,992.9856477526537,983.5891546533071,988.3026921136203,998.2515348872352,1004.4507138866298,992.2798403460894,997.3932023536393,1004.0467177113064,1021.8081610329386,1022.7991923638285,1028.9643989167068,1032.486991093769,1032.5219388621088,1031.2757584123462,1028.3158068181758,1028.872611826073,1031.3186578512048,1037.4186546549822,1037.7218940608477,1037.5614655429524,1036.6938167635692,1044.7432339387758,1052.1436597234247,1058.9660942974563,1059.113229551078,1060.6437521454143,1055.1609816464752,1055.785410301292,1049.3274824452976,1051.3397625591897,1052.828908830039,1059.5870452271688,1063.512511625631,1067.2623753422315,1074.3545440301866,1089.641741875349,1096.2437789725327,1109.285558873923,1106.983700354622,1106.8243527872942,1092.9800610373322,1089.6908598645036,1109.587079866766,1128.9576398182408,1148.633563784271,1146.655163757424,1147.727697328607,1157.8829860660505,1161.363853674131,1170.3033033960671,1175.1192268599707,1167.987129984532,1168.136655494838,1168.2987529314612,1163.782219634878,1174.913395937273,1193.508384868712,1220.0619233956006,1222.2936385354192,1219.779071442665,1241.3521589965287,1253.4697507186875,1260.0802959961973,1259.3539353782198,1250.4381885756425,1248.4547801397525,1250.3256555037467,1251.788102171184,1267.150226633984,1279.548179580069,1299.3656146302421,1298.0678773751688,1306.9755307629582,1319.7938980898596,1328.640197720753,1323.7471939746974,1326.6199077150682,1330.4845276465767,1332.6807051326966,1343.2974819097117,1353.4059671023326,1366.5606781654783,1363.9620306940058,1364.7031797984375,1362.6848514697965,1364.9637857181553,1377.667682570667,1383.7137587876825,1391.890116375283,1382.8458887854047,1392.1418893490154,1392.0440504311061,1405.0099104866235,1410.2133937632887,1425.6267823327053,1424.9336204719668,1431.3221094947985,1450.226606392404,1469.422646460833,1474.5201260637998,1471.8696812575147,1450.6207634381574,1481.0640412012392,1490.9611967375272,1540.5296542429687,1537.8675959429906,1558.3198939017364,1580.2471456760832,1629.8299663837947,1674.7847222222224
394348,180,"Atlantic City, NJ",msa,NJ,938.0586390975451,972.6929588458898,995.0468364281037,987.7778127712198,1020.8019549906566,993.6619115748607,1007.8168600317348,973.6041445115704,994.5274399483867,990.6138393915517,996.6960367566942,990.4105257542005,1023.6399372637313,1060.1099645551278,1077.7930975187842,1071.2575053583364,1045.7740559754513,1054.0688643660433,1053.5908843365357,1030.1521757804283,1003.9615520261245,992.3955762792953,997.7999360333012,1021.9956631769547,1049.7791382346425,1068.3701735516086,1067.6083951818691,1065.3357983292017,1067.510345782259,1080.200709932793,1082.1999713135242,1081.7012498457614,1062.4928346159807,1072.9384961897542,1083.8961900489585,1106.3635554863774,1112.7005301808283,1130.3537124672994,1142.0192866701393,1151.8404129981798,1138.3036116607466,1124.4666379349399,1103.2043971525043,1110.9885395720426,1102.7556663941527,1109.805416784052,1121.803646293104,1156.8672920956453,1172.125529130137,1180.5503944952902,1167.3589817478028,1191.5097453091366,1168.9337409770596,1153.1430751431162,1139.7077259389803,1143.6161714276416,1143.3121510405547,1135.942746755495,1154.5160908599535,1183.9708042257637,1193.1975253327914,1223.8337985868332,1244.835630583622,1257.4605113809332,1206.5552821903543,1209.939737779675,1216.2068713099968,1275.8011224079773,1310.3838574937229,1322.8629411266445,1310.7418358716884,1288.5418046176267,1311.0884643930076,1339.503123591394,1381.3233741017525,1424.821893706086,1446.666960178661,1422.4544157441767,1405.9712027339967,1456.2256180555923,1481.9344662007466,1496.071982796796,1461.1332302986643,1571.111038979691,1653.7677500013522,1749.6176471113467,1729.7064059467089,1772.9655050342885,1713.1498298298793,1733.8010981824013,1727.5571795402552,1776.5585539848203,1743.9818282124515,1748.5271186489447,1773.771507279876,1854.718157333627,1878.1874026090384,1902.800026773868,1882.0687093690665,1874.5390493266525,1862.3640104630567,1869.273872768765,1880.428850001337,1922.061613035412,1901.0383104640807,1920.80965436538,1932.1786941121138,1985.336268641433,1996.8269031280608,1994.2036676710773,2060.090164659807,2139.8187395621217,2135.054776400541,2065.4776338142306,2040.6627852069878,2063.009467855704,2146.742132174858,2083.0370586378463,2141.228805206195,2213.5439957062476,2283.8751651635253,2302.913789626129,2305.1726247362085,2362.419308750877,2322.014657741452,2305.7552221109127,2324.2384612763744,2346.6993802315146,2301.084318868955,2229.0850476386104,2312.0159075946676,2303.332382583647,2401.298832490859,2361.044934289092,2527.939280810112,2503.916023346963,2561.1022173929555,2462.9783149645154,2544.356486856701,2542.6388888888887
394412,181,"Bremerton, WA",msa,WA,1372.1437402429349,1376.7440338932822,1392.9484776140043,1406.8061535173572,1410.372431756729,1415.4716400572881,1423.7634805724267,1455.5131135205852,1456.1390281348727,1474.6539580008587,1463.5013158952322,1459.7847315327936,1450.0513341538758,1449.3211488100972,1500.4705781386997,1528.412365582957,1568.3263140781944,1559.8353046250038,1577.419155900299,1585.4483059110398,1581.5193876767705,1569.312327332282,1559.5238591413429,1567.3424168607376,1568.8644830657502,1600.3599042983333,1614.8418387730721,1651.0334826963701,1658.0996218439068,1691.112637333836,1702.0592428709012,1694.7009253770682,1684.5278391788086,1677.7123706490065,1685.856995573234,1679.7930578972057,1691.5966150204533,1702.1597003568124,1725.4643295323274,1748.3748522913395,1780.568309056113,1806.846646088907,1810.0737311532841,1796.2833184907445,1784.557566643169,1790.8064093858939,1793.9434478930932,1802.2192681136744,1801.7541114234998,1826.561964338899,1850.433744771349,1884.0025914831367,1901.5839411095628,1924.5194382717243,1938.8840642151545,1934.223079576327,1911.1465252138908,1887.0045224310006,1882.1064419504994,1897.428344875264,1907.090475978611,1937.9718509358493,1950.241975688569,1970.417926405871,1978.3636722638319,1995.2577414980003,2013.0834221678392,2029.709598420352,2045.5834479368605,2047.2970396859753,2046.7831165107052,2050.36097181441,2057.296416395018,2065.182694946058,2077.7222402367975,2120.4995393200884,2170.409019621461,2216.2923333226213,2248.6824950634395,2258.143933317144,2280.980457385281,2285.272716860212,2313.159066158146,2324.942421144387,2329.041958352061,2341.4469164947946,2352.4572190124895,2383.2953221493426,2409.8660185574854,2441.896175505893,2459.858536971778,2460.664041360301,2444.42817119134,2441.233343343599,2425.689302466835,2428.411728230902,2416.3662019082108,2427.311806045585,2435.8713422589476,2451.4453069267715,2467.2590638676243,2479.5657552394596,2493.068533984949,2516.196293110999,2508.902246727454,2513.5416303595016,2490.782198809253,2504.7733400110033,2503.5127882957017,2524.230729152693,2528.7204180897434,2564.2326046912663,2580.6480324176514,2604.7977226756834,2609.4946958071305,2630.990141800915,2634.6430681211914,2636.420780062505,2611.415449062107,2612.8740074645993,2624.4672295691134,2650.2039373774246,2675.4470525589754,2685.843805664844,2712.051221359751,2725.4490333138683,2736.8565829953,2746.530872777285,2735.8502823210606,2731.8288606158835,2711.33154185552,2717.2403811935997,2718.1695845730364,2731.2702096590447,2727.6034366751005,2758.057355810713,2795.3326681606904,2831.9228358973437,2838.404820911003,2843.020675541913
395103,182,"Sioux Falls, SD",msa,SD,,,,,,,,,,,,,,,,,,,,,,,,1060.6869535751248,1061.299128595437,1091.9131178915604,1110.6378709564874,1117.1466023939568,1114.593124605382,1129.3825370486,1131.0684418221235,1129.3044403052322,1135.677739063354,,1146.5607713558927,1120.3984650259893,1110.1405647569654,1100.1989321077933,1114.9124401078216,1133.0539995100198,1144.1419612129748,1152.549607817816,1152.4604110307312,1162.5404769787403,1173.4756546429978,1171.1190413075387,1141.5074191503654,1128.5208274594545,1137.042508707503,1162.5726213904336,1172.119295395374,1162.3679017932866,1163.6608253652757,1151.1077089580338,1181.3324667839145,1181.7095592363723,1203.6639542569144,1174.766875843934,1199.0752753706486,1187.8821782834964,1206.833689981644,1191.193896833417,1208.5204311451623,1216.5939209547082,1229.839064934826,1248.3626785835038,1262.8509132437441,1264.324080617035,1253.1818940307937,1251.2817689797112,1259.6723728058532,1259.248613621459,1251.0058233832694,1251.6336632086898,1273.7481540687625,1312.6574057977216,1356.6840325218182,1378.1230314419863,1387.4909154570366,1388.8103565778226,1399.0082413499379,1407.3599392503095,1427.254477509753,1440.4842242859984,1463.8131104173083,1487.7112648497366,1506.4755572625609,1535.021635567782,1525.7393127498362,1551.9094213824283,1534.8778520909207,1543.5698350856494,1530.418499031774,1549.9918166930984,1552.0770579960838,1564.2598117057103,1561.2065635058843,1582.1066445238023,1585.9215841457947,1601.7380694746853,1609.5712630779692,1638.6746116475936,1658.7709590030165,1659.3172524794106,1653.158252906552,1629.090339094907,1622.6203100050434,1605.0493774999768,1607.5627790552246,1614.1596633092377,1627.4620599348598,1648.491569465415,1657.6204047367296,1670.753562332202,1676.3965409748528,1686.9948219812104,1678.4914637143474,1661.7116382261404,1652.9092907668517,1678.003411263656,1681.0252953273116,1695.4946046299376,1685.5338608900092,1712.8465046194483,1720.5774215249533,1722.6718272423575,1721.0949698658033,1723.8588568799123,1726.455540029304,1728.4121048469972,1715.5748281702909,1706.1716769264904,1702.2095512270425,1722.831180963595,1747.1762057802707,1762.230449944288,1750.2825092516218,1747.382469922465,1747.8499919859069,1764.1137304724261
395065,183,"Santa Cruz, CA",msa,CA,,,,,,,,,,,,,,2638.1888325000823,2609.2152817561223,2623.613237346869,2626.2990384638993,2697.010777196459,2650.54039488357,2654.6786056980804,2690.3720535072066,2736.663323972458,2739.8198361640234,2697.856685998992,2720.527078077338,2741.530057009464,2769.098736466771,2790.493696831517,2822.5812896427683,2855.13244170463,2848.9743337415453,2817.3249487612993,2836.062603050107,2831.712427698449,2877.5758009229994,2892.169309081917,2893.158698505966,2835.801943498403,2839.244691874291,2917.834042386989,2981.600634628165,3009.4524759681976,2986.758433816944,2978.263730435145,2972.358947932614,2988.6795510885095,3004.3502074293106,2992.0894639236813,2986.228320576283,2976.1457813597976,2986.2317990727965,2954.431213177021,3042.375372649202,3081.949706810304,3114.094171657943,3068.5575741717253,3068.861431376408,3062.2639262989956,3040.126929162183,3034.092319010385,3066.9822985756555,3117.2165931716177,3106.0312411316822,3095.1112178407657,3086.7666997481288,3112.561301780465,3171.401435076506,3195.4493577033627,3244.5834537743913,3233.145705173004,3232.067277487231,3179.2774887249593,3182.149776168335,3189.599790185431,3234.9869902786345,3284.572282876016,3338.0504917686158,3417.373148407463,3460.9498381277044,3532.2398364438272,3553.5776053767377,3589.2452680894876,3528.5230861342607,3531.9840671867237,3601.85324231928,3655.0934750778524,3728.6961694938404,3693.025925899809,3768.5692307812583,3779.0805007444906,3834.683142492287,3875.312851299681,3900.1239254815387,3942.3623298299494,3904.0371765352925,3882.7488114977573,3809.5885883617375,3823.288298156967,3853.5368613476626,3870.2607245760405,3915.1325501892698,3952.488203978937,4041.7935285766953,4069.9419089139187,4037.0460640537594,3992.244460189502,3916.447941621732,3921.620430085509,3937.1017326887363,3995.8930604181464,4061.1102845140144,4082.423114171089,4099.079001202398,4123.47441723053,4152.138565162706,4192.476799347177,4179.333717425226,4116.926761522786,4084.8306491177013,4115.196140033792,4172.77572851565,4162.914742196504,4141.108314747091,4191.603284935289,4244.529250097461,4289.8564752810635,4209.358434992218,4211.770882936268,4163.212808588583,4218.24882357799,4175.39335953724,4210.064112375174,4228.025875541778,4291.379857031392,4291.186531834917,4317.89025758112,4385.118759707932,4443.705814300601,4471.472294696948,4455.629178743961
394572,184,"Erie, PA",msa,PA,,,,,,,,,,,,,,,,,,,,,,,,,,,,,,,,,,,,,,,,,,,,,,,,,,,,,,,,,,,,,,,,,,,,,,,,,,,,,,,,,,,,,,,,,,,,,,,,,,,,,,,,,,,,,,,,,,,,,,,,,1357.409111136435,1386.246004396047,1399.9543308896039,1392.7102787848496,1379.7777888931632,1397.72492836758,1398.1991144862927,1416.0628702391355,1420.3374953699854,1447.3857151980494,1428.6132013129502,1404.2413542693894,1378.5913061257104,1399.620476435447,1426.1116932860207,1430.7556372343452,1440.065272988654,1445.4216099104067,1448.7176422640875,1430.8974358974358
394924,185,"Norwich, CT",msa,CT,1321.6609880230524,1345.500096567015,1340.1520361392902,1359.9719422922808,1353.1475520696229,1351.9839055716511,1351.1512779051552,1344.30541080022,1340.8443364880736,1351.7346919330448,1360.1190974036851,1370.994451996794,1388.9572636305786,1387.3735408192026,1369.7956878095888,1382.9832590277392,1401.1607569727676,1441.5758037925457,1409.3238072146232,1390.1143602163538,1370.9734191271489,1376.265335127405,1386.560991525533,1394.2671216801855,1402.6519791205615,1396.2332465168556,1404.0028648616312,1416.1404969022788,1448.8131377271923,1440.6346060943747,1448.5862850699143,1427.9001507172818,1434.3985696799414,1412.7521438123608,1411.704536260468,1402.4128808240257,1410.2164054313598,1425.5600761144667,1430.369099227723,1452.4999637143364,1451.5671432699112,1468.0174669528817,1444.4828661246706,1441.819032609083,1427.6764759067992,1437.0253785355328,1435.1715058259092,1455.1121733947543,1456.2641988288058,1473.570741082258,1473.8091544406782,1508.0229073526546,1515.0343807651025,1529.1121887613747,1513.5725172837817,1508.975145055257,1487.7819504061724,1479.1478912025873,1472.1097366463173,1484.2577710674511,1503.1780558307219,1522.716257175238,1565.374703052395,1578.9359919429046,1597.729543817609,1574.992807530342,1600.7450346230619,1619.4885275173683,1668.609675583541,1689.025087251931,1697.8005481030782,1675.6982694939206,1692.302280138494,1718.0255310650832,1768.7874375802419,1770.3119276774587,1793.6860900451172,1812.8950068638374,1838.8311184231318,1862.5157354599653,1884.9879570787589,1875.8876748391203,1872.276942694135,1865.2281618743734,1914.6251633033542,1940.051267679791,1961.9643782050305,1958.238935136334,1939.7603685448469,1957.3041827587876,1988.9050829995326,2066.0516060953414,2074.738711202343,2051.307449691417,2005.5126236316141,2018.762655056841,2053.6599679134233,2068.853395363727,2093.1237185827513,2216.3988803195407,2255.301343790903,2282.7590069362686,2200.4399287873694,2267.325334235334,2305.0381457332273,2284.5411949363634,2282.715263769574,2245.084789470473,2281.5801694968927,2275.8342665312707,2334.8259351655133,2323.3595159675365,2365.4692126491273,2351.9694001336898,2399.894854530194,2395.0907057767863,2426.851005044799,2457.4275721889485,2470.366455538822,2466.9601532992856,2498.8232778156926,2492.1407180863785,2509.2395186026456,2487.408181032104,2503.9326532680234,2505.679262632488,2551.6223288962387,2588.1899830403077,2581.5091431972396,2544.5980696069137,2547.4218461080727,2500.7196694023432,2496.429830639688,2472.2651256287713,2593.5832718710385,2691.1317577268514,2726.8594885670827,2708.616104827045,2663.7080910871987,2697.6896853146854
394323,186,"Amarillo, TX",msa,TX,,,,,,,,,,,,,,,,1094.948328804059,1113.1502399834578,1104.2985255014225,1118.787883439078,1101.54832129642,1092.818046745457,1086.9249093709045,1078.9791920689715,1077.806692275579,1071.7264943785626,1082.499116279466,1100.2898206980358,1111.185548552218,1111.847858300009,1108.9885798518021,1116.954356487838,1117.3205206822176,1116.4818667686523,1097.7359010565333,1089.2144817509038,1092.5694726440317,1099.2347712765318,1105.4734201912195,1103.1365354710817,1112.7526676872137,1130.1746678460977,1132.795740057253,1135.058743044344,1124.713560752315,1126.054488205585,1116.6843820792358,1107.8593949181866,1105.7536449459278,1109.3556050870804,1125.6407181341285,1134.4660607974802,1140.55611512308,1145.196503709789,1144.2850901275658,1152.2296516738418,1151.5836675454061,1150.5004548111594,1148.631815564487,1146.6031150713984,1150.9793809890216,1152.1927242644492,1156.0054653110035,1155.7554985499912,1154.5940542653875,1149.074579332912,1168.981666991892,1174.5283559808977,1191.3616642575182,1184.7873518699223,1200.2024616764654,1207.6958159272249,1209.729237946214,1198.2689441975024,1201.8554118198003,1212.5738086897613,1223.1774107628767,1243.6533882870513,1266.273210737693,1290.197612930288,1296.4018288275158,1304.9651536478927,1309.1248443922066,1306.1608577562217,1297.8534822977867,1308.103730702451,1317.5433591387027,1325.7259579507936,1349.8832502223158,1375.5818129997094,1411.5636458660786,1420.4176800104533,1415.7719271349256,1409.137181546768,1412.1336507629126,1418.0392342005507,1407.8531265607132,1405.4164295831395,1406.1957448411067,1426.461665938866,1431.5899432756287,1443.2906559996554,1440.0585791119888,1442.6339215926955,1440.7787695243194,1451.7186125469755,1446.2188266853748,1453.1784248769989,1448.9135890118255,1447.6442533174209,1444.4193869859052,1444.4644147731246,1451.2156799817146,1458.3586558691018,1470.2693596310066,1483.6313471724054,1484.5072477798758,1487.6020227595461,1489.2071930413092,1493.8502471796235,1486.9295810163096,1490.7465113725777,1490.2177718052096,1492.0353868501452,1492.0563099872452,1502.8667050294014,1516.2028743185756,1524.8972245126515,1525.3219219347018,1519.7886325002266,1517.4901292311113,1529.9421318884558,1548.9970363967827,1542.7814722588387,1555.7031645006261,1571.1723689576347,1590.1299119087225,1591.5594485276765,1587.6612899502718,1606.3660424886255,1620.8161764705883
394772,187,"Laredo, TX",msa,TX,,,,,,,,,,,,,,,,,,,,,,,,,,,,,,,,,,,,,,,,,,,,,,,,,,,,,,,,,,,,,,,,,,,,,,,,,,,,,,,,,,,,,,,,,,,,,,,,,,,,,,,,,,,,,,,,,,,,,,,,,,1594.8282865765702,1673.46185650418,1665.1061244949528,1692.0393453921613,1640.8507201230161,1681.3064532388564,1666.1835761663854,1664.9567862594763,1674.7695376034505,1662.5966178069093,1625.1015152333973,1607.757711700255,1632.5014302068976,1664.0441719041885,1671.5968893388417,1692.8428205843775,1699.2823124104184,1680.0693491412371,1672.9166666666667
395171,188,"Tuscaloosa, AL",msa,AL,,,,,,,,,,,,,,,,,1123.0323850200182,1123.4757982619599,1120.1519464532937,1101.4155246910698,1105.8214656889802,1109.2015887347286,1124.1962959902335,1137.4092327658393,1155.3863647212972,1163.8652522429502,1164.0971618098474,1158.2745110503888,1143.4576870583946,1140.7178667969974,1139.988259586409,1167.2372045422062,1166.7853469649313,1176.5482505243583,1169.8788933980704,1182.5344592782883,1186.6829575247564,1186.7644001897015,1182.1776352957881,1192.563730111965,1183.805798296638,1190.390528242681,1176.7097541216338,1189.887588468515,1188.7899554913513,1204.3240469480725,1210.9919575554488,1222.0915178862012,1223.5921152459437,1220.8641177997793,1213.627148370781,1216.0964549477105,1228.458576810299,1236.3618567353828,1234.6139103070789,1222.6837502108858,1219.6461372918466,1232.5634621274673,1241.6978986722283,1255.9346151128311,1244.7321329476913,1247.27246988328,1255.0799550640913,1266.4094288959616,1271.6594325718363,1267.5329959620162,1257.7506451341903,1261.031227640873,1268.5381353064217,1294.0543360217798,1306.7158392184133,1303.3558593787895,1299.192686817568,1291.296070460437,1302.924227341444,1309.5936447328334,1321.5439780477927,1333.509107601774,1340.417576148522,1354.6943501504136,1355.9476506393692,1367.9342215964755,1374.5291413945265,1379.5127966165442,1382.6773740655435,1383.0249977331282,1401.9495670639121,1413.0773454778819,1431.8439681411348,1436.09961854278,1444.5740415969901,1445.1802176896335,1456.0092806767245,1460.4475063630691,1479.9937078220405,1473.640272580186,1478.3916852662117,1481.7281763908538,1497.2552929332194,1504.4468079714443,1509.0427659964478,1517.6432246749655,1531.0942239103626,1545.659601479659,1556.2614011184983,1565.5795562196424,1562.666711665427,1553.1954280988623,1550.348450930159,1554.1276449983998,1564.2436770290903,1572.7345946485705,1578.4835988913928,1582.726155787361,1602.1963525087654,1604.600613003392,1629.2891567898885,1627.5048840459617,1638.038883384516,1644.3990030358757,1643.1196011187687,1654.26677494555,1648.802653274102,1663.7110885483219,1668.5247576568543,1663.534069400439,1661.9939039045817,1670.933702546692,1714.033834719726,1751.0684768609597,1758.1815599719584,1737.9761495086225,1722.134689091008,1714.2618977867382,1710.4076506566712,1704.3962070929285,1725.419720854556,1733.7171330876379,1727.0773623296732,1726.7333333333333
394483,189,"College Station, TX",msa,TX,1193.5107082643128,1198.9480621506614,1219.5993527030535,1241.6984412604488,1244.470091244828,1254.986593981479,1255.7890385561475,1270.2137340805505,1236.135855488934,1240.5409539999043,1245.3070362203139,1287.7509215982877,1301.3867627194522,1302.0814952318315,1298.0450729069855,1293.377046910597,1292.5774194228625,1299.4783004837807,1298.2050615995313,1302.2962869207465,1269.554182217407,1262.8368668459007,1263.0402562764289,1306.6225245633184,1332.0794442652093,1344.8908919992052,1342.7667696757576,1340.031263393524,1338.0999958621492,1324.3224354771762,1301.0125963982853,1275.9679868170294,1287.4179659929953,1310.5097260816979,1336.430753773849,1336.9826005728548,1340.5303246835747,1348.7006768913209,1355.080685741415,1353.8792036770253,1345.055104255607,1322.373834603383,1301.7286903833092,1280.2351664855335,1303.3826271992293,1332.444621744314,1367.4865280617435,1376.4817941300144,1375.1221991905811,1378.6382983764759,1379.3022674104345,1377.060214118462,1370.4473951685613,1357.4734651260485,1342.3184106761519,1326.3893795741478,1352.2967961660447,1376.0674543094394,1416.4829732502467,1407.1686870376452,1414.1390573688932,1412.1745550023702,1417.2057435780423,1402.7327313629319,1393.7071269762484,1388.11578899507,1392.378832413941,1400.436354873627,1425.5419657628033,1456.1088199064,1470.4029231194215,1471.2211138298323,1466.0025936346312,1476.7283809103376,1469.9221056002154,1477.3888026174034,1474.3001488961859,1482.637726461798,1499.297904624227,1518.664306770428,1527.5201202982519,1553.0071583554338,1563.5123180482788,1584.3391860294882,1575.5242831198618,1578.1075983898545,1595.6137257348284,1603.8828164262761,1621.9149701049,1623.187819242239,1645.2020169608788,1644.5396847606382,1684.3947356480053,1697.1307997087508,1719.4407959116068,1722.3879923996697,1729.052544254823,1733.0554522545212,1720.934276079838,1728.4716071369053,1728.9216399059935,1729.3802137610571,1728.6588520098546,1729.9623847967325,1749.2996168526518,1760.6020984986476,1787.016815736849,1795.5321627969495,1801.1461181445352,1803.1013554084539,1802.9145567581918,1800.1908180448943,1801.5316102945967,1796.274910111477,1807.017612884342,1809.1788127172517,1847.9094386213576,1878.961419854931,1908.4962922024856,1893.8522685673686,1893.662708697577,1892.0803637479833,1893.1550060401282,1876.0657137477642,1870.0785536273245,1870.1645897951803,1870.261738349303,1897.5057829685497,1964.498056554246,2012.2217584972448,2018.9890360141765,1986.930014745786,1966.91062578015,1956.962640566075,1948.8062058107596,1945.335782567575,1933.7351562979786,1931.965871912501,1934.0455443083933,1948.5437773608508
394732,190,"Kalamazoo, MI",msa,MI,1081.7683549490532,1086.860411075129,1074.6036020665315,1068.277042066155,1054.0383933807584,1054.1190683125274,1077.2708783007088,1095.7054107513147,1106.023780109152,1104.564027129159,1109.61676699168,1100.0236367940774,1101.8569014762402,1103.9324107564603,1102.6305936713447,1109.3846703058173,1118.5202246533952,1139.4203828015225,1141.8834919574265,1140.3770491272953,1146.5331964085487,1152.4312403167457,1147.1819937772657,1147.5938805643887,1139.5928460418959,1152.2461301404367,1162.8139845836597,1179.7730247281113,1187.2093104618773,1186.816662679978,1194.17114389705,1182.8612033836325,1186.5612843090616,1183.2685430649367,1202.938465957942,1205.928946139648,1213.61136312092,1212.8362472465928,1217.3032346254288,1234.3505458085153,1232.6871174176908,1244.0278635776187,1250.4927213165668,1267.2220184877926,1277.5710457938333,1274.772073524789,1283.337552041549,1248.74496094447,1265.7409802333825,1278.207030432634,1319.445905302005,1319.4724144453344,1311.9138719399705,1321.594988483368,1327.795519972203,1324.130939780882,1330.7929064811321,1352.7091503554414,1375.9654368868025,1384.8417104401099,1367.7463589721176,1373.8559010064182,1372.249220931136,1373.665920273498,1368.9033099015076,1386.4093640363608,1394.593636595763,1396.3085669876154,1410.8598308402456,1422.5738312999329,1436.1553123296794,1421.0180136031179,1422.164420571181,1431.044022679452,1458.1920096269018,1473.701438176363,1501.8367866007127,1513.366766280434,1544.3100822637766,1570.745373877397,1566.862145992626,1559.3957572043134,1547.4059388079834,1543.1574994802606,1560.4864037116686,1556.9875469044098,1581.1975787540691,1580.5734842205788,1598.126087098974,1617.0096075158986,1630.564823653351,1646.9169257082408,1666.886449074277,1658.32281954024,1666.6698812827199,1643.0390750031165,1662.0139817620907,1653.8556896712334,1672.1623556081802,1671.4411296891785,1663.6233216948472,1675.1792996630058,1691.3985188252711,1744.0379968875154,1732.5994152366259,1754.4033772876392,1733.4430476242414,1745.263963564123,1738.4651894582432,1757.8937198335548,1782.290492512608,1786.5956727383455,1786.6486231278936,1786.1905649083758,1796.7452595028599,1816.7698097413902,1820.8938598487616,1852.5539443794673,1859.2412079370667,1873.7109913183197,1850.9149505681803,1852.5245712914318,1851.5042274085215,1872.4969755013146,1886.8544014566064,1909.7448302366981,1931.9282268951092,1941.0448100761912,1956.4884231275441,1936.5510943391173,1923.640790805603,1908.3648371796312,1901.9680468915296,1919.2076545405093,1922.5300063264692,1955.4829014168167,1974.418002698949,1991.9285377964266,2002.386300652986,2009.3613275613277
394811,191,"Lynchburg, VA",msa,VA,895.6406409653871,885.9259801929426,884.9175990915782,901.2308797867197,917.2326063791279,920.9379598281852,923.4119938850325,912.1056474072395,921.1234541263459,918.340303028995,935.7693903217997,931.3821899265096,949.4193135701681,944.1543478263053,951.078401947705,942.2612404874144,947.3580354092732,952.4310940378821,950.177929716698,949.2066126825356,951.0781775553622,955.7690489760663,956.9194171622381,952.7283703103229,946.8507936908554,950.2944435059627,959.6525205127127,979.9401530692815,982.2362345633501,976.4870894224536,974.4867101082463,973.3665840123267,976.7277102826108,971.3908124293264,987.6561931323324,994.2878129453893,998.0657774201852,992.3434663356867,995.8907860580322,1007.194603485968,1015.926019033813,1016.9184363325212,1006.953107485455,999.3925381486707,986.5124220450597,991.2898746818289,989.4713324711623,1010.8383771485736,1012.9986852494726,1034.3842089160653,1036.4027586201128,1059.750107477384,1055.106767946898,1065.0060739222663,1061.582288178239,1054.8730823905478,1042.1012385592926,1037.8552300720712,1045.0007183596647,1058.0534674415344,1054.1678507474521,1051.2054714851297,1054.236595962727,1068.138524466712,1090.6066202152135,1085.303304104465,1086.94824905077,1091.3461859841104,1103.7861943367086,1108.0145708482712,1111.1984501909042,1110.698703596628,1107.1176934054322,1113.2656904643004,1134.3216764503466,1161.988007323338,1169.0595025149212,1179.0574243269555,1194.769586906102,1206.0841891617567,1230.5187554657998,1256.1507205825023,1281.7353523543572,1281.787570548005,1294.8032696861926,1307.1702594369383,1339.6721203749837,1340.788496376149,1369.9232784040737,1369.963520532153,1363.3696851630793,1391.4520533883706,1403.1943079981968,1438.896746671885,1441.5070049388053,1513.857514569047,1526.393304145227,1523.2675338559404,1469.8184604506791,1478.4094854221114,1489.096328016733,1491.9545789527792,1491.2928756048743,1485.6110554336997,1499.602078769989,1514.868610429031,1524.3717142187127,1534.500261842282,1546.8623078966225,1569.2139987987189,1579.5916754171885,1576.6630788890686,1561.9882033851914,1551.2717701086997,1546.1241682917757,1545.0706792606334,1535.6519509771886,1539.3278772077929,1553.8085597901224,1566.8774918473748,1582.2190046445994,1591.829459615757,1610.1875773371626,1617.3362164712707,1605.1069505930489,1595.389384095415,1585.0232348854731,1586.7527456494536,1590.9169528190307,1601.6239967454892,1608.234209665249,1607.6660571326518,1628.9001117810524,1648.9911991219528,1663.0373018849364,1649.2490780677938,1654.179312949051,1671.3600725843964,1687.0418393498912,1673.6751975518246
394455,192,"Charleston, WV",msa,WV,,,,,,,,,,,,,,,,,,,,,,,,,,,,,,,,,,,,,,,,,,,,,,,,,,,,,,,,,,,,,,,,,,,,,,,,,,,855.139743105038,856.4643710299723,862.6238312002095,886.3334633544308,902.9693284614434,921.8529266537552,902.9453573136883,903.9623243827883,,905.137914008238,914.0996914624421,916.1392229849453,920.8316488420461,930.5099126152544,954.7354841100138,949.5772481981988,949.2695491801828,946.7895953407002,968.5369152968873,968.0299221151848,951.8100210452858,953.9754593297342,964.3466454224414,985.8629179081732,989.1897198809392,989.5633933625443,984.358281595604,986.7643826086395,992.9665678965526,1028.3428967343405,1060.3693958696845,1073.4591569068712,1052.5588429160948,1041.0313427624599,1042.7915421155292,,1043.1861827232876,1042.8761870712856,1065.6441371705791,1065.5357553938045,1079.166101978748,1094.1446734143194,1099.9344114860785,1103.506725066726,1095.9948380075682,1107.5360952277763,1109.27531824312,1108.7707433848216,1116.9161133901998,1127.0531235456142,1151.9946475986346,1143.681954517477,1149.217881442787,1164.2620822957342,1179.5562747287202,1201.8169901360914,1177.459804892889,1198.0787578635905,1192.8353198297573,1204.0811160799271,1177.052812532433,1227.0353544482855,1249.7889414809545,1292.7775074856868,1257.9611575188076,1276.3333333333333
395240,193,"Yakima, WA",msa,WA,,,,,,,,,,,,,,,,,,,,,,,,,,,,,,,,,,,,,,,,,,,,,,,,,,,,,,,,,,,,,,,,,,,,,,,,,,,,,,,,,,,,,,,,,,,1533.103355491357,1625.9644585914018,1617.9091775440672,1613.4351664954809,1622.6385216007036,1649.9440608958787,1660.988360256587,1662.1778338677802,1640.1841817830243,1613.8529219591567,,1670.2763588907324,1710.7476805418125,1737.9321852489195,1751.2006819127782,1730.2180128464006,1709.696002007952,1702.463706363838,1725.5203664200235,1745.144163009662,1729.8247130720806,1755.9564948096954,1766.5098908906414,1758.7901994632387,1755.1597230817706,1767.4721840576196,1801.5558232959486,1805.2633135271171,1803.8391942239239,1815.7984169527624,1814.32951210689,1812.4360881095815,1816.9881869813794,1835.714845982722,1844.3949671653313,1855.8865118919396,1868.5696559805567,1866.989338651952,1857.2013353805844,1865.1675608788216,1881.5316219400536,1894.6608897445005,1889.3607861517473,1904.8499950133632,1920.791972600379,1945.626840135295,1957.6129874771027,1954.6857088055372,1939.9788994560379,1946.3015873015872
394585,194,"Fargo, ND",msa,ND,,,,,,,,,,,,,,,,,,,,,,,,,,,,,,,,,,,,,,,,,,,,,,,,,,,,,,,,,,,,,,,,,,,,,,,,,1450.0070188192865,1475.434722982592,1509.3864414761292,1521.9642187716545,1528.7989930252218,1550.4704288182818,1546.662349659686,1559.5570406866375,1569.492129326378,1574.2193545990754,1587.6354998384813,1556.0609459403863,1566.1193145468994,1563.5415794414168,1599.4467143272514,1612.948595767005,1632.9660672406183,1642.130455789946,1640.9570200853443,1646.5584728626231,1668.5899516247416,1685.4769086346435,1691.0081502312757,1690.9238114572674,1704.9956515802337,1702.8665128554962,1697.0709575796188,1701.139248387691,1713.9731782336353,1728.1438237200596,1740.0269353103129,1750.7613204257439,1766.805737170503,1770.8214214254665,1785.6658589300687,1795.3912899285829,1803.388845893023,1791.0782445580176,1792.8946694049469,1801.9616291789741,1823.5109406527304,1825.0858372258108,1830.1779506277637,1838.3942677184816,1868.7877386011783,1891.7711064803643,1893.5875704694452,1890.1564285373154,1866.2132296189452,1869.6524558268175,1866.8739349548707,1878.796616813092,1887.3785492964369,1883.7181758319412,1898.7938836338628,1906.4829188616225,1931.9041085327985,1939.307522839227,1935.269941528188,1928.7473395729107,1911.0729527967912,1921.733622384685,1921.032793944563,1943.5800130084842,1948.7741743517179,1970.0715049306064,1994.7411747349365,2002.144764957265
394387,195,"Binghamton, NY",msa,NY,,,,,,,,,,,,,,,,,,,,,,,,,,,,,,,,,,,,,,,,,,,,,,,,,,,,,,,,,,,,,,,,,,,,,,,,,,,,,,,,,,,,,,,,,,,,,,,,,,,,,,1723.490866166389,1744.3384347793403,1800.4303473131488,1844.0684303451205,1880.5990126032798,1859.3968076214662,1801.2663175880184,1837.260103429271,1834.2408248134457,1914.9236746408683,1924.8501451525472,1965.6338879149994,1953.5241303895361,2015.360083243559,2066.6556514118547,2106.19833836896,2013.2463301390455,2042.4711398547126,2034.9754993134836,2113.5719365058817,2092.266057271362,2192.8620217899734,2133.0964488292307,2131.8752019196872,2071.659963053683,2150.8369202903314,2225.477241043825,2312.026626719025,2352.3869675243686,2317.34778576157,2325.4996332236847,2288.562640347621,2377.6391821915254,2380.553557806433,2519.3801432116024,2386.329412531571,2364.2578686611505,2266.272658885846,2418.055555555555
394609,196,"Fort Smith, AR",msa,AR,,,,,,,,,,,,,,,,,828.1542394370255,830.3845743075677,815.4519740483282,819.2831901470632,818.2465446426605,821.5097187741458,822.2878669857645,828.9216030479847,829.7810793973892,833.2992904990396,830.9475486966677,826.5387472247234,832.5714759209385,841.8588192853683,846.8014406836666,846.1972808312901,843.5871688841418,847.9129589508174,845.8521175635652,841.7818974340637,839.1696643353104,834.1888278275576,834.0876567369403,836.8564450824135,853.1928538887117,860.355334263172,862.1522096378282,847.6203101250519,850.3663936107921,857.8571164431886,865.339393598824,857.5972919804698,851.1286759177439,849.263378965948,855.3420624037692,866.9186308120354,870.7080705799737,871.210195704731,875.7334462027118,880.050664875984,886.8538250326351,881.8892678165415,879.7865433009401,879.7777939219848,874.2875255177203,885.3092565968371,897.4520143760056,905.855268411282,908.5023334118695,903.3472168139182,913.8080180809553,919.7296150655243,930.9271953532852,934.4563455840051,945.014763477951,944.7836112428082,945.4399561963997,943.4255565277998,961.8612217048295,978.0801440614027,995.6851737309347,1009.7913689970892,1027.862703668407,1040.218061643373,1048.3898131518506,1052.5628647615908,1059.1919521501984,1068.896445981451,1081.116975627546,1102.4652529988878,1102.805515339924,1115.4747895690982,1117.393850241163,1128.8817057572849,1137.6017631266916,1128.8726854123,1131.7342014199264,1129.4363678608056,1142.0503182328644,1166.3199747536173,1169.6146071076284,1182.878646805444,1170.2930619050394,1189.3556762896185,1204.676094123083,1214.7245062792495,1208.4304783244393,1205.829588844376,1204.679691876624,1212.878213463754,1206.4363351170339,1209.3853704953892,1208.6496454205717,1213.4587479793547,1227.9869796516007,1241.7153325952656,1266.1524090215178,1277.1036728541847,1281.3452010401602,1275.3644495258507,1278.1901646321812,1279.0471258532618,1290.4347102492154,1284.8203264137758,1289.0653454340977,1287.4258874678844,1294.966274095872,1305.1665751607113,1314.3655721782454,1321.730755769945,1327.9209465641213,1328.1544977314466,1327.1105150176406,1320.697402957526,1320.8576984990545,1326.0929321143096,1329.687894867386,1328.8420108382413,1338.9668923904285,1345.9196717112943,1369.272307063915,1365.9826750678533,1380.881348450219,1372.1256868131868
394334,197,"Appleton, WI",msa,WI,,,,,,,,,,,,,,,,,,,,,,,,,,,,,,,,,,,,,,,,,,,,,,,,,,,,,,,,,,,,,,,,,,,,,,,,,,,,,,,,,,,,,,,,,,,,,,,,,,,1528.2911401040822,1544.500534419985,1520.589807661652,1511.5456734138377,1514.8737280537982,1543.6294612021372,1552.7814260469183,1537.428705006233,1535.0943449208526,1507.353955418792,1535.9755366953282,1561.2658545892755,1594.137926452877,1597.1284628052767,1584.128850592253,1597.8980650175338,1629.0148352458018,1630.0992708291878,1649.3738870305378,1647.761962139488,1647.4407860774952,1632.9637234811717,1624.033031901556,1650.7163003376725,1670.309580760171,1693.6020666576337,1687.8277344304174,1700.5288050815923,1717.4578098353704,1731.1892656540906,1715.036230409923,1695.8947616941734,1691.0308833038916,1726.520644020254,1722.2883793966803,1753.9181919517641,1747.1934377271618,1770.6255424159199,1758.9569997952276,1761.5994224228346,1770.9004225858419,1805.8333333333333
845160,198,"Prescott Valley, AZ",msa,AZ,1134.971829909221,1146.5970633562129,1158.4575817418233,1160.287151077345,1161.9035861038958,1172.4261318529968,1185.8361117502106,1208.0955398624437,1215.0253386861814,1221.1064042814144,1208.2747240948695,1199.3319120217118,1204.8043905837135,1219.073271573774,1237.8854121658876,1246.4122089840337,1252.4762616921744,1256.515174507588,1258.5380012642324,1272.437493136916,1268.6537165128059,1278.4470451591064,1273.5896207823025,1286.4494170597168,1289.6055733612795,1289.9503732153203,1295.089078926919,1311.39736827232,1329.4374932809526,1340.4834229251353,1343.5623473567618,1349.5448503235177,1355.7520102509134,1350.0980224729901,1359.9897645187439,1357.8921954482396,1368.9369531850475,1374.3335827645337,1387.7337117236202,1396.0033026233448,1405.8874950787283,1416.2348470395964,1439.198919843012,1442.013629871558,1447.0247125919375,1444.4469901463503,1432.4446756357336,1434.359610481579,1434.69013982692,1456.4672180241462,1466.4611355704988,1478.3813195785187,1493.0139247509092,1505.4941371000375,1504.264065532387,1500.687297007147,1501.9066643609406,1503.0729630342137,1514.374861004366,1515.6584040405553,1526.3965278860653,1532.2008739541898,1541.3838520335594,1532.4521797279672,1528.1637960858789,1541.604007456765,1572.6201701096415,1582.0847394082098,1596.4800239264955,1599.8350710238713,1631.8846456106646,1625.7725275712305,1637.6186644594886,1667.0661625248454,1727.6855846753222,1781.5854784911812,1821.1822121631726,1843.250855101581,1884.8123381498533,1901.4230251045644,1933.2888331941817,1952.8428665322087,1977.679194883658,1982.1279584329375,1979.8720661100422,1974.229092606303,1993.292271954955,2033.3090650950805,2059.9684002633417,2082.3650805845846,2077.5388919760903,2084.7701567707327,2081.301953883008,2066.783843233692,2065.5765673260557,2054.9254589688985,2054.335166829457,2064.009411879298,2073.311988986021,2108.787431133199,2102.0300366533875,2092.998699440002,2080.399689483656,2072.377987735014,2085.457088202615,2097.640162649632,2107.0322599220863,2113.1997368832003,2096.347261240123,2120.4769384309902,2133.7096192653976,2158.4923360274774,2157.0348799705225,2148.208250649154,2141.0501494728555,2145.171240179236,2172.6625628895113,2179.567441069508,2166.9016735304062,2162.829823656473,2166.926947643511,2180.0210202715557,2177.656179895371,2186.652976882775,2208.4624007345355,2212.198112732759,2203.451916622096,2184.1266147981623,2193.225464496954,2214.110583485954,2227.317896193418,2216.2431543981693,2208.9831216376538,2206.216725357055,2212.756161504374,2220.1919401323985,2238.4337542335643,2256.7313956008848,2266.56384189356,2241.068278018278
395161,199,"Topeka, KS",msa,KS,739.0847002639222,744.4855413413688,749.7129296426917,762.8095188896166,764.115018807213,768.1160928539368,766.9845261448324,759.2504050478759,756.3840893089503,757.8095412129918,764.2454972639358,759.3948131186205,756.2122315901945,755.4528865575888,757.0442382024974,760.4070548295873,766.8361835537179,782.7760754885471,788.3344263463105,788.9477468222749,787.0363892256361,788.6358741986862,787.7383408153262,782.7253063448069,774.9315000132017,772.6795580683778,773.441496333581,782.3401644254672,792.1068586035419,796.9886293937863,800.8089441852051,798.173523526861,801.8815987432622,795.9307649858582,795.5933100450176,796.4042029787927,802.4839560337971,801.4544266910408,796.7753516979541,798.5177866993516,808.9787130006688,817.2605008373691,823.2065611092482,818.4144656410398,827.3113469519,830.0119799706873,835.1924359029108,829.4423139696084,833.4854220498586,831.975761240112,837.2950196380883,838.3300512642178,855.7432205702833,862.8025296462938,865.9771843079733,856.711191254783,884.3387432034837,884.4941921346231,891.3908770055212,861.0631511498049,868.3931318687031,873.401395303998,885.9404957374538,882.4474813005719,883.8438252228996,881.634316360226,893.9894821527379,900.7047311807873,901.1431709740676,908.0207871028468,905.0160029474168,917.9113272827184,900.6485609119981,911.0794746160328,911.2817401321535,943.9975951199765,955.5352711981052,963.4146612866336,958.6457970864842,972.4665602324508,979.3318976289994,988.7173683308569,987.173315145639,998.8439383369831,996.890793274135,1015.2800643831439,1031.4047837950407,1065.1669667253018,1065.451375344678,1077.449402451833,1084.9992741761853,1099.595908863724,1102.638642496563,1100.3797809665814,1108.69981120056,1113.6783155648582,1118.2135788562298,1100.6941286305953,1106.271319360182,1118.3009462660912,1147.0192441065021,1162.0184655623075,1167.8199475586373,1169.6442938517662,1170.9983456403977,1173.5300355103632,1182.8048382713575,1179.1455693765422,1178.3622277724662,1173.2922157862238,1174.6114530746306,1176.524952587022,1191.188971852306,1207.0315156687197,1223.0042101726706,1224.7741255999786,1235.74742217,1243.4964458414686,1251.609585350754,1257.4911662098677,1258.4647773958934,1269.0466904880527,1280.0330178068243,1290.935310927222,1295.2040122972337,1293.0352579553116,1294.7537156058763,1289.9368371559758,1296.6503513252972,1307.6082127651252,1319.182793219724,1332.322501864565,1343.1024223413347,1347.2224727846333,1346.186238416616,1354.2261970456377,1368.2155144639555,1377.0415456071094,1367.0865898515,1366.4801587301588
394813,200,"Macon, GA",msa,GA,,,,,,,,,,,,,,,,,767.5682613891234,766.3754001054006,765.9961957685242,760.5783272563442,761.7047271596264,748.4545057162564,747.0708125718007,748.940665141259,757.2741115298403,761.5473160304563,760.9129588048513,766.0378925986355,764.8093859456378,772.048785515356,774.3669366644243,780.5870621471017,791.2472988958427,776.8663863842756,783.8859744046254,767.3497368622743,788.6266154292214,791.2389424538776,806.2717420998601,811.638931316354,813.164395024465,805.8426523828912,805.2003840680896,816.9006947401218,825.3307980589258,829.8638263421957,821.8680283535673,813.0772131674652,800.296415077596,791.0640197542276,810.198320535584,824.8707112121858,851.1796916672808,851.8898016817203,854.4661027292606,844.1222861734781,840.4768996944258,839.1310412093641,837.1631849894884,836.3496281327424,839.7745838823698,856.6638378731936,878.7342649323685,881.4938630180876,878.5471011244265,868.5801102014875,897.6761190801963,921.0366378036679,939.3406757180849,933.4406093975297,921.6303597654671,923.3797525325351,925.556776952451,931.8790273550153,942.7907206705287,959.4652967430101,,994.3199712038892,1007.4937367279655,1025.8666553495473,1044.8818830585244,1060.4854180521106,1064.6212420243305,1055.6017018840305,1046.0548035982104,1072.789191547012,1092.1122962597588,1129.121948323469,1145.4298884796233,1162.695772441861,1168.6487355177794,1157.632246034754,1152.207464201024,1143.782694175246,1150.2338581305667,1165.3335680285445,1170.0408354676485,1180.289804101305,1189.4396332665676,1216.4653244474894,1237.0055800914793,1232.358504666256,1231.868508503187,1243.3748345763986,1254.1714168028739,1264.4691998133821,1250.7477818044058,1251.7738236607984,1252.797619251639,1268.4714177419744,1274.6846522142728,1282.6111069470865,1281.7939998899105,1290.9819139543872,1294.3809243237226,1301.798253385837,1300.407023423482,1305.2882436173336,1304.3098947493786,1312.0618034046051,1305.7651288230882,1313.4678950743025,1328.2464562542973,1339.4652723847541,1342.949186339433,1341.2271098098074,1340.750750948705,1336.7591529355366,1341.81174171362,1345.8588526709498,1356.55612183223,1363.4264916423663,1366.6154703479472,1370.7068864358193,1359.4517158571723,1363.8037981617779,1375.5213926875215,1379.1749298796692,1378.3321045811788,1371.122291288958
395174,201,"Tyler, TX",msa,TX,,,,,,,,,,,,,,,,,1130.3769911712855,1138.7769122949144,1159.8682324984513,1164.8855041900329,1157.8681504271667,1147.5334867751708,1135.6886406342323,1134.5161383180118,1131.3776075767496,1141.0765692772698,1150.9298413221397,1158.6221468388121,1162.459472883753,1167.0312677910342,1175.7214568513002,1177.1939586971207,1181.1937371502595,1182.7088733664598,1181.109253814732,1178.4110838552306,1178.1764855960162,1183.7986195888539,1186.7773184604234,1195.4804997766662,1204.4107926499216,1212.113893841361,1217.0002524953445,1213.5611692228952,1213.2796507308647,1209.2358521451688,1207.9952140527112,1209.7472889226713,1207.7365042376646,1218.6277445480669,1231.1725484518936,1242.5545379400285,1254.2236801199913,1258.0158697532368,1261.5012156772796,1253.359921937109,1251.3831435439424,1249.7482356844491,1255.96936117814,1250.5670095289433,1252.0855545769623,1259.270977428789,1273.2178101428078,1279.4676237864137,1280.664387058638,1278.3466326898433,1279.2604267984123,1278.072798729451,1284.3817039706666,1299.5759551403676,1307.3698624276635,1312.1472320955029,1312.8479648633563,1305.8952777113923,1316.9014125852482,1335.5640362737656,1371.738495534422,1394.7615770546543,1407.941348196383,1408.9969389258056,1419.5162495662757,1469.557778707351,1506.6792817300202,1528.9467590032032,1508.8535292379947,1517.6079842522365,1526.8593383660789,1539.8853623268253,1544.1264216108298,1564.3569399232888,1580.5874292511285,1593.9251336061513,1603.8631361371442,1617.3582943756685,1639.040945316608,1638.0602942942917,1637.4879176995717,1634.9000361442695,1625.1700391293173,1631.6914728896159,1630.8198780668138,1651.3994585156124,1644.281836600874,1650.5981887505782,1630.5831937489288,1627.1994923741977,1628.517387103977,1655.7933359449353,1680.3055240909232,1670.2240387127242,1662.5482686520133,1650.5704334114241,1667.3085537181553,1678.2786846711774,1678.1506061048992,1679.08032190886,1674.533773595666,1681.3802277051334,1691.5101696716229,1684.3610326154474,1689.0867359313415,1686.3878263637387,1703.4824061871198,1710.8929188665174,1717.873742824814,1720.188149212955,1712.9702895554992,1700.9423064922394,1700.7872188029967,1708.6142193582946,1709.8805374640829,1710.3861714928496,1713.9061684840133,1736.8697091998656,1739.432114910112,1749.1994754679415,1740.7490244955015,1749.063396311307,1739.3441084960443,1743.5522486772486
394361,202,"Barnstable Town, MA",msa,MA,,,,,,,,,,,,,,,,,,,,,,,,,,,,,,,,,,,,,,,,,,,,,,,,,,,,,,,,,,,,,,,,,,,,,,,,,,,,,,,,,,,,,,,,,,,,,,,,,,,,,,,,,,,,,,,,,,,,,,,,,2525.7360037251715,2559.1997732287937,2604.2936212892755,2641.2763881894616,2612.123697705493,2618.8867835931255,2606.5157264537074,2625.878096308231,2582.267285558989,2555.799319458271,2490.551538135326,2641.31056732476,2708.8316371584783,2816.098966004205,2715.9931765141832,2679.1897999288512,2727.1490643577663,2742.56307480593,2731.030549315567,2709.9450549450553
394519,203,"Daphne, AL",msa,AL,1148.7471050278189,,1134.6491040826475,1151.8656343433563,1174.5874214972612,1201.546727398941,1197.4835671852325,1196.8719392303155,1190.618009193251,1177.3523710032696,1166.4354740937943,1156.1556123835342,1169.395839697077,1182.309762525667,1180.6937226005236,1181.5686301850644,1192.5687100182636,1213.9111877368794,1232.9410877908288,1235.8051892475817,1229.883685391176,1222.3067432413495,1208.9851034337648,1208.150617568451,1215.7577526422456,1228.1549567931086,1233.7829734060485,1243.1252646798985,1254.2613162273944,1272.3363739079462,1283.5075379585212,1300.0124123883525,1296.7495543102052,1276.7152655748002,1256.2422013719977,1256.7804922857133,1267.7351720990441,1262.9126186401222,1263.5028110329665,1275.8609434763275,1304.1239852614506,1312.1411695910813,1309.9280913659175,1306.2573124492378,1317.824780861331,1323.6440962998859,1331.7056034506545,1318.1148579248625,1321.7576093482674,1309.9736054199818,1315.4261499928311,1312.711097750528,1332.8391709499085,1351.236116362929,1362.5186935025822,1353.8006191715274,1351.3041404695844,1356.9334641432858,1371.4672548302497,1377.5760547992238,1374.1195246356679,1379.3134310146324,1391.7036120316325,1387.2470689597976,1410.5459095424933,1421.9329559593066,1455.623119647594,1448.1516236767113,1460.3057897234366,1480.8565083525582,1482.7164543453766,1488.0263944072976,1479.6247021524503,1514.8502659524881,1549.989270298798,1562.05843651485,1593.738547801955,1599.798871167188,1661.9353632053849,1686.3080103203488,1696.068137594566,1716.7747138085033,1718.0165868920083,1739.3075721306343,1747.4513991630556,1784.8019707469255,1812.148188799597,1817.0377880439748,1813.7167002608442,1807.6354967658067,1833.2095775685123,1833.1068559907922,1841.9318321969142,1821.5264820922066,1832.5219475110184,1848.4761201125496,1853.2216293275,1875.1490946483066,1879.3674966244257,1902.8077464380867,1894.8957192000805,1906.2793359163375,1898.4620261626526,1895.7914180030834,1897.2923783887065,1893.2091144169099,1884.7681951011753,1875.2046802823754,1894.1296831450688,1903.2596749698077,1927.0079217295556,1933.4391356519593,1959.8914526577407,1972.399826423898,1981.0477011546677,1985.4849711616919,1970.8652323489675,1958.6076300039906,1942.404597849769,1937.0593389302637,1939.5802373511096,1944.375227731872,1963.8481879593373,1981.8548574484832,1988.4206672303449,1982.955209097523,1985.6772740572264,2000.526121378833,2002.7651292339256,2011.7743040903647,2002.9278976920982,2002.6433146468153,1992.3263252892925,1993.6231062387455,2019.1688741768362,2041.751854519586,2068.1404187114463,2080.8441163808684,2072.9293377349986,2069.4901433691757
394378,205,"Bellingham, WA",msa,WA,1324.9602741344956,1298.8867019186084,1298.0890891472795,1311.8366677654255,1326.5924622096486,1338.1121838287024,1360.8780079282374,1370.285022234717,1364.3639547340995,1349.3337750702435,1346.5894629562458,1364.5896828881757,1381.1018232143183,1388.1110854177114,1390.6797885382596,1390.7438571868956,1404.8316352304062,1419.8789004060209,1448.8629582138983,1467.8174998643963,1485.018721173438,1470.053851115717,1448.769966044098,1430.1358335752866,1440.4271450795754,1466.0879545236871,1494.9687251702715,1504.9572089490828,1515.5467139070734,1533.1015061990506,1558.4642743252218,1569.9982429142403,1544.071563171402,1538.0772334275173,1509.8338310907402,1524.042738616837,1528.9013407136056,1576.2731633337,1601.5058631192603,1627.1364915543681,1643.0238126045256,1659.8874305486036,1678.1397539727568,1672.0102294653611,1667.4121307240214,1647.8516437164367,1629.3864129122928,1636.415629661249,1660.8572767001208,1700.100584473423,1730.1697301501003,1751.092188179518,1775.3988487178553,1770.727843144598,1776.5530574109853,1772.451067246805,1764.2665633286388,1737.3351602648897,1719.409307820955,1722.4424681006126,1770.9657939210476,1816.999727512523,1880.6599120623262,1874.1779258081992,1877.8545462250104,1853.0028385514256,1864.818898901731,1863.123242959158,1857.6221204481542,1859.9009524505113,1855.839084738564,1906.487294987227,1958.9459941593898,2037.6344720110128,2049.814906807518,2046.87210769295,2053.5214386759644,2076.6526897151957,2098.960455261278,2120.2563775536896,2115.662388444512,2197.5559474937827,2251.29492625328,2294.300870541587,2252.8632498187503,2243.069696295868,2253.3741111072723,2269.757428531787,2303.4765526729107,2333.248682389944,2352.9354372174257,2336.910891014997,2313.8315690842355,2326.1331112232842,2350.453100727946,2394.8940660061053,2393.183761213722,2354.7913102615566,2380.936856433228,2419.079956091376,2472.766037558873,2471.3630876941343,2454.7866060882825,2464.001421895737,2487.5536942172434,2503.9943080048492,2451.339659608848,2433.758235216981,2443.9797409106386,2486.4138498485395,2518.7473706843225,2547.8954845507988,2586.540098898981,2579.092937302439,2585.3676222267254,2585.8722238575806,2575.348315412823,2544.943373697641,2514.857630033075,2526.654848042606,2547.507228123548,2588.5958948379366,2622.4210744396287,2642.0274549929227,2649.136175087074,2654.1738649291924,2653.2234657191666,2635.8639717592664,2611.6066144974825,2586.952048119979,2596.774431291933,2606.982506540644,2654.2398585480482,2675.813483649893,2702.6383471318873,2722.832303539283,2731.908695271269,2746.9256566289314,2726.3908185398896,2716.009259259259
394429,206,"Burlington, VT",msa,VT,,,,,,,,,,,,,,,,,,,,,,,,,,,,,,,,,,,,,,,,,,,,,,,,,,,,,,,,,,,,,,,,,,,,,,,,,,,,,,,,,,,,,,,,,,,,,,,,,2809.586788704746,2900.4909819596305,2921.945935296318,2953.824724589267,2994.9248750700667,3002.1699164144993,3033.4395764244373,3040.1999795206757,3071.0117620082947,3087.413958347662,3062.268279314485,3097.274720621031,3068.514892997972,3099.3905905618963,3115.7826393980795,3155.6694541839165,3192.3695581370202,3187.9044458299736,3209.685848800596,3255.079694709091,3258.9331625944756,3259.7734278337166,3208.282621077944,3209.291686796464,3198.4643862671037,3220.99908876532,3213.410018405573,3233.364330000405,3242.129283548301,3253.8577428141066,3242.3353452162405,3249.9955152913667,3237.427451384791,3242.358157310309,3248.5507832739286,3226.6988922936453,3189.2349712980085,3165.9368166758572,3203.4914759073436,3227.587923182795,3247.0570926975665,3244.129850279788,3279.7676004553878,3294.097222222222
395030,207,"Rochester, MN",msa,MN,,,,,,,,,,,,,1207.8697937705924,1231.9795001849934,1240.4021516674238,1230.4425335736753,1221.3998563349583,1233.6015583679175,1249.4700286954087,1249.8823519420046,1257.0618714958277,1241.8348684331536,1239.4151451669518,,1220.8382973801247,1230.5035583641427,1257.3041347650278,1275.9284247005255,1287.5327416846865,1277.759026138614,1279.2352020804176,1262.244565394866,1264.9078265945416,1269.9262626271493,1253.6013385821202,1255.0454044134049,1245.4470451789452,1291.0009522014045,1313.2211874742559,1336.823604676025,1336.2455095671924,1325.9516085159482,1318.8434813325405,1305.0528417629255,1309.7149575891067,1304.999495509084,1314.4609870299857,1312.4726480908225,1317.888700478394,1334.3315275752866,1353.5201663971825,1372.8477392659256,1369.0679543090644,1370.3383365589198,1368.4415570057047,1376.088074742554,1368.358140652759,1362.478473920586,1361.5405395268751,1368.0282994532004,1373.9639705537072,1382.6190041624998,1386.4153811068466,1405.4742793770274,1414.184137064978,1411.2691195685356,1414.132516017823,1396.4127817522947,1399.929783037473,1397.7534054399212,1392.659613562018,1398.2947187252873,1427.2809717221776,1480.9328067381775,1504.7789767758145,1501.5712336535935,1494.5782984039247,1506.7253752580255,1520.0323304683511,1530.652537483977,1532.9447555969027,1520.7867346086332,1526.3379051784734,1529.6250578177944,1572.9579056542123,1571.9683076571168,1609.9502618051295,1596.4556737294133,1619.1719575775169,1613.3542755481851,1625.22632598002,1624.396930496651,1634.6609906509236,1629.9669953958905,1634.434305036823,1669.3847963188255,1704.511197493727,1729.7484121682646,1710.886356148817,1704.0164540135193,1712.843797817958,1714.9451825394465,1710.1948303148324,1692.149224689607,1694.225278119865,1709.8528062085966,1707.9115469863805,1724.9074892080298,1732.8354075165964,1771.2919394952494,1784.297757331958,1791.1965584905324,1785.5423274588852,1774.8373613104766,1777.2081277206362,1782.3055388032549,1785.9608482032863,1783.1432612194858,1805.1346985882835,1822.1616485829913,1846.8750153675398,1862.194786131133,1880.8434741019016,1883.6260780205848,1881.8492754730635,1879.4689243345083,1895.9660136444627,1899.35577973404,1903.645368020071,1897.8736204220936,1901.0154520090243,1921.172004392432,1924.5482218787567,1930.1997224409647,1922.501863499957,1939.8599196808939,1950.664492326375,1961.616162600246,1958.613201562465,1973.2184095860566
753895,208,"Lafayette, IN",msa,IN,968.8038366763832,977.724387913742,984.7591560950513,989.0416075673099,986.9919585392457,994.9589609003743,995.8379061932717,996.2048634696657,1000.0374827526135,1006.3465656987872,1005.8797384597542,998.0509508159372,1011.8094368242236,1020.8036875278988,1026.5367776163143,1008.4117688938554,1005.5997322545956,1006.3141343098208,1019.3853965137523,1035.7785683514892,1045.6789131140308,1045.0227410756145,1044.9790320112052,1038.4915364185936,1044.9597212439269,1047.717638627305,1058.8748089367614,1058.6584701778365,1060.0008777633245,1059.0981721902288,1068.1925371184766,1063.7884830051396,1066.0187821367986,1059.8987475741178,1070.1487811552672,1087.1498763936047,1103.3689366489843,1105.7529743819634,1100.0489070875967,1098.9927731874616,1107.9736526239174,1112.2971557884027,1117.2177056879618,1104.7935166966715,1100.7384846336215,1093.7309697750843,1105.333047664526,1115.2659254497519,1118.437647629888,1122.03522510713,1125.8375644919684,1137.9588483442296,1146.7824697984747,1160.079933402405,1173.3622047299355,1180.6019925003375,1167.9051309623455,1160.4664436127225,1158.0473981028988,1177.9684833965548,1186.8092573093088,1201.156066303235,1195.158689610571,1198.1428852614033,1195.5355819841743,1196.9095173744238,1208.2536804235458,1222.490591768138,1230.4695623709733,1234.8310040724436,1234.1750919184285,1247.1989529305615,1251.0190493814891,1249.5747011679414,1255.3017268636545,1260.557606636059,1276.6581634279462,1295.0965819114954,1317.9792490695063,1339.547097709677,1342.8741174353613,1342.9582504751952,1345.3430615735933,1347.0887570182588,1347.9571948288353,1352.1415224004456,1370.6229564489852,1395.7488349888438,1408.9314499949799,1429.3519578603298,1436.9095516393538,1450.3819007272507,1454.8646449305668,1476.7553791319324,1487.5044006605958,1504.5088682449261,1502.5579674006192,1527.045430145304,1532.338337219205,1551.2720925996296,1554.5176283647108,1580.360414787728,1602.5677151704776,1618.6152199041524,1607.9304828125282,1599.1108914749905,1603.2985843988504,1628.5280780550959,1640.4805355850401,1636.8755976559316,1641.1456717926606,1657.3851717259672,1682.335723130226,1689.0255613866038,1688.152828786379,1692.1668804505823,1725.5312797567044,1735.7371133661165,1747.2329226900897,1691.6667385973944,1700.9393895988637,1697.2320188485123,1735.0222989048798,1738.3627240484395,1747.5610663380362,1765.5583091221304,1773.8853539862093,1773.3144986696093,1777.0015167776164,1780.6942305510652,1797.0003291741118,1792.5350640543631,1800.2303119332087,1789.8175663020618,1798.982729354983,1805.8023009520462,1810.208121087453,1812.895831469818,1806.7400885439406,1831.2619745845552
394454,209,"Champaign, IL",msa,IL,937.108936946055,950.420342701256,967.5807918842054,983.9872854112964,989.6962826709444,992.9437080478398,1001.6891798743234,995.9551013388084,994.4397660023561,991.4013532762882,995.4978876534576,985.1502514846248,984.4778828067701,988.5652278083192,997.6056580552024,1004.4575131251738,999.0672303556809,997.2744263278546,998.4003036214899,1000.6725847690234,997.2388231296516,989.214970199633,992.0121257504642,1022.6145462207497,1036.527140522213,1043.2048451206738,1022.8658364480227,1025.3102115735967,1034.2530266956014,1037.0398172556042,1034.2235258709293,1019.7614557608679,1019.2868319838002,1022.4399737432283,1026.3430548924584,1027.142340565959,1030.8380207670161,1045.6320609440843,1046.6677998065675,1051.5479503846927,1052.747767470025,1055.14845409534,1052.757809404817,1049.4293492072018,1055.8627696744832,1053.3955315808635,1060.263268277047,1077.0230589582368,1087.2754626581388,1088.845501143754,1080.7889555784225,1091.1106050871915,1097.3222762656942,1095.2223551213656,1087.875017146581,1084.7700912435744,1092.0296556784606,1098.2650092119773,1111.4771173448373,1103.1744054635046,1108.2683431132366,1105.559835933687,1119.634589082805,1117.2956395890524,1123.2540219581324,1117.313555873386,1125.5222736142025,1124.7633057118676,1125.7143554819802,1134.0837972401393,1151.4511827694218,1155.5040941728932,1164.4875316636826,1163.5065172959862,1183.0762831867437,1179.7763677999044,1176.3554978543955,1177.8258936594386,1181.9032985784254,1204.2328965124382,1200.35147096004,1219.9423496041347,1239.541309196866,1265.0614727883762,1274.1314595561983,1264.9254646646984,1278.9436784304614,1286.9119027379431,1304.6920229745742,1309.40743707359,1307.7277711761642,1305.0543574359817,1304.893555785752,1296.8639647806224,1303.140577341402,1308.3592155054457,1312.566308237858,1316.5504779610537,1328.4790669959782,1350.3037190656848,1361.8257598852833,1360.1248602307926,1367.2528134844968,1387.125199672069,1393.1467433478877,1410.750256060119,1383.3196488423582,1402.210501253832,1412.7059443554658,1459.5611653734795,1473.809864252677,1473.3360309068735,1464.8523151163367,1485.281582690887,1515.6349025562631,1527.1769319496327,1517.810979041631,1484.7652225798638,1492.4977195445115,1508.946371177062,1540.417514949691,1540.0053245685933,1553.0752871980403,1563.8503879166249,1587.8187097216614,1586.353269960353,1610.22604017317,1605.1934205944517,1614.5817083813065,1617.4032740054831,1614.9162680358152,1623.683509289224,1629.6825567419544,1667.0162713065959,1663.2796484744601,1653.6165549365833,1664.5461317235,1688.12775486836,1705.9007980825013,1706.1944444444443
394848,210,"Medford, OR",msa,OR,1150.277386121902,1164.0936693774206,1182.0943608666025,1197.053892229399,1218.6200667594544,1217.1055886460128,1222.291225663218,1232.7590498408088,1246.2152875928198,1248.7149078191494,1249.4849790199435,1275.5619533633096,1313.6150711996975,1330.1755195830601,1322.1494507609473,1308.509863855604,1321.334921917154,1329.3967193708959,1336.3933670226302,1331.783577780116,1360.698211697708,1370.4490941395213,1363.972523834333,1356.5633636032808,1370.663110161626,1399.3213816247478,1429.7088691657036,1440.2307546226634,1440.4341278576576,1442.1211648830772,1455.1235526622954,1470.205111841594,1473.2065730264721,1473.7744241175174,1480.4501460461454,1476.13336220298,1477.09195611618,1473.5217225196893,1477.5832150038639,1490.8276059843265,1511.6027536461875,1538.2040266695287,1546.685253904623,1536.0747225632124,1527.3296454812403,1515.1568804348374,1507.0257480828684,1494.313312289222,1488.8097999885617,1511.6762282397995,1521.3974333141268,1543.4037450503017,1573.2715517852098,1594.449424443649,1592.645676732076,1572.78642293686,1577.815282228521,1578.8939098733179,1581.8531473075232,1585.1879676031542,1584.948820404235,1562.4246793741167,1566.1274001189713,1554.0441636720514,1585.2601658830592,1568.1094269876796,1613.9771674141962,1633.0584059420596,1668.4166142747144,1684.9907328907395,1692.0110187863093,1719.0313146953054,1739.8769052733862,1755.3162934547768,1757.3186924030772,1764.332719026165,1771.7524556354979,1775.2437958648486,1813.853161654509,1853.1415281574023,1886.4395783552843,1863.906498368723,1865.1085860794626,1879.4986170768686,1888.0056944200305,1893.661029548287,1880.7343059701395,1897.4063584820392,1894.5569883309922,1933.1118327182592,1933.4578292561962,1942.7256276056298,1933.1476434231076,1941.3466040788962,1935.6427990122022,1926.3773031258504,1918.5585816125647,1939.205951121292,1960.234350161494,1952.116492948155,1962.4728445160092,1954.9508544957637,2000.391682626597,2003.2232024000707,2008.171788673437,1978.640555973132,1977.7938536425424,1979.7289353287272,1990.3265043385857,1998.8675637009412,1996.3194625217368,2022.6614920691563,2022.6905682581357,2048.563266632941,2061.203548055745,2076.1809684222612,2095.209118744538,2090.0108771472374,2086.258962009888,2075.1434582662814,2067.063102100597,2085.923469320704,2088.44617035617,2107.7157681114045,2105.4195792274263,2106.490538141172,2095.843819310985,2097.2414753342982,2116.260320347105,2124.616461082749,2136.867623000111,2111.890330060588,2132.603139978906,2123.853276615089,2148.093144112068,2150.660368561965,2180.3305106345756,2180.0372147960625,2177.9220272450702,2183.807858807859
845164,211,"Lebanon, NH",msa,NH,,,,,,,,,,,,,,,,,,,,,,,,,,,,,,,,,,,,,,,,,,,,,,,,,,,,,,,,,,,,,,,,,,,,,,,,,,,,,,,,,,,,,,,,,,,,,,,,,,,,,,,,,,,,,,,,,2410.6249262238825,2449.052766790113,2422.017822676925,2436.697378937378,2392.997552814365,2498.5506716302834,2482.332142156115,2508.052242573748,2371.1453496943273,2430.764443702564,2479.5275382621157,2575.866722385137,2488.378291842998,2504.2831317631967,2517.129915270084,2571.486713077993,2541.94198389373,2569.5903697300582,2646.357854686329,2651.3530903218893,2551.9599352118116,2404.913336045533,2544.6896365942325,2674.629359997419,2843.0532996741135,2772.2802715441626,2802.061441893825,2747.6190476190477
394459,212,"Charlottesville, VA",msa,VA,1298.7648079885253,1312.6559594437754,1329.216397297916,1363.1168192270939,1355.0636465147315,1359.8693881556455,1363.0373630360511,1367.6923081045015,1367.5410147373123,1366.253027330934,1365.5843313002672,1356.5278551714232,1386.1918380600155,1402.1387481741428,1425.4515902859764,1405.0807396675975,1407.031059744827,1420.7451268094653,1430.0505138510719,1434.352170525553,1420.6148962517225,1410.2594267134837,1402.1056096281786,1383.4103696584498,1408.134116337087,1436.1989947750396,1475.9464745797256,1473.5773903602974,1475.1861486672042,1482.0637945525327,1504.0575045937198,1519.5586696512703,1521.0510348412784,1511.005345331733,1512.9594952880013,1507.1311936609782,1513.5821105563111,1512.4693677389396,1533.6207863195427,1538.8535147935333,1549.466933958719,1549.364731337345,1565.4324618151977,1564.7356211562653,1566.0525553776486,1547.4805040589285,1550.5262118517564,1568.331777255733,1582.7439124103291,1602.794609991464,1608.081887097612,1620.1003415589748,1616.5781250487867,1618.4330411428655,1618.030018835512,1615.2524539348383,1608.9138829973333,1617.213739361548,1632.351597408621,1642.8902099948155,1654.1180463267085,1660.3839951116145,1671.240722455286,1668.4789844121817,1664.2539772984965,1671.6227168383496,1679.134498496616,1685.8617756271092,1683.635928138225,1696.4141974096963,1687.483691112757,1704.1073156851276,1717.3286669541117,1750.863035551405,1759.5235081858316,1756.4501609283939,1773.7558233271523,1790.7257653531167,1820.0483178874806,1834.658969141193,1837.0050240058174,1846.3787275221716,1851.1249946593239,1872.2843720998987,1875.0509029339255,1892.6146225710936,1905.8351900202704,1932.748751237647,1943.8231725659905,1959.9913261187878,1969.5307537036267,1979.5155983348004,1998.3302757820693,2015.6954708306291,2022.5770166578077,2026.707457530638,2020.5623764498953,2028.3550757774706,2060.156714220732,2082.321156261049,2123.6146662554247,2108.554233354763,2136.0388449055895,2143.350727396371,2167.9255008887567,2157.548686220024,2149.0362746518413,2148.670966764667,2158.573905785189,2185.448165907679,2204.6742097177457,2222.2195127551477,2229.447890040849,2240.475686830983,2253.4693044077208,2249.5811745966244,2245.4747924596077,2245.121432268213,2226.644372394219,2254.2783658352814,2267.0615621695297,2308.455466150444,2291.3701518257203,2300.256874305062,2318.8780613162717,2337.5974797163567,2345.398795917724,2329.4198023184326,2349.004845443043,2339.398680696909,2351.9509656173886,2331.1172042930834,2353.430045618702,2367.6803286827612,2380.034510440428,2377.775637852849,2385.0102618075,2411.122921322175,2429.731455159874,2455.6050925925924
394763,213,"Lake Charles, LA",msa,LA,,,,,,,,,,,,,,,,,,,,,,,,,,,,,,,,,,,,,,,,,,,,,,,,,,,,,,,,,,,,,,,,,,,,,,1225.0602932707363,,,1473.9805902436124,1446.6030437860138,1453.8219373853603,1437.011444465397,1424.5598163547238,1403.705795679855,1407.1783195995208,1411.3160882160635,1403.8324336507321,1414.6249587226903,1374.430814442706,1384.6224049575692,1364.994444779958,1366.3415512993963,1351.383090469215,1351.8432111121683,1342.8352820380553,1331.7208379684334,1309.289968505027,1310.3404822143896,1313.5011669447256,1295.943230634917,1281.3110216580142,1272.3177740856456,1293.0494530607461,1308.6541686324813,1314.2223465561365,1311.4464991549482,1324.3297187024998,1317.0646294615135,1315.2771843718758,1286.1758016390004,1294.5717325078485,1299.7196618206938,1302.780255729638,1310.589560608909,1298.2839928916396,1282.3096602703135,1278.6668383501092,1289.2203002782517,1317.975988303721,1323.4270069931176,1328.6850741500868,1328.860118581586,1327.3137004248945,1327.1493353790374,1302.4841292806204,1298.9871014189762,1304.1733182917171,1328.2740214071925,1316.4585615231988,1310.3042889442545,1301.1937312335094,1318.4450148667877,1338.2951305383328,1376.8471853760952,1379.7933785120385,1367.6169736279141,1346.6561275336937,1382.062893850122,1406.3645339483046,1410.3688526940768,1402.9904760017364,1416.6822832287146,1442.2976789904021,1452.7422593251038,1467.1678678055036,1489.610576923077
394773,214,"Las Cruces, NM",msa,NM,990.2224947812839,983.4436638882223,990.0183217742099,996.2496825081176,1004.663682640992,1005.0534502983495,1010.1301641496788,1009.1076368202008,1007.5004116781704,1013.5942053166026,1014.2398215140469,1017.0494182947001,1015.3908236146923,1019.8752593009993,1019.9746096817194,1018.1888726943494,1021.9453185179383,1028.2845056573897,1031.6379771301056,1028.0763896930998,1030.0483007478567,1027.156680702603,1033.9860909383933,1034.2780742538748,1040.7456442392072,1042.383122705459,1046.5465466817352,1051.0977611712897,1054.112296715925,1057.9307552489674,1063.4528346741693,1064.8288833614072,1062.7024115305978,1060.9015783453615,1058.9349856211209,1056.3193406247897,1061.6747306317625,1069.0903888179055,1079.2991889162622,1076.20885984403,1082.785129005151,1091.1718879095308,1097.7215555046776,1096.7733484062358,1096.0507627680504,1095.5315132367202,1097.9407118562315,1102.3100792496268,1107.6802412614431,1105.892613158904,1112.501131516491,1117.4710422691526,1125.769491759117,1127.7123275966267,1141.3574907911511,1149.4356338647913,1152.59454828213,1149.8709930447844,1148.6148716808966,1149.9496214119258,1154.6972686186,1159.7738201613724,1165.3936124169804,1171.9034006788634,1170.8775207558358,1187.2217474054742,1183.5484939304617,1211.8340405403703,1231.7520560090147,1236.827287641358,1259.900146963047,1268.3502893518425,1302.573766578523,1305.2322726936475,1297.97662287957,1306.177814899153,1317.8793577881022,1326.1363300406415,1336.7673999095578,1369.6647414039635,1423.9118088736918,1449.9729466333004,1458.070249275067,1454.0201010563794,1493.6595082569872,1512.719975645979,1560.595667487489,1556.9846070734175,1554.9712111739107,1555.8456218030444,1568.2387752837194,1584.6033638150561,1559.8899375431447,1536.5964345325174,1538.236772929989,1556.6997526787707,1598.7604018842521,1607.0717359454711,1615.627797023987,1602.6864697039111,1614.1462643478587,1621.1199530251597,1643.7192474096435,1655.4781645804203,1661.957948655988,1666.416800158299,1658.2179970971647,1654.0366743739196,1659.2211030637795,1661.013993491635,1676.1385624100794,1674.100455239949,1677.8635969857812,1691.711038032921,1692.8132428275014,1701.7959281979245,1683.096424470381,1675.1364856613257,1664.6182666934649,1671.7924746663703,1690.0493328735172,1703.7146342631943,1705.1352301883235,1709.6502777001192,1713.032022699051,1724.6438318276573,1736.6440899874751,1745.0119032226266,1743.126864182323,1730.8174930063856,1724.3256805221572,1717.8257929242309,1736.116507828077,1748.1122251571692,1759.3080914486877,1752.220825830347,1748.2093876501908,1755.824508533671,1757.1449368535236,1764.1111111111113
394464,215,"Chico, CA",msa,CA,,,,,,,,,,,,,,,,,,,,,,,,,,,,,,,,,,,,,,,,,,,,,,,,,1499.2578612728598,1515.96262108815,1534.0895039981756,1584.3195905352932,1597.4997966730496,1622.0006768505893,1620.4749638950689,1625.1680200438173,1637.695128311207,1636.8862341709887,1667.5749067772003,1639.6934238359515,1652.3387957620382,1636.8901139828495,1647.9023519551456,1637.6433006576192,1643.0706804143326,1665.6513117360626,1681.5451123298649,1700.663742550353,1706.571428174704,1712.059605528529,1719.1963963780238,1715.4786611306738,1715.264352233121,1706.5249608586648,1712.3742337468152,1745.673729210568,1760.7131570581514,1792.2972809401813,1789.2213512631909,1811.0022105549704,1853.845379140999,1857.5330814697488,1854.6230708155317,1822.7450848579115,1854.870194599471,1869.9863181414696,1874.0688801468923,1876.1250634244677,1870.445191395405,1890.5825976247716,1889.8436913789226,1924.0404443912644,1928.7999232384338,1919.3562081303123,1901.2413843811787,1885.9012267473295,1883.4252581843316,1898.067164018187,1921.1380089363838,1942.730686438244,1960.9528096308982,1968.6114760208989,1979.155739391133,1968.2007213629295,1970.477689465112,1950.4371276662364,1934.5687808165346,1930.0824758693839,1951.2803584395501,1969.3955492282025,1985.0467083187173,1996.0216731752198,2005.9230415574998,2003.884680015599,2019.7209411287251,2047.0721494909887,2061.12819875008,2058.968836941823,2036.344222737813,2025.9332110829455,2015.5092783950547,2024.9189943503939,2034.8576518919836,2037.3551082009378,2063.5592566063046,2081.8844135334675,2118.516369881178,2110.186702804345,2119.7648009502777,2121.6171656752454,2125.2490744973998,2107.6000154323924,2078.5399563927945,2082.7518857159644,2105.04212745974,2122.921504290565,2134.4956844801127,2123.528412045901,2158.5256518900615,2139.0196078431372
394681,216,"Hilton Head Island, SC",msa,SC,1270.954035034459,1266.0076262493103,1279.719399464874,1288.9121126743748,1308.6488155105444,1313.0086239563673,1322.4622983098466,1319.7119641432346,,1332.8349886010797,1339.8325771570378,1338.7912115136473,1330.3546723266386,1325.229131000507,1333.6222760674991,1340.172540722789,1360.4475676638658,1378.8204072355559,1394.8719483945358,1394.0836588372963,1390.084653721937,1392.7550458535052,1388.2407153137533,1389.1939463403664,1390.7601589764085,1398.993772389593,1415.044876989241,1427.3875852566284,1442.0492698542914,1443.4160614977536,1449.3255523988319,1457.8057401971707,1464.45925358411,1475.0866353320023,1476.007216002465,1478.3660048196134,1479.7499899514064,1494.287492387642,1507.6392067571521,1501.3633920834152,1502.77205962741,1501.3782793180185,1516.9314529534115,1518.9836046285961,1518.5742740972373,1513.1035836175995,1527.5835695815333,1539.641176736007,1551.73591331548,1556.6256566151014,1573.0253250427409,1587.6942469312687,1593.8083986342003,1588.1597708041968,1588.846801907739,1588.4703780182906,1593.742113872092,1595.643033368206,1610.24238693763,1616.341720777178,1634.9010577520366,1629.9092023854125,1627.9266653578372,1624.1065104609154,1638.6594641088566,1652.8658439631986,1652.576291998581,1654.8997592515714,1665.754581941639,1682.8510204060287,1702.301130874692,1738.4982436438263,1770.9526076322593,1791.0061557723373,1787.9493013869107,1798.157381439189,1816.3609679680947,1862.3504098723424,1892.7864897837667,1933.9284835387032,1945.2179393193094,1978.661529067551,1992.8648265322263,2017.9825152354804,2046.2922075489116,2067.8063778934084,2083.3739385999033,2096.638610729205,2129.1911133613926,2183.258441895578,2216.6753187618565,2225.3996566468845,2245.404297226123,2265.3670186225904,2288.0940518182238,2298.0446238654795,2300.828301932749,2315.9720045330187,2310.880408675374,2344.8738464812413,2361.745528375149,2369.7350848789497,2339.4517636403853,2353.253916126979,2371.3907740721907,2400.170197994667,2367.2056320476636,2378.096135772759,2378.90457792923,2424.6464601245693,2408.0871056429514,2415.096341322453,2402.578240642162,2443.3291122119695,2447.667740025789,2466.10033948358,2468.6858629666617,2477.009424648884,2480.459455187448,2467.5517636111313,2476.4260283265016,2476.572059823541,2464.93629858651,2467.46401359082,2485.189200491632,2525.790907649632,2515.8765774401522,2492.4037191753396,2501.3830567180503,2524.2383132079444,2553.045442708123,2530.9889149135806,2542.4432056751266,2541.9140678213785,2568.657475424976,2586.4348599363825,2589.0559927932536,2603.9110697801484,2594.008255096187,2597.21219055544
394346,217,"Athens, GA",msa,GA,900.5386541007815,907.8210198010091,914.6934405901304,927.0169141459616,925.3192271281072,929.0134966399921,925.8062589377988,930.1009007639042,923.7547500837818,929.0917565047132,943.6085545889381,947.2124244502471,947.0490477102011,942.6210891978483,951.5349167864031,966.0712925574343,976.2046097289938,986.2443408907585,988.112009925372,985.4716461467862,980.8331510524141,993.9412482598773,1007.9957844949099,1016.8410143247823,1012.2069433761776,1015.2139115357755,1021.4466628216671,1017.295175894714,1013.0482076245603,1021.4306901313266,1035.8944487501487,1044.914333510811,1060.0462307622129,1064.1163317712642,1075.8966031783982,1071.4940735332707,1090.4156825528796,1097.4329429090064,1105.7080517244606,1102.568409103897,1120.1945932440913,1126.7971569260292,1141.1602334771048,1130.4055610758733,1137.5488780261612,1141.87084418595,1160.0372336785063,1173.965108156631,1169.6693178317812,1168.8284189925814,1157.6317605153986,1166.3605233890817,1187.7608129016735,1203.3799824271982,1217.7367452907724,1201.5808025732924,1231.6802458903694,1251.8642422164385,1277.6115213896858,1266.4718372668906,1265.8747589527388,1269.269794629052,1261.585414637966,1246.2750291898883,1249.220220743646,1262.8207691174998,1288.0167744875575,1306.127054498961,1324.08530493071,1344.953872436058,1348.932269809319,1361.7034860691138,1366.4466817747707,1377.8934360580283,1385.0161474133035,1392.4407974428736,1401.4709865965592,1411.6091745222404,1440.6143314781177,1458.9216860229312,1484.2608752718518,1475.7532906625906,1495.1912184299704,1518.3617335227007,1544.314387576746,1557.9837624778338,1549.9216523171958,1562.8647663014253,1588.41133734384,1618.6256852467932,1644.4792624261106,1647.9629825670731,1656.3972933829923,1650.8134961373494,1648.4839216037585,1644.4787774681652,1666.0722876725051,1697.5214609824236,1732.310785679363,1736.9060902145845,1735.5924498922898,1746.332624616872,1769.51799371278,1786.1195870700615,1787.424567066378,1783.7843797940404,1791.1952647198727,1788.9695114684923,1784.8547893555715,1779.015996764126,1798.326721801115,1818.0099582216235,1840.7437346700435,1846.8190158993289,1855.4266217946881,1862.4223374226665,1871.2143323345304,1879.1964664410116,1879.1678689536045,1876.1682406348302,1868.9572844775932,1863.4837992599332,1856.0068675472207,1858.8829253196575,1865.4774327245132,1867.9530753951028,1864.749051243281,1882.2609894761213,1916.7313546205814,1948.6779703892012,1959.275698901327,1945.2035878971112,1935.6642662346558,1926.387772184484,1940.3904071276481,1937.1446381398814,1921.732431434194,1920.1340260967118,1924.7023518580756,1933.8143915343917
394765,218,"Lake Havasu City, AZ",msa,AZ,879.0932245300455,875.2292202417352,879.4790223856669,886.2739713885248,889.1889518499985,893.8750871838356,896.4167276934348,894.9918479721944,894.5042718688129,899.3785669928004,910.5233588790295,920.7381228112339,925.2099719984242,921.9066072326524,919.6818829739092,916.86981888557,921.6064095680844,925.5685240094961,930.3984374208304,941.0684516247178,944.710531402429,948.1033133810045,950.3080113352614,950.2494078128699,956.3336077006895,956.0392270896849,967.665222541148,970.2940584737227,983.3122178396167,993.8361807447814,1001.5045521760794,1001.3496819059669,1003.2463687803872,1007.618597862112,1027.6629459945964,1027.8139840355166,1030.465479589765,1025.6093420592297,1031.889210685699,1050.248135658625,1059.440960221284,1070.8535546485216,1075.297364327814,1080.8363278110357,1083.0267331912792,1078.8931234875417,1072.659222287732,1082.645858613567,1098.8651548457942,1124.535838899727,1128.8477178880348,1138.7380193322438,1140.9786398820663,1155.7894112342904,1157.4820105590545,1157.4971146852736,1163.9405684207336,1173.6586018672547,1175.9893121311752,1163.100556254815,1170.6977809456985,1172.916117965729,1191.562321942352,1198.1794278374098,1218.1209352118467,1222.8572445467717,1219.9634163663573,1219.8689180109236,1231.734985765439,1262.0711462247548,1288.0677974850594,1308.52668925674,1304.4123330795835,1325.2608714730732,1367.0309362545352,1426.9652547801074,1465.3999097124429,1489.3107984012877,,1487.462814033153,1508.8075766806553,1518.1303962303057,1577.2091310520586,1570.0865248094644,1596.3576279016777,1599.0810294468333,1621.5995992750743,1636.7820702078002,1623.5815448428054,1622.687213473676,1621.1831205562091,1632.3266204732602,1637.945289904848,1625.1558216813528,1630.481009290849,1643.4261046830143,1662.264457204877,1649.7463339069352,1641.4977502035604,1651.4653111757555,1650.4292099032373,1647.5962343609353,1643.974548557908,1643.042125350793,1638.3127218388338,1637.3242304487756,1641.8039578141797,1653.3414961452993,1658.505192161867,1668.7429415813606,1680.2249272245265,1688.7453852763158,1694.7256738478877,1695.9055436447977,1689.3894846439073,1691.8942771412512,1693.6814423699002,1697.2834568467756,1692.414721755258,1693.3525029459388,1698.0461103468558,1706.169497232432,1718.372322287022,1714.8691104416132,1721.7770383460595,1722.0613201876747,1741.0820297566765,1733.8889958512052,1724.0699052439431,1724.8950804241679,1724.1637611327342,1727.5259953802172,1721.374130672821,1717.6329751336095,1721.3368344861813,1749.8334397830656,1766.662543281968,1775.7687492214468,1757.1614863528403,1761.6490299823633
394485,219,"Columbia, MO",msa,MO,876.861190728513,913.9784173312104,930.0842072341991,934.3418847590099,922.585622973318,925.9008363874918,923.4286945252212,941.1357711690113,934.9323084058709,934.9160939522645,942.1342078118586,956.1682231564652,956.6219511122108,952.230341919181,935.9770148106102,942.6285535995537,942.3186370179656,950.573061872042,955.0500138334488,952.7164925249314,946.9004044762784,939.6940998326118,964.7759571258972,964.2449696776239,971.8380976332992,957.8714571942596,977.9724556827589,980.1722746550462,978.4561963987892,973.8262007522413,973.139702208418,969.9821476294937,965.6711680182948,962.0641069938216,963.8597717487927,965.7025881030106,979.6954500341125,994.7441109091798,1004.7960546217622,1007.6880083764617,1001.252918980225,999.0938205998065,992.45032841221,992.632027054216,985.1627051550098,982.1767170100762,984.6359582799863,988.5662814164139,1000.4675777838187,1009.3137617831239,1029.3395393908033,1034.778905228001,1040.5285234721123,1038.4337032722378,1036.0390947242315,1032.3461763808705,1029.798581488962,1030.3121803980555,1026.4994471661457,1024.1495705043733,1031.565001929379,1045.1361319238445,1055.7821837919587,1057.2247550720908,1058.6772995443512,1067.138413435289,1079.2594019139597,1087.2032174542178,1086.073297766711,1088.2552121856763,1089.334071437685,1101.6025752896335,1098.407312378371,1103.8722266106004,1106.1072295765964,1119.0690257213582,1135.1985274789981,1151.9406673615442,1166.5410238380723,1178.3831433776925,1185.4832013596078,1205.045435008904,1209.4241243705276,1212.4539053618494,1211.2733084798908,1232.6709073962863,1258.1566865781188,1266.745709914767,1277.4207697118052,1280.862089064716,1304.5311727694113,1308.6555039858815,1319.5102204316274,1319.20541677885,1310.608336529984,1322.0773045422848,1321.2387009765007,1352.1354715452344,1369.643810039348,1395.0619801767664,1391.0233178687752,1389.0253645374996,1386.058516247041,1397.8178669123697,1406.0201485706632,1414.818995340343,1413.3305521744223,1419.1262766975572,1428.43125149411,1450.9894433893687,1475.9131924943722,1489.2971077485793,1496.040450070693,1493.9697935918412,1505.3517887869614,1514.5465711052636,1517.8492745101178,1526.1343156617545,1527.625516545576,1548.6169327917646,1551.8232635513566,1578.9141729228431,1576.5377871119947,1585.0768704912157,1582.4138848258247,1592.5192350860088,1605.217758230117,1612.283743456566,1619.4203574596504,1615.6459911700501,1616.5921440260508,1601.7510690152988,1624.6170053926303,1649.5590104724631,1682.9200961973681,1685.031212037756,1679.9237146744724,1685.1088314198214,1692.667363139324,1696.7663522735986
395114,220,"Springfield, IL",msa,IL,,,,,,,,,,,,,,,,,,,,,,,,,,,,,,,,,,,,,926.7160792053286,926.7812025993143,942.3660992442465,949.6810120029363,947.7153357454578,955.5719825711114,950.4197228103112,954.7230066831586,947.5267641254002,944.9560468201055,943.0246036894316,958.6948322787745,966.1789413757948,978.4252860910332,966.8419614953519,981.4243676958849,975.7134285237851,985.1978032607697,985.4583126548727,993.7740324396882,1002.7794485184291,997.2599823844118,998.2921098453203,985.3409484280589,998.1131861594904,1008.1635878087465,1001.6523611678858,1004.8635750204892,1013.0065824430947,1043.2336816271454,1047.838153575679,1051.770343728428,1033.1907154415123,1040.2167695511796,1039.6147147842655,1055.1874261155483,1044.0419117037382,1054.1707595697603,1055.658347367896,1079.6039889041679,1078.7090859567743,1093.456513482013,1114.0458770866667,1131.605484004412,1141.5646566195626,1136.7050958852758,1120.3439321269184,1124.9081177667053,1121.7350376306506,1131.2665799644678,1138.1756834826278,1171.4652580521433,1213.0496316027074,1227.635702903512,1219.4714541587764,1214.7623952867705,1246.9321826235696,1257.0022238948093,1250.433726233541,1241.6614064546918,1238.0296427879503,1277.2345628113774,1274.2463181191245,1283.9318319166234,1265.408361433608,1278.944660071636,1284.8867575911047,1306.9228226470598,1314.17145166808,1329.2852641888494,1340.589814723166,1344.5766687049518,1355.7423113880313,1347.2961668914859,1352.9618277928726,1372.505434009098,1385.7685412128367,1385.3750963698124,1384.5737164814097,1372.4736173286913,1395.259505369183,1397.3183457900943,1412.4086752749183,1408.1360780342095,1390.1134696293682,1399.106808150202,1401.7487333980464,1427.6748643483722,1449.9239762373338,1474.5991848720942,1486.3114398641883,1489.1142124069897,1483.1663030864909,1481.4878220982007,1464.5282638820474,1452.972713759684,1445.3709281975696,1479.110751724554,1509.4800875417907,1528.810783278964,1525.148487132341,1512.8129987653626,1525.946161494367,1531.1482367534998
394691,221,"Houma, LA",msa,LA,,,,,,,,,,,,,,,,,,,,,,,,,,,,,,,,,,,,,,,,,,,,,,,,,,,,,,,,,,,,,,,,,,,,,,,,,,,,,,,,,,,,,,,,,,,,,,,,,,,,,,,,,,,,,,,,,1450.2403133171624,1456.1636138423996,1445.4229643222523,1478.9377098881835,1477.176064829112,1480.9130998824185,1461.5449944018737,1467.7514792548336,1483.4929466679662,1500.2668712314035,1507.531297302368,1506.618066187194,1471.100881111288,1452.531012300573,1461.4135707820171,1474.4146906051208,1497.2467824397033,1480.0658851239718,1490.4440963062164,1473.7148613379647,1477.9062263339563,1476.850926266776,1490.8955788242251,1500.0153735413867,1502.1385759199468,1519.6212358360176,1519.700595092688,1527.7380952380954
394872,222,"Monroe, LA",msa,LA,,,,,,,,,,,,,,,,,,,,,,,,,,,,,,,,,,,,,,,,,,,,,,,,,,,,,,,,,,,,,,,,,,,,,,,,,,,,,,,,,,,,,,,,918.9738409022636,924.872166819108,930.0219114355114,941.7126468326335,948.3235902952975,967.9689684055182,972.5204275246517,973.9276688729718,969.5264403284142,959.5929721142204,978.546666604933,977.424998059941,1006.1725429934639,997.4377635562664,1008.3690595601946,998.4134997095181,1002.2565683566507,1010.1471769831136,995.8126482531696,999.0614862372774,982.8721119110415,983.9181910419472,996.7490760079068,1015.7223940818391,1040.0352865854231,1033.4381863044325,1044.2262191647885,1046.5431670825271,1058.8165458462527,1056.8049279638244,1058.4403981447263,1060.9228569896866,1069.9914456690299,1063.4273190276183,1055.3426975078496,1062.0101423222977,1087.3552379374232,1112.4741402378959,1124.383006261708,1146.76995962661,1154.0800911234915,1150.6551721274257,1155.9648355149402,1147.9869187063255,1160.0732887982435,1146.5892408590548,1181.222741896298,1210.8092258544514,1226.2603300248545,1259.2773495955867,1263.739204114326,1294.1073351325836,1271.2984006734007
394565,223,"Elkhart, IN",msa,IN,,,,,,,,,,,,,,,,,,,,,,,,,,,,,,,,,,,,,,,,,,,,,,,,,,,,,,,,,,,,,,,,,,,,,,,,,,,,,,,,,,,,,,,,,,,,,,,,,,,,,,1273.2536379800576,1311.074033837165,1322.8898360068627,1320.3481145966784,1317.5202303986855,1287.1711224723488,1291.2363495541913,1274.624681590009,1299.340340746563,1319.9349291320552,1350.2704877640886,1367.5490669561887,1373.1509228221007,1355.882650483494,1349.035601254982,1349.4439522978464,1384.570718280344,1387.8378233553692,1377.5653524645493,1365.8674774782871,1346.8267829290571,1386.772721283989,1400.042843126905,1422.5002886014286,1409.1478785489253,,1425.3102958238458,1418.7663106211116,1428.8651994657869,1474.4529467949176,1473.8263350712448,1485.573532411789,1459.1421378607688,1476.1385255225318,1467.428317503855,1500.8580324407783,1516.6762605651031,1553.4389524386042,1526.6031746031747
394726,224,"Johnson City, TN",msa,TN,,,,,,,,,,,,,,,,,,,,,,,,,,,,,,,,,,,,,,,,,,,,,,,,,,,,,,,,,,,,,,,,,,,,,,,,,,,,,1170.9650306125611,1168.4871580365182,1203.3544534094417,1259.4480909571882,1258.5319006830994,1290.2657166804452,1288.1013824477302,1375.177339236096,1372.5122555619612,1380.979251084774,1362.5848102228583,1372.3980596512604,1404.2296004964007,1425.0504115103868,1436.7568076968155,1442.317548667917,1472.9684150692228,1515.0891693176866,1524.112594527252,1494.7035644940847,1497.4540002823405,1514.8757920121857,1541.103833221319,1540.0651378949738,1544.7673161250484,1579.270709205325,1595.4304417100739,1623.9796551674326,1592.349714741456,1597.168063004924,1596.7175836004742,1617.649177766359,1618.4622487304512,1610.8272110894352,1608.188628311243,1634.1153825873873,1653.6232939367908,1666.6218337084638,1676.4449568163925,1688.1946090713122,1691.0171169170503,1658.8931381674308,1659.4523186424315,1672.6374942082805,1704.0972867909534,1699.782759345747,1707.3441956866272,1712.2593464051188,1730.0700643974867,1745.4847791666014,1748.829158983669,1759.2467222833034,1756.2608518787254,1759.645265318225,1737.974785063234,1744.195631953859,1744.0527238203047,1743.7033404609801,1730.9620711104646,1721.4120941752815,1737.4220131180361,1755.9500234381032,1776.0334947858823,1813.8095238095239
395247,225,"Yuma, AZ",msa,AZ,,,,,,,,,,,,,,,,,,,,,,,,,,,,,,,,,,,,,,,,,,,,,,,,,,,,,,,,,,,,,,,,,,,,,,,,,,,,,,,,,,,,1383.6886531468385,1450.1629738128163,1458.2421489219103,1465.2700626753112,,1493.6237287240176,1510.4264933145307,1488.9394324157422,1475.444678241226,1465.8811939537363,1473.8937612328143,1475.7119417169029,1494.300130063629,1528.6717454436337,1551.767246095556,1546.2084948856786,1541.963280585505,1545.7238404608702,1555.004451177301,1562.944913043283,1555.8725931504598,1560.2233109851911,1551.371780889414,1552.9690394977708,1545.4444526311147,1542.8528651688548,1550.5898177229317,1568.5603872630854,1578.903281306497,1596.5263535464112,1605.0520676310316,1603.4482622324501,1606.390201404525,1599.8729335773967,1590.0784946960032,1581.233579509083,1575.7494162033172,1588.8562473557622,1599.2620252506708,1607.7070956811654,1622.1524906978202,1629.660874715876,1634.6824104440875,1621.9498898419379,1610.7944762336292,1610.654839717509,1612.656632659199,1611.2047182687668,1596.7460076742907,1600.5316066452342,1605.930558946063,1619.180716555559,1627.5078439118465,1632.1785474120004,1650.002781282025,1651.870204510571,1654.3559139784945
394623,226,"Gainesville, GA",msa,GA,1057.4647600121045,1066.3706719183701,1097.100302902636,1103.408521271879,1119.3484858818654,1098.6756116155711,1116.116622386579,1127.2892355786105,1143.5456778972784,1130.6628985448615,1131.6885781743845,1142.6302447814378,1160.1734830595656,1152.9864912865908,1166.9788653228866,1164.72694090523,1181.7650192485833,1185.360890454706,1213.1589419304485,1225.442469200957,1230.3064787720568,1202.8065150251439,1197.5365386599078,1193.4367872069593,1215.6676257060951,1231.1263033936355,1228.1317831280112,1236.6145989159968,1251.7033007191067,1276.5289622219025,1282.592004821757,1274.9605701366568,1264.541096238189,1254.3835713412225,1263.9454105371785,1282.1868469636308,1301.2853248633742,1299.7932470695937,1310.5729151017808,1329.9231735668795,1336.0783514066832,1338.5465311472624,1323.2546108842191,1331.0604305384572,1339.5918895113848,1360.3585919978864,1365.3928960528212,1360.011578044013,1332.3823132285036,1354.134087524192,1369.2098241468939,1410.54595338355,1405.5349340000798,1412.2461969386832,1427.8956019943817,1442.575718622834,1454.811912197207,1428.2960657615183,1417.1059920450648,1412.487298080068,1427.3215851823647,1439.859076410262,1443.2276545950635,1441.88894455011,1445.4743486055195,1463.049569600424,1469.5315458249925,1485.6955218445057,1504.1238811531794,1536.6289290990644,1548.3553014864613,1557.7353980803562,1570.7124367235774,1599.987534269016,1595.4272216169013,1590.9685576312388,1611.5864446775918,1664.3842929152647,1723.859927721628,1734.6634472746396,1738.452236138224,1740.2281903721048,1735.0220387576935,1758.2436443810514,1780.4329504864018,1809.86025889056,1816.125773433452,1829.4136504334738,1858.1482401525027,1892.9969591371187,1915.8447368160369,1933.593861861533,1931.1751071057392,1933.1709111726102,1937.3361985057736,1950.4319594683614,1969.0055359359694,1983.852375770775,1997.827029293798,1999.9789380881289,2007.7972127002806,2018.6500712601596,2022.8348614494937,2033.6749333905493,2026.032103924953,2036.1613636059062,2017.1363834692675,2035.844013352871,2030.2324042642738,2058.524637663758,2055.3247666724697,2076.359094138138,2069.5486678386064,2090.1090684577393,2092.7909957501765,2114.430345957217,2100.632420246757,2105.746028149699,2092.223696310067,2082.7539260246053,2096.807135849328,2111.972361802842,2142.872210495237,2133.162180407446,2131.6679705048327,2131.454878477352,2137.858189448075,2138.842701167187,2132.1140895083895,2139.719118293064,2139.2397728147043,2130.738233846842,2112.465848120075,2105.223188202546,2145.0020064378546,2168.296182201036,2207.033501816925,2215.768680827868,2206.6689932990985,2208.244301994302
394716,227,"Jacksonville, NC",msa,NC,891.6631021912502,894.0638249967158,895.7941615603216,897.899090474186,897.4292568690947,897.6969147046307,896.2255438942549,896.2819812198995,894.5385865377224,893.4199799175773,893.4493902584767,892.0764921622298,892.0988673660135,891.1257270520118,892.8122234022863,896.079294579074,898.7164416329846,901.2856375906829,899.1328237786464,894.45443660693,891.2753277310281,890.6375058364238,891.8502152102469,891.8759481063736,892.7837797584857,896.0406917495849,901.7823731911144,906.5839068200363,909.8561828521143,911.095450362808,911.9144495368737,910.5485697767103,910.1067264898327,910.8520258808161,913.9583947294227,915.3860077859418,916.6652952783777,917.6717419665971,923.0685831981201,928.2289114462717,935.0096507692101,939.1004616000054,941.5254042178584,943.8976632604127,945.1254987524543,952.6199154686099,964.3502306289038,980.4431397028515,991.515339578753,999.0703212030346,1008.5685637877986,1024.0815564365366,1035.0857827555853,1039.3199548949008,1038.1675506322867,1037.7941187616918,1037.5536545893021,1033.8387488545827,1027.6273768696863,1020.619791898617,1021.1904614042355,1027.1072520868697,1033.2665003213094,1038.348499325367,1047.2337210414482,1060.2126262359989,1071.42106558351,1078.1221250057592,1082.5467450437607,1085.9725947952625,1096.0718174961478,1103.010636944967,1110.4877832718323,1122.2113520682421,1146.1115443755355,1166.2079742345295,1180.8140862012056,1191.480869231178,1209.8484353061408,1227.2603875161294,1244.793730908075,1257.0129603836785,1265.3074432862754,1285.2189545209294,1312.3104244948197,1327.921785573676,1335.936063913171,1343.446204663875,1356.1657946243145,1363.1568172163443,1372.3138218565875,1397.1430949722137,1417.5886031371176,1422.7714936526486,1416.8718672210548,1417.8250198809678,1424.043399934581,1430.124963435461,1438.8226794218458,1448.9820634021225,1461.2090561681234,1469.880493426581,1475.76533857148,1476.5403635518353,1474.0243133543745,1480.0468586658287,1484.9471069412568,1493.9348701672332,1495.9761871803173,1504.4288564842823,1508.2915890041288,1515.8591158891343,1519.763673687766,1526.31108547244,1526.0754433184936,1529.6656267064527,1526.0825517862638,1527.5266457907514,1533.9456760810879,1540.6905878148348,1548.0285501135438,1550.6856590903546,1566.8964923502701,1577.981786158069,1589.203716948877,1586.4859393388056,1584.8959332797317,1587.582289409485,1593.0486910966438,1597.4133157593947,1592.744862971526,1597.3911563466145,1606.3084633103076,1614.8462259606167,1626.2395677962968,1627.4874973869244,1641.4310263553339,1635.325806735363,1643.3736956822659,1643.098176506417
394597,228,"Florence, SC",msa,SC,,,,,,,,,,,,,,,,,,,,,,,,,,,,,,,,,,,,,,,,,,,,,,,,,,,,,,,,,,,,,,,,,,,,,,,,,,,,,,,,,,,,,,,,,,,,,,,,,,,,,,,,,,,,,,,1341.8560547051213,1346.5346658650199,1342.742959297094,1346.6134966549223,1357.1233257846468,1357.7006262572734,1367.9239008981403,1361.8001565276782,1359.3619825103083,1355.5655997580593,1359.2962335325922,1377.8279563607778,1388.8171323335123,1392.773671838374,1391.309880168108,1392.194487758669,1404.2810937130782,1454.08645880288,1449.4623025858546,1440.791412456815,1399.2207049357323,1470.7565808858603,1495.1210408224815,1497.4100272914147,1447.3284040929789,1443.9723741411067,1453.7552029258215,1481.5550081371919,1486.4968418771668,1483.9351851851852
394680,229,"Hilo, HI",msa,HI,,,,,,,,,,,,,,,,,,,,,,,,,,,,,,,,,,,,,,,,,,,,,,,,,,,,,,,,,,,,,,,,,,,,,,,,,,,,,,,,,,,,,,,,,,,,,,,1998.760168857759,2035.3790252359067,2145.4063729220293,2118.157670282782,2159.5257051457497,2164.2839328063874,2205.199645436877,2183.297427096254,2185.900857659292,2192.1425113249447,2234.9817990361544,2270.8269041584977,2305.1869429264325,2247.8570714944353,2246.741095604599,2251.7795735299605,2332.808051999397,2377.5148282716177,2379.251276637199,2395.3772738482216,2371.038256203022,2367.787844071071,2333.9749631877544,2313.113823289375,2337.4232846562295,2350.420193787531,2393.8771909266998,2422.1506212220183,2453.3404181529263,2437.2359897068673,2407.318130130187,2405.8178767039167,2414.9742761048833,2448.0230918772913,2418.3883469333678,2387.513199273522,2403.492196172194,2462.637069248376,2505.232270670925,2503.4708972052626,2482.082440451245,2540.6243120313297,2560.6413277142765,2562.6997737086863,2523.1182271724106,2483.60101010101
395118,230,"St. Cloud, MN",msa,MN,,,,,,,,,,,,,,,,,,,,,,,,,,,,,,,,,,,,,,,,,,,,,,,,,,,,,,,,,,,,,,,,,,,,,,,,,,,,,,,,,,,,,,1467.2643016799575,1476.371084332932,1542.1986267342118,1568.6894651575963,1569.3064626729408,1513.5355603495243,1490.5907138504533,1479.9808433445194,1495.8548658262264,1512.3756983138228,1532.3996155397385,1534.1061899615652,1543.4995274949474,1596.1072423161615,1618.7691712320234,1648.7957276670238,1621.9353069665674,1622.8646361083981,1600.8634935805944,1593.3747779597682,1580.747324578628,1589.7700705058226,1580.8727982570583,1598.7936385898731,1614.1083330530264,1629.3403871099738,1637.652547060209,1662.9128126603205,1676.8456799896878,1696.5761011843445,1672.1647790155237,1678.3369098632106,1669.225010016926,1701.5559586323745,1717.293385266077,1707.0759668799253,1678.8871056172218,1662.484663337679,1686.3357797752285,1709.629541945633,1730.4158857617285,1729.1938654046216,1725.6085718897932,1736.5722368879003,1733.7822297802522,1746.0816432647187,1740.7079558751966,1741.9078125206406,1713.9487894685574,1722.636482231959,1758.2082131555585,1795.949581317618,1799.7664662539116,1781.2580959364877,1779.2261904761906
395011,231,"Racine, WI",msa,WI,,,,,,,,,,,,,,,,,,,,,,,,,,,,,,,,,,,,,,,,,,,,,,,,,,,,,,,,,,,,,,,,,,,,,,,,,,,,,,,,,,,,,,,,,,,,,,,,,,,1556.6054187538027,1526.0470282602607,1535.7821303451485,1549.2343770839761,1595.3986923026787,1581.3916389866172,1583.4682619396622,1607.6942394679868,1635.2230551316982,1634.8272026899842,1589.1779217435667,1611.1383370527517,1634.2139019735744,1638.5768043741218,1637.55121032649,1628.1869785958606,1664.9389478817534,1665.3668345456954,1692.2509522359883,1701.8800186790527,1704.2944399714993,1714.8649188895718,1715.245771712421,1730.149956652704,1704.6160018098465,1698.6546231499483,1697.4803926468628,1704.4635405287336,1700.7382560430938,1680.2431632058667,1707.7639598868798,1735.263715910916,1800.1090550205074,1809.5988291255358,1819.994676403542,1797.682601436325,1768.9007361439346,1785.5950244197456,1802.5912551190852,1868.761696722719,1857.199827173038,1871.6666666666667
394380,232,"Bend, OR",msa,OR,,1320.9090576935776,1339.475216859594,1358.4031806083483,1381.697961635382,1400.5640417984648,1422.538734713022,1439.0478066943479,1443.453947344913,1432.5062261298378,1402.2257581770061,1385.602419943978,1403.3033879484506,1428.6710339610152,1437.7753815089861,1448.2882105664303,1476.8013134357138,1525.1039222476047,1540.4142851399704,1538.3886255065654,1523.8824714343086,1513.3693095557649,1514.5292839640865,1502.8756219550366,1502.945629266284,1507.8687728151158,1544.2157329853844,1573.1642991437345,1595.7583927839364,1602.4296934182867,1618.3682901034435,1615.3439575905302,1602.2123272244135,1585.200079467311,1563.9289327465822,1555.504697713253,1545.1252295427396,1544.1542144020589,1562.4470492234946,1591.954611074576,1639.3261480479723,1654.819902282896,1662.8731458805203,1660.6544575253936,1662.953774143393,1656.9139387841433,1673.0148585376476,1667.1774998695316,1669.4260978119146,1660.0615334405718,1690.8171796869585,1714.9809465327348,1734.4533270706672,1741.1480533120905,1758.4314948679582,1768.4100813675657,1767.7889508933952,1755.2645510117698,1739.8071883688801,1747.3108915721218,1737.964147915181,1766.7179401977496,1763.1697438140675,1790.686779542763,1773.745842826011,1801.464489394714,1835.352810510359,1901.3013872013596,1947.8468886530616,1995.6304909332875,2035.1805042953563,2089.35047286152,2120.0132541461267,2135.15603717489,2137.708570865648,2174.1582733501295,2240.273179155149,2328.0638973643877,2386.9260118891557,2399.4456879181066,2382.6536660539437,2345.6455760687973,2310.4800387133473,2294.3490907823607,2309.249322667562,2338.3182230369553,2344.6138520020713,2370.4423100772183,2406.780451230689,2439.017508905445,2453.2501031854677,2451.7114409455958,2437.9422867275307,2411.1211251474306,2398.0850539717662,2368.2545270748387,2370.5918516521333,2367.3546343134212,2419.617482257773,2454.401448782051,2475.246214852491,2478.238582756204,2477.0343465631813,2476.3481773580456,2463.0129843731424,2451.0904976802813,2433.150216879625,2443.549336565769,2430.431513399945,2454.092552620107,2462.868865891306,2490.709834568729,2511.6371808211206,2537.3074848711376,2553.97868942324,2558.515952617007,2546.4571882887703,2533.2624142175355,2514.8088750312804,2490.1516535512633,2502.0344431595786,2511.791688493227,2543.9619327490377,2561.1120589850234,2563.3107380801002,2575.7422789986585,2579.5441462141207,2607.7598923702644,2599.9958126478523,2598.646886034099,2571.4641412498004,2557.250548926106,2542.997306641297,2556.9627589238253,2582.6528238477654,2664.3183666263676,2692.210261409309,2720.4665430879495,2677.7221664700255,2689.346017192596
395047,233,"Saginaw, MI",msa,MI,,,,,,,,,,,,,,,,,,,,,,,,,,,,,,,,,,,,,,,,,,,,,,,,,,,,,,,,,,,,,,,,,,,,,,,,,,,,,,,,,,,,,,,,,,,,,,,,,,,,,,,,,,,,,,,,,,,,,,,,,,,,,1018.1035781223172,1044.731177836691,1028.287256489385,1041.8674758550987,1069.3229180678045,1074.3731265140054,1039.1395449278837,1008.1385412368576,970.7667984991299,992.6437289838432,1031.5504641347795,1083.464970630875,1117.177054554676,1099.718208708727,1198.8153250930282,1220.0
395202,234,"Warner Robins, GA",msa,GA,,901.6606438735208,906.4438285748217,907.755013493284,908.0874753384846,902.9881565995886,902.5818735199769,898.6080522966599,894.7442878072503,893.0994248969836,897.2606736271315,902.0092144397967,910.5436948422541,908.585333666281,915.656354540638,914.598481219374,925.0559913239067,924.2764076691217,933.2309092514915,931.5680256257572,929.6062915350352,926.2895119814325,927.609311993745,932.3975876204005,929.087575633981,930.6021839113317,933.3862592640278,937.7991005736071,942.1208084466705,950.3274844949673,962.7416635117347,958.9342156973851,956.0653929753338,950.8792693451519,953.7894485462837,951.3110485585964,960.0359486334958,973.2157669680581,983.8308609395095,978.735555570748,979.3845031531425,980.2443598723415,987.0231276551135,994.6687308787092,997.2737841912519,1004.2975018881191,988.3539674162083,981.1397752043405,983.7994907855995,1001.1255420440509,1020.6212562870886,1024.1455498576397,1032.8088715405986,1037.383994974698,1041.8909247107704,1044.1220654395208,1056.8872639816336,1057.6709906833926,1058.4213122286483,1045.2629325089456,1045.3442870268777,1057.1203447426626,1072.7657528361044,1080.3677451185765,1082.0908844258142,1082.800222895234,1094.983449059165,1104.9013736759146,1131.9356545562475,1143.4462483843772,1150.3367126296334,1139.2169086076578,1145.9789198847986,1162.1072438211588,1185.99057290612,1198.0163329999668,1215.6306597362823,1210.6349883202893,1225.4642733755254,1234.042398375444,1270.237961904135,1297.539180737366,1299.9006826104207,1310.990117880281,1329.7596304762246,1358.2020406587103,1389.861794279947,1399.6932950451517,1403.0373547944487,1398.9434429243627,1411.0923507937098,1440.4105496158386,1433.8086374886343,1440.5362916340061,1440.0916414535088,1461.3543937115412,1458.0348259014709,1461.8528346590076,1459.4294516097648,1476.3125936822062,1489.1818720449187,1512.3121197840017,1525.707129460562,1529.7291415449565,1532.212489477872,1527.9731073907399,1526.8427020786803,1512.2942674509159,1519.2724979415618,1523.0445314248595,1549.1970590273856,1549.8170301130383,1567.9567650007277,1567.4941917367757,1574.235213540244,1580.8787154815736,1590.5412999380596,1595.1570294840246,1590.1028633008214,1588.9141624208078,1596.4514252740712,1598.7671547012626,1602.617109592389,1605.8745816943976,1615.301805949316,1627.7741744321766,1628.8303551170739,1633.8714151817207,1633.5659201707167,1650.3423057005473,1663.6022057947553,1683.4581467767691,1675.6169331357878,1662.5705999267752,1645.1974124933872,1648.6674246925095,1653.2380958439255,1672.3681206640615,1674.690569792709,1685.2171296296299
395151,235,"Terre Haute, IN",msa,IN,,,,,,,,,,,,,,,,,,,,,,,,,,,,,,,,,,,,,,,,,,,,,,,,,,,,,,,,,,,,,,,,,,,,,,,,,,,,,,,,,,,,,,,,,894.9331690330814,888.8646527914759,870.5838200633998,866.1151930433464,874.2448012115746,871.7230837235926,903.8468893118487,906.8468307665988,922.6149240699549,903.7491669670433,913.1808582162394,923.0581036807541,939.7520381968181,945.17032781782,927.2084148821141,927.2473613078326,918.9713329358688,935.2808683145629,933.0986303996065,951.1581865370423,959.4521859620603,974.0014138630569,998.4117557390597,1003.2788258554092,996.7754117449255,987.2193737098193,996.6321978781749,1001.3861180314576,999.1620009961753,993.0416529182525,1003.6822615387159,1007.2021411571822,1020.4462137506745,1025.1146123092094,1038.4159969536618,1047.5179151792368,1046.5724656585423,1057.2043990768957,1050.5644956200154,1068.9575839988488,1070.9367898850453,1079.7477266344333,1063.4188109842269,1059.525954136922,1064.7384752035616,1077.3193991578214,1075.9710025434788,1079.2984764596151,1082.8618837553956,1094.9072991190537,1108.7238145961924,1118.0235042735042
395162,236,"Torrington, CT",msa,CT,,,,,,,,,,,,,,,,,,,,,,,,,,,,,,,,,,,,,,,,,,,,,,,,,,,,,,,,,,,,,,,,,,,,,,,,,,,,,,,,,,,,,,,,,,,,,,,,,,,,,,,,,,,,,,,,,,,,,,,,,2703.2789897698362,2637.3476024042684,2710.6987672942823,2750.621569346655,2854.72599978434,2874.5735853822257,2834.9582839677996,2779.886113388306,2649.8250474822325,2585.8458738247955,2620.015231215273,2735.6570621178575,2865.654047833063,2707.191931426501,2785.869383230821,2762.91766493757,2979.726071949032,3014.4532263673004,3080.541566502605,3024.444444444445
395009,237,"Punta Gorda, FL",msa,FL,1095.992617935187,1104.5563992382456,1102.9245647829396,1109.0973296997242,1111.1477116586518,1128.8313044480083,1126.4363348880454,1154.2869355100984,1160.7323635741102,1180.9791828782734,1178.0525763091757,1189.4683158807077,1201.9102079312802,1196.0578630921057,1191.9285600304217,1180.4432378716172,1189.5123952070142,1190.9363928965693,1200.3710453085062,1198.7822589237853,1206.0815085187994,1211.5660902885625,1225.8897001668038,1230.0174342932662,1237.4844929212502,1229.3557545689941,1251.5934001450316,1259.1527392645937,1269.2678202288923,1262.26671247679,1260.8597005686772,1258.699975221211,1277.1037280563187,1292.930306445883,1314.6126383087774,1313.1489958561435,1307.9497439892627,1313.3403951091402,1317.3852376823756,1315.2114661753824,1309.5906631801454,1305.5974663317331,1315.8545530101214,1314.0436868217646,1338.975177118376,1353.7417788163818,1370.6374401024068,1351.5552243288396,1353.3782170103593,1359.8351406858326,1361.8376923233338,1358.756774531935,1356.3603444271464,1352.5000694782334,1362.0622995800509,1366.6642172894774,1385.386641899615,1392.6353890094902,1394.5271072772107,1421.2362372985021,1425.485080050006,1418.5787897651373,1390.7453603775357,1376.2763078682178,1390.3241936169911,1405.7970678389293,1437.8853092255263,1464.898856529357,1492.0988453192333,1501.4619443076065,1522.4292393560954,1533.9067298401492,1542.284884986812,1538.6340171925974,1528.915337010367,1551.8053261525672,1556.8353561500446,1609.7050577702194,1616.81001705011,1677.7980965719246,1748.2866722712697,1807.3937605611322,1842.0133214250477,1841.9217097989808,1892.4429441074076,1912.3415216495248,1922.0029205015219,1930.72344298054,1966.5170552403972,2008.88301065444,2049.7041361541815,2044.3237917964477,2036.8106340556544,2048.259304963741,2091.7821769676357,2135.3090934390407,2133.207199971018,2122.088722063823,2123.2840960420986,2130.0338895774985,2142.4302989488433,2140.2134188943883,2142.840144131543,2163.0601471590744,2153.4126666225798,2132.423401326863,2107.4143565838945,2094.977469067757,2104.777824710839,2101.5035253932256,2119.366374568697,2105.688263367717,2085.559840621363,2073.5839739979097,2070.6926460774657,2056.2143315765834,2048.3461336254704,2052.658472930339,2091.1962790776006,2085.4336814523663,2090.97675999759,2072.8744865384033,2080.368386286267,2062.720401948466,2077.337201710417,2062.819211595999,2080.6127256305,2067.374886937974,2073.1337005874193,2051.1151094290335,2050.1676708884816,2057.0028255510147,2069.2856919584488,2057.7755791748837,2030.9124223573574,2062.32692310864,2074.3825013801215,2092.2938258698587,2074.7797497428633,2087.0588976266195
394386,239,"Billings, MT",msa,MT,,,,,,,,,,,,,,,,,1052.4818022590725,1064.2913769118654,1088.2638616387146,1092.5560821470249,1100.1313916586164,1087.811164716849,1092.2192729711003,1076.0586900689634,1086.9945507418674,1096.3829955050778,1106.3692896293148,1110.5530530601004,1105.6068556459206,1114.1743779012797,1109.6930719633692,1114.9602780617452,1107.2931243985008,1105.8171518701129,1103.6223633556433,1109.0752323178347,1113.6626539582537,1119.637587437969,1115.6863265447723,1124.5942381091854,1121.2129538406464,1127.6586573434058,1132.3931878003661,1140.4193992096677,1140.9453325659288,1134.7066509318533,1135.3295181413177,1145.0419222721916,1135.1211364048459,1144.4863204409078,1148.7110451101141,1174.8004291476232,1177.8334198766975,1177.621886385039,1174.2223631280986,1175.5671366879942,1171.7590387808789,1179.7738016791704,1172.4225722086562,1179.8735271070168,1173.6963215827357,1181.9548014316608,1177.9277995279015,1180.6045993527205,1202.0970907251199,1236.2482042090644,1261.3057326295568,1266.7059973845944,1271.0853221013158,1279.310002934723,1302.8655031860794,1310.0353319904639,1304.0836375729411,1289.3334788898464,1297.434697455449,1338.1129252335586,1376.157765506806,1415.2924700229812,1438.2177576023932,1446.5245248254091,1446.3709982414045,1438.2851228451898,1477.708226787133,1474.0598008972777,,1454.8093278093302,1479.6237688207639,1495.0615591004341,1519.1798672621933,1537.6335598177395,1575.9778288044968,1591.1018258413185,1589.7169914771098,1578.5465256953294,1565.07349487492,1574.6614613299423,1600.8749811154976,1605.9633901418508,1604.6000963941283,1601.912930774351,1632.924865183415,1645.8343851496923,1640.0129185458761,1638.1263163111378,1631.368700759708,1628.1275817474773,1611.274599587679,1624.1718834531584,1634.43521769586,1643.0349047170973,1658.8267896152463,1662.0995327205644,1683.287318409386,1695.5699204240302,1721.1919133059055,1740.271042635309,1730.836039102206,1725.580609503628,1690.1268064661056,1687.468587525696,1673.922408974012,1697.7531001345346,1719.927664152851,1744.753506394528,1769.6570654467373,1778.033554070036,1784.8965205713896,1776.7051894880615,1783.5666673692508,1783.2242839490498,1777.2740399308693,1743.2498145786335,1760.6703492341917,1750.1079629813096,1767.352900048193,1781.397179350726,1823.6374719082482,1851.0294375263284,1845.7611646760345,1837.2313596491229
395018,240,"Redding, CA",msa,CA,,,,,,,,,,,,,,,,,,1252.0461819038046,1264.5466387819586,1255.5242943734522,1246.1251025288352,1242.1901824697525,1242.8794473359349,1245.03214625218,1254.1892885779498,1274.8042516818746,1282.5070460213465,1284.217459596179,1277.9562196228346,1281.6459697569649,1282.5111673900024,1288.3388340697675,1305.602878626655,1307.918680185238,1304.8513583485426,1297.8981674135848,1307.987335738946,1319.8121098179472,1316.9514496441927,1330.1376298699918,1331.399137643596,1349.3304987097056,1352.2686424499152,1366.616857031182,1375.16600604276,1382.837063834852,1389.5208781327478,1384.8667182513557,1380.4163669187633,1397.2333197295345,1419.9597133029915,1455.5521978802988,1457.2356303441534,1453.3464166910874,1448.6747197875657,1460.5073516224445,1468.1072814339834,1466.7863296227756,1457.09084415841,1454.8153518899765,1455.4172412792484,1463.8242853986524,1475.8440276762028,1487.4149534958856,1504.2786150651293,1519.2960289454354,1533.3277647421924,1534.9492397196614,1542.8935557998877,1565.863134461727,1563.8846754708047,1572.6959072029945,1567.4343476416389,1585.2648680977252,1597.3001656005772,1592.220879116733,1604.2804722844373,1622.6652279252532,1661.9425341605638,1699.240674166709,1715.7577782419448,1703.9536049262401,1693.1463309863268,1693.2064293471813,1717.5694028492176,1710.032131796939,1714.225600749156,1735.0912584138905,1794.883416875963,1823.2316878891838,1843.1186405650658,1839.413626751272,1836.6278198967746,1827.8728808045241,1827.6349241132489,1815.2968534003753,1814.38675843714,1827.4774627414986,1843.6998454333996,1854.378083013607,1842.894446576748,1865.4431506568594,1863.1163813947057,1865.8629905028638,1869.3925160771662,1863.5953707395256,1877.3556137095338,1864.3093906150043,1881.4181209383814,1871.8483909720806,1891.4109222628483,1917.123493344994,1946.6215378390327,1974.8811394723907,1973.241823711071,1980.3144416288217,1957.684550970478,1950.3855631772612,1936.9854709296405,1939.2470588211604,1958.615751954528,1971.0349293898068,2009.077091072744,2013.9776594295126,2043.576260300804,2049.8123140731855,2058.4400658919953,2071.9952472241644,2065.5651401092537,2072.964429651138,2065.063451948505,2075.4417873736734,2088.506530320925,2089.2526199922045,2095.2700471105163,2078.3014312548435,2096.502834893906,2115.2592698914154,2133.959831013687,2140.7400192400196
394748,241,"Kingston, NY",msa,NY,,,,,,,,,,,,,,,,,,,,,,,,,,,,,,,,,,,,,,,,,,,,,,,,,,,,,,,,,,,,,,,,,,,,,,,,,,,,,,,,,,,,,,,,,,,,,,,,,2403.7200885010648,2464.5833298357697,2466.9275965947772,2468.2151687743203,2456.6675234931727,2446.237528926841,2478.8071019348276,2479.555898282755,2440.3821312693,2395.9140595256486,2357.9943149296087,2369.3366811644228,2399.7416951493487,2430.0721058780027,2521.3041797672076,2546.2412169946847,2534.3825234222404,2478.189475921709,2521.6574622937665,2615.9427636226133,2626.6043860991263,2551.5207848653413,2513.9303106471366,2460.40071024822,2494.4355552445036,2510.4167163545535,2597.8679091143,2622.181807933883,2603.0285130656803,2606.2399117292866,2653.0723383144755,2648.9698150203235,2657.3854495692026,2591.1800352581627,2625.153439452256,2612.1443689709863,2643.6683343760824,2716.344749192373,2748.7251063895505,2804.2073331774045,2733.263096801086,2729.724057029333,2700.7826958949186,2749.603174603175
394960,242,"Panama City, FL",msa,FL,1078.1464308355319,1075.9653802802927,1080.9057423597649,1085.6772162179705,1091.5293272278182,1092.3463527861634,1097.9827969669439,1102.8643468202245,1107.9404894871834,1092.9923458159667,1088.0378298679707,1097.2798398822495,1108.6947765986847,1119.061208221071,1126.8325839414379,1129.4777678406606,1137.4847320637498,1130.2379777447136,1140.045607724436,1139.4648730369279,1146.8442719708735,1140.8366672617437,1123.0981443729065,1116.1296393318141,1121.2406158730307,1141.7514307418178,1151.5034993150239,1158.8197364535401,1172.9111940941718,1184.2914973111033,1187.980853447132,1186.2818843640014,1183.0260571466883,1179.2337189169166,1173.2498998853123,1185.232504780358,1193.6378001909936,1207.8861981037192,1214.3735790382993,1224.036398419225,1231.8927763778568,1228.8933058439045,1252.3666422949832,1256.8466309288376,1260.4468912347286,1285.1834947544394,,,1477.1466826441695,1501.4607780453814,1517.7914520802783,1568.749339580503,1593.7992916619626,1622.3544093101139,1642.7622628466333,1610.4178085673386,1601.959839015624,1567.7740650395156,1557.9640793390686,1546.604242849197,1500.1801354639742,1485.5864839582025,1471.451692237886,1522.6640704169934,1535.0201711871312,1562.0901061458292,1559.6956994115635,1582.8537194494365,1594.8673544145597,1599.1590191072864,1594.3450227496712,1593.9074064620647,1586.0170914175953,1606.182050724846,1652.0162626137644,1687.0081170748856,1712.2384850928588,1706.9911990974279,1739.1229644315213,1735.6697423166752,1741.9283497608465,1768.7390404477937,1787.0184270100858,1832.5860805961233,1838.3989093657653,1856.217485836714,1844.9419615682534,1858.9737007871308,1868.2734640696183,1895.7297368020472,1919.1975551878338,1946.7564539658622,1969.5683576327563,1949.860686596566,1943.8453568324933,1924.2328978036571,1930.0514385884717,1934.448622870157,1940.5961056744848,1969.558420619565,1988.1349128253394,2004.342124741557,2010.8388167394558,2028.9813607265432,2032.745165977494,2015.7740298773567,2004.9650159689202,1997.444532896925,1988.948108057057,1984.1461204440845,1987.4973685809211,2016.5280303462343,2031.8119939536944,2048.960890359573,2047.2325102013283,2055.996059229518,2057.036386318128,2050.7201071090153,2027.9636931613632,2021.3597229528239,2019.3367434069012,2030.5616251073995,2034.5422574444387,2045.6052512039832,2054.7824403799523,2063.947516691054,2065.2017585973826,2076.1695112104007,2093.5741154373427,2094.1283553210574,2086.9134104085483,2064.4046917301803,2063.537713985551,2055.1558478204474,2055.3599879591425,2090.4752193362347,2111.560248107197,2135.3169951551854,2123.13153332758,2110.0924242424244
394729,243,"Joplin, MO",msa,MO,,,,,,,,,,,,,,,,,,,,,,,,,,,,,,,,,,,,,,,,,,,,,,,,,,,,,,,,,,,,,,,,,,,,,,,,,,,,,,,,,,,,,,,,,1124.0336843051696,1150.5175245884927,1155.1195526695658,1152.3959986807452,1117.4213314273397,1133.0244650733778,1141.9201445775868,1163.8313044609058,1162.7537143421343,1177.5582754933662,1185.9072796856012,1189.7905874372757,1198.659034476285,1204.9054957767773,1210.2245264970918,1217.5123700793927,1215.8884926793073,1221.2467256263844,1221.219126759125,1235.7691915860557,1238.7340086622767,1235.2258469720434,1230.512195286513,1243.7648131366361,1264.1266471453916,1276.8165101489699,1267.9742825070027,1269.611582974659,1266.1186432927916,1270.1703068950465,1269.884895353723,1277.1569975217417,1288.2856669263265,1293.5355581772576,1305.9880941017916,1317.1464136893069,1322.9312063365535,1324.1323747786248,1321.6592174856494,1328.2164428268525,1336.821820186272,1329.8480099737928,1329.799794417659,1325.707082735954,1330.8205525970798,1344.2828099444785,1352.2311456679577,1373.5437651441064,1369.2139702518505,1385.3639517068364,1377.6771291405285,1386.8452380952383
394539,244,"Dover, DE",msa,DE,,,,,,,,,,,,,,,,,,,,,,,,,,,,,,,,,,,,,,,,,,,,,,,,,,,,,,,,,,,,,,,,,,,,,,,,,,,,,,,,,,,,,,,1667.507408049359,,1705.39569781831,1708.8419647222252,1740.714453040171,1767.5198184216626,1757.4136949652475,1779.5940744161046,1784.0234959473562,1814.5764197716644,1792.9410032653907,,1802.0431305343159,1809.4492128636973,1798.9369777220093,1811.281972327316,1861.348704483297,1900.7355555291756,1908.1267594510077,1893.5118096725669,1887.8859995978733,1887.0401447787883,1880.6024654625119,1899.0357853960165,1921.0526632821059,1929.4549649156754,1935.1912934505,1953.378115061093,1959.1465002516977,1952.9519381545665,1961.500958212626,1977.34035007454,1991.9898265233703,1957.5795806999977,1962.5677096893087,1984.961677475964,2015.3194956210145,2008.6577116101878,2001.775174963526,1999.5825072092914,2026.8215900846628,2025.9109908081434,2045.6456800459978,2049.7366995491207,2063.445457060537,2068.0706307404967,2074.0871522546754,2065.1911297182496,2068.25602907877,2061.8633014804645,2087.3254085541244,2084.293939960967,2095.041153040302,2107.7314814814813
394559,245,"El Centro, CA",msa,CA,,,,,,,,,,,,,,,,,,,,,,,,,,,,,,,,,,,,,,,,,,,,,,,,,,,,,,,,,,,,,,,,,,,,,,,,,,,,,,,,,,,,,,,,,,,,,,,,,,,,,,,,,,,,,,,,,,,,,,,,,,,,,,,,,,,2178.4594811217776,2081.5549849810714,2102.6675808360496,2129.814039710734,2188.1840108474544,2186.3844799101616,2176.0460223719256,2234.6225404431434,2187.9162187953602,2228.777777777778
394712,246,"Jackson, TN",msa,TN,,,,,,,,,,,,,,,,,,,,,,,,,,,,,,,,,,,,,,,,,,,,,,,,,,,,,,,,,,,,,,,,,,,,,,,,,,,,,,,,,,,1157.0581123872303,1198.1588978747925,1214.146659368241,1281.4513573904842,1276.1620100961402,1272.821760067047,1289.6865838118263,1321.1572049128283,1335.76393679891,1348.4506442542693,1368.9409735434083,1389.6184990852694,1372.2091231654374,1366.745532440662,1371.8219193244197,1392.4286463879196,1399.997014094663,1399.8901642594344,1416.0244496041594,1431.8040521567434,1454.5462034194286,1445.8359566237857,1460.8070523468616,1459.706248403545,1469.411041855756,1465.2722095850297,1454.679463616908,1462.2421691306843,1486.8242538598713,1512.1550403858112,1527.617713812562,1527.4923406922155,1547.915647536012,1559.4110096594698,1568.9789932954188,1555.2492934515233,1567.3613917242608,1551.3352222720316,1558.7272221543392,1563.8708201705952,1590.193517441003,1612.1992146622092,1612.423777939074,1614.4135286477513,1599.3765646719658,1639.1899590269916,1626.3878041181765,1642.5037126467498,1619.1732897455506,1635.3579758869473,1666.6681987093277,1667.7417334893462,1687.251954234819,1666.8409201966344,1660.9943770672915,1667.9541042762764,1674.2133867401685,1682.1301247771835
395246,247,"Yuba City, CA",msa,CA,,,,,,,,,,,,,,,,,,,,,,,,,,,,,,,,,,,,,,,,,,,,,,,,,,,,,,,,,,,,,,,,,,,,,,,,,,,,,,,,,,2040.2024983348197,2050.2127333349245,2082.349790081729,2091.064409026497,2096.2386561143408,2102.9764033674983,2128.7948828469825,2141.2449580927014,2151.2562094057607,2173.8288935560236,2172.074644800472,2167.553364714522,2137.043335200853,2161.994297651151,2149.087587767932,2173.578802632142,2154.551284149418,2172.970149196012,2171.035673567403,2183.386758475273,2184.6785077828404,2194.91165029486,2214.258717661234,2229.6251437438455,2241.895239938473,2222.4087012582786,2231.2974446007324,2206.5591679711997,2228.108215965797,2258.9025574374655,2292.260139221261,2307.466179017403,2284.2716128537477,2291.534144864168,2307.605746472205,2323.8111562805398,2330.695289371309,2289.89187978204,2297.6641340915417,2320.082284334756,2375.8345162661394,2398.8185450800916,2386.954039587034,2358.4818260114253,2346.8068250626507,2363.6117526127805,2384.9154648528706,2373.5391830709177,2386.307595542144,2376.829472319037,2367.2932849590434,2356.5360335357773,2375.2791726538917,2425.6910409876637,2420.8935770319554,2408.956867043819,2386.5513572792997,2396.28002195661,2389.846716464364
394406,248,"Bowling Green, KY",msa,KY,,,,,,,,,,,,,,,,,,,,,,,,,,,,,,,,,,,,,,,,,,,,,,,,,,,,,,,,,,,,,,,,,,,,,,,,,,,,,,,,,,,,,1430.5101942715933,1434.5526523726153,1454.5830778600537,1478.042436196303,1488.2491178253226,1502.2434126691783,1491.712933979177,1500.732030745015,1509.9560806870477,1521.4613691528457,1518.60030900734,1505.068166587521,1498.8593393308777,1503.4477403924657,1526.9346659785526,1538.2201871150253,1562.4617090279557,1574.0241470668168,1595.1270420075953,1600.3753936404141,1582.1592970629745,1576.372779714913,1566.9620835991434,1573.6845550947003,1565.5340243446085,1589.3596312438942,1603.9520273082023,1628.3315439938006,1625.6405625077675,1626.2813492160312,1644.240527844442,1655.5696036969784,1657.8450474960243,1637.8922641010672,1634.4447519223465,1643.3576869550272,1638.675920390184,1646.1920208048314,1652.1585318306234,1670.0701318450913,1659.5682849501522,1654.4763457725808,1654.5734944323517,1660.1993576186205,1671.5207408628632,1671.793232021821,1673.8683503025165,1669.338924714128,1659.6180740005773,1669.5569015166302,1676.5701774785905,1700.8402095735519,1699.7585122513333,1703.9518987730398,1687.5541147021604,1696.4867424242423
395119,249,"St. George, UT",msa,UT,,,1126.7398517545469,1156.466848157508,1159.752962165563,1154.186017369452,1145.363092421342,1148.8033847164572,1156.0766090453812,1157.6397442493026,1164.7744091133832,1178.4029700644219,1182.5055122726792,1189.37579330368,1189.6965412354855,1197.2888038252647,1212.288989328143,1229.4515997397325,1248.1787870031033,1243.5641222712081,1247.830002192457,1248.7808521550314,1264.7691056002272,1281.200099265559,1279.0634247924004,1277.9489621668017,1278.8797713619826,1294.3509563563118,1305.9618158628011,1312.70820148883,1329.7862074357056,1340.6077556985701,1357.3222246134637,1347.8782136920765,1352.7561163325283,1347.5566695116033,1359.4443043183176,1361.0087752413606,1365.3888338991244,1369.4989832831386,1381.952888901594,1399.0172920208533,1411.53827108489,1427.9744935733274,1426.9979273641568,1428.8369510428859,1420.5568730042635,1419.4433241289073,1428.6072333432987,1433.377373360371,1438.6469065217168,1441.3050480429079,1446.943775959698,1457.6895328829116,1463.3448635202988,1465.4572846088613,1466.8439061310978,1461.488073048322,1466.2169441573847,1468.2694159427424,1465.311776169058,1466.3689386258104,1468.3094461681596,1470.3250299159604,1478.9975306800025,1488.327487534955,1522.163065205678,1537.8233372072048,1550.255903600632,1549.5004368124446,1576.1766124247092,1598.5397943427354,1627.2013011938145,1631.2003564229296,1643.156099433604,1655.9068490359023,1676.9977768879983,1711.1469076117912,1754.7036622244414,1797.1901118733406,1813.1387866736525,1804.6639840897767,1801.583328584987,1836.8844970413506,1872.8764107946786,1874.244844697282,1874.68991304116,1880.1275371919603,1905.884590589899,1915.0494114328822,1934.2626218051853,1931.979599278705,1912.718166476761,1881.6514603475052,1889.8664268259024,1914.9811165037877,1926.565621640503,1918.2485011276801,1918.30698884308,1927.54783522969,1937.6983430813182,1941.8478813992529,1944.3255777832592,1950.6638321591895,1943.6494417759538,1949.4265962005327,1942.2332641240903,1959.8564051080493,1955.6145729482637,1969.5471630164493,1963.4050429938895,1949.8101199664598,1959.8213036895713,1973.3394869878077,2005.8935890836224,2002.7212936228455,2002.000594579424,2000.2892345324422,1997.252118966367,1988.8564284453412,1991.8587217370682,2005.5775626462967,2022.8458431827441,2028.034921699559,2035.3988580889811,2043.0261924058314,2053.2867021645025,2064.754255473839,2059.0901837011334,2042.8726046569318,2025.3795869844337,2032.416670713655,2052.0498866826274,2054.2109740725555,2054.729946568558,2086.58627855237,2107.954783388026,2113.6527761194525,2089.185573278486,2076.044562647754
394896,250,"Muskegon, MI",msa,MI,,,,,,,,,,,,,,,,,,,,,,,,,,,,,,,,,,,,,,,,,,,,,,,,,,,,,,,,,,,,,,,,,,,,,,,,,,,,,,,,,,,,,,,,1095.3672398234423,1114.0666801318043,1117.435993733249,1135.9125366880799,1149.8347940302963,1176.2315602654646,1174.541615970775,1165.8266482980337,1123.8112703208053,1137.2309462904357,1121.4856916361025,1148.0630569889543,1141.0826521967172,1160.999261328691,1169.5281823825592,1178.3741241534697,1190.5182968305585,1191.2912482063552,1202.832162671632,1200.7324165132593,1205.3241917548528,1208.880154391806,1243.6084555725179,1263.1562048243466,1277.7018627615644,1286.151854753608,1286.1987967004766,1302.3037206963056,1300.547767038599,1305.1723460946066,1285.4798027482805,1285.5308663304918,1280.1109855338236,1272.448496164025,1258.5415853288773,1292.867587448537,1316.196476921108,1338.4474923687044,1326.8320756771673,1356.1903792381434,1369.1437923851845,1372.3477463776899,1364.9906935231172,1356.5266788959239,1341.6141735895562,1350.7863473499353,1379.606686766597,1439.1649968232866,1442.3293241751587,1463.0232158398915,1475.5303018777663,1493.805896888386,1476.8690476190477
394299,251,"Abilene, TX",msa,TX,938.9736089523412,941.2503860455791,936.2414234587295,938.4433923525828,949.430666648858,959.6745243635078,960.7056495146467,955.9308485383644,952.0181593917162,949.2543409175314,951.2117974609661,952.9859409080059,959.1651929396714,962.3348468438297,963.3286368120577,969.5443815479952,968.3568801930364,973.7147638131181,970.6339207037372,970.4853849208746,970.3880747647308,973.0288025213973,972.6926994975753,968.7404702730701,967.1021413351137,976.343283962358,992.6296594328873,1004.726726488102,1014.8398154411601,1019.7082722440326,1019.4290262747547,1014.5259185591788,1009.5786391087724,1013.5027254764038,1015.1838760594324,1019.7337375727069,1022.3998418213221,1030.7302545429368,1031.7534953992683,1038.215978233383,1043.1361947343144,1056.2774881223602,1058.1241787129788,1059.755953663265,1052.91548958037,1049.3181734650607,1048.6355951106361,1057.530800400249,1064.0251864647353,1067.8505337031884,1073.6892274519382,1079.5044774806765,1093.438934320348,1100.8823971018815,1106.7280784104146,1104.4402287782596,1098.027009920545,1105.8252359183605,1102.8209242716005,1115.3574990882817,1110.2368023751524,1126.6457323260822,1131.952524847203,1141.7688543876695,1139.8760778387425,1144.003607419138,1147.7747482576394,1158.2965672258363,1159.1988817365902,1167.9341256741523,1169.439965439792,1181.057515250745,1193.8986290315825,1202.565047598364,1215.458013848877,1215.7335397180536,1228.2865730040098,1229.4412626622413,1247.4415502535683,1265.8579507158536,1293.814702520701,1312.1410449070293,1330.8682101116838,1312.7402809463822,1314.828917691457,1307.5322280870016,1335.618162167862,1338.3260462364638,1352.0175575751744,1359.870888738415,1366.2595139992397,1380.9053644169173,1394.7201833882334,1401.493739446737,1407.390638262291,1403.8798401602644,1419.9258985597528,1429.9422119889093,1442.3578493994078,1456.353365983415,1451.1627609630416,1466.115489792424,1458.6335429325761,1459.6215076521366,1453.5322065289686,1453.8628060673864,1448.9983708015634,1442.4305857796621,1449.727328584908,1461.782755808171,1473.6709953808618,1493.8700467086853,1500.1859557660039,1512.4856587760762,1514.3550844244576,1528.088311466619,1519.7536975192086,1522.5304982777618,1519.6704148139916,1527.0859135174999,1524.5074793483932,1538.5461632440592,1552.18336466814,1573.3072847001818,1595.4669518373155,1634.3527632483579,1660.8221070428947,1680.3537147961304,1698.9706254696662,1752.6297053685662,1836.8029435005874,1919.2035412828282,1973.6976121122887,2037.925354973999,2119.178717298375,2208.562864665569,2227.636051584237,2247.047500716066,2229.3728090691093,2236.031346254977
394707,252,"Iowa City, IA",msa,IA,,,,,,,,,,,,,,,,,,,,,,,,1258.8288306415302,1266.1123823711712,1247.9987508518366,1243.34847212477,1236.0073218605783,1241.4630611690075,1239.6068146234645,1222.4359469364158,1226.23647493802,1222.30821236121,1263.2615581612995,1277.7085252311686,1294.591342198038,1300.3072210438663,1297.0803235174692,1299.9470239034704,1292.213836931505,1281.4940350206875,1274.7422864381267,1274.658114449654,1280.4785182012572,1273.2489918046745,1289.201944357236,1311.849536169086,1325.2666212171896,1321.6311147706883,1314.991163963711,1331.3503137137175,1324.7962831010675,1316.9039961903848,1318.800729530166,1304.1511673991008,1315.698798021042,1312.4212056117565,1340.1543651463176,1345.3966364192988,1348.6887612738053,1345.2914140910054,1342.3822595874833,1342.4351127825844,1344.4817118506191,1343.6517551553272,1341.471326726332,1343.5668144160936,1350.235661770656,1346.7946482071918,1354.06076171155,1353.8268397135796,1379.6839897197947,1380.4958997912277,1383.0323135847782,1378.7023843879876,1388.9184027673623,1391.946465187448,1404.566713970847,1399.4706183499604,1408.9957219666437,1405.2915328370455,1427.3449913743884,1440.5730792669688,1447.5307588162784,1448.3522577650697,1449.2552685999044,1454.4833902755806,1456.9115387173151,1472.0294339794714,1480.3397226419863,1485.446334683014,1482.0116938670342,1479.930247637034,1489.3771270610716,1499.3602082677733,1523.7403325579016,1522.5415325036133,1519.4697156005154,1513.81850915561,1524.9385258124757,1537.382095832525,1545.964845007873,1550.8970930912312,1570.5863605637212,1584.0697450007772,1590.8119880955267,1580.9633697379186,1585.8745369109859,1594.724772093291,1605.891309138913,1614.3728843487397,1619.8923508921448,1628.454354136981,1618.5097020030312,1625.504455164146,1640.8161783251503,1661.8431800862581,1670.9934234426191,1657.4221886157143,1667.9064843019614,1673.248260765161,1683.9482159239558,1682.5564907961427,1684.2577057684155,1707.110967991173,1714.9380244708282,1711.8220642435892,1690.6179107809762,1694.9126014956069,1716.101762318783,1744.1732041181829,1745.4970254518637,1754.210434729702,1776.0455661680808,1799.2318397185709,1797.0953903525422,1795.2786971241935,1791.7120372800612,1833.1263198210866,1862.5820512820512
394351,253,"Auburn, AL",msa,AL,,,,,,,,,,,,,,,,,,,,,,,,,,,,,,,,,,,,,1198.6209677835081,1197.5380519856183,1213.8843387238621,1218.956510137284,1235.100650056646,1227.997269401111,1223.8597498539114,1215.0971069009654,1203.0040001076509,1215.5426501118347,1220.1796665069355,1234.0087366470184,1236.5616399314883,1246.4311501369057,1262.1502004059969,1268.0719829825794,1272.201255581408,1277.2442793393684,1265.0608290819673,1265.1022726991357,1257.8543443162632,1268.3686939242077,1270.3928579442168,1274.3672739824854,1279.8081769784865,1283.3575268850768,1287.3256128290336,1290.6097232029083,1287.4772304920855,1294.6284112452818,1308.048723124994,1312.9456191228755,1308.6590070586853,1309.600124453163,1327.753309144804,1342.952083321288,1341.0390652179046,1330.8301187259358,1336.7891385407206,1344.899257478613,1346.9011059591915,1345.362573225239,1363.8336211311328,1386.701486979669,1404.5715448125309,1411.9212987198118,1417.69089719207,1427.696537559443,1431.2876531332506,1431.9419421856608,1439.7476620844438,1440.7196210944505,1465.1656928135478,1481.804224104978,1523.9151288798428,1540.946634423181,1551.4092347795035,1541.1589174001654,1538.535954875586,1528.773743262684,1544.8750394370538,1551.4527151274513,1576.4409225976447,1580.6076368503964,1611.7792406936019,1626.5982416135837,1649.6891658046698,1635.1661851638348,1641.298223720298,1657.6762056003267,1659.895518481498,1672.9187365711598,1651.5924667288598,1665.6170768235206,1666.953181682368,1689.5743666820933,1704.993923916277,1714.6043331558606,1727.846800297657,1744.2355471034596,1749.4175954010354,1764.2357016216577,1761.7291622791013,1775.0942480181202,1775.095284571404,1805.8144781397332,1814.2582990898225,1826.2370786846689,1827.9633693667367,1836.6642281288155,1842.660138370236,1849.759732684784,1878.0683594595553,1902.7075544508969,1916.0075693065578,1906.5617785405548,1883.9939606863204,1886.4751314533328,1894.0943828027862,1908.9685586631094,1907.1043456951468,1909.0303198608653,1895.9146723781228,1925.5239898989896
394860,254,"Midland, TX",msa,TX,,,,,,,,,,,,,,,,,,1803.9390590394996,1821.2069682702663,1794.5274296868313,1741.0612803312265,1720.74504607395,1687.8650101863448,1700.2148774368013,1733.465117294962,1812.9079387336553,1878.458305309584,1919.5561831462935,1992.2975122831438,2028.4455416694823,2052.6758441710635,2013.6251022935553,2037.9661221755903,2061.087150960826,2109.60082110105,2110.4082712210225,2141.302148404394,2166.9398173152726,2273.45159003233,2308.7337081547184,2369.294388985417,2381.35155512893,2436.3035648679843,2466.753309370453,2468.095507642709,2469.8392795676295,2438.281240605778,2412.479409275371,2403.453413653946,2450.0755334574033,2504.1375599631347,2531.532638197505,2536.8136140992583,2529.3047342248333,2519.6037966819385,2509.9770448384293,2475.4541634322914,2430.109500215177,2392.1312820969474,2358.5437208175226,2347.56570590339,2306.018679002284,2286.0594507935866,2242.217342194835,2205.0709972114523,2167.172522446757,2111.214362978061,2062.288093557592,2033.6693866692738,2034.5328951747097,2042.714403098442,2034.308993657001,2029.3199142437384,2026.8416748072352,2032.851413634049,2060.401681791848,2101.8292925557753,2152.9721732016387,2188.1827243006956,2226.223882767816,2204.1559911905592,2174.7014014602555,2160.1813865304875,2186.1701680184788,2213.4023605775296,2224.789146012148,2236.9893275353443,2272.7429767960434,2288.3500693814062,2307.992366637284,2299.11207053913,2316.4364490511275,2310.1579646050677,2334.1799267119145,2324.8133396540734,2328.9569531815278,2318.268633002126,2310.956411481898,2339.0706280816166,2369.0447153457135,2399.7964226146796,2400.7618281660293,2410.646028218245,2414.413628032356,2439.084374662292,2442.857879637735,2452.8521506759257,2463.101850193252,2473.3774276006425,2474.1958388574985,2474.332888165484,2507.120633835254,2549.2575594983223,2549.4594536453437,2536.0990667573737,2505.544046738628,2505.610809111006,2514.1665131655295,2502.56923925036,2523.208502025316,2527.669117703875,2566.619961127216,2571.2617556531036,2586.2305001829745,2598.096631126748,2606.3168586137763,2612.3202064217076,2613.1165015416404,2595.9745503496747,2606.745560106681,2598.164777788797,2595.784271018698,2559.3414017033915,2544.594239743513,2579.3947324391524,2589.650982482079,2618.390138099086,2596.723209411116,2594.0300593200122,2582.4340198321893
394671,255,"Hattiesburg, MS",msa,MS,,,,,,,,,,,,,,,,,,,,,,,,,,,,,,,,,,,,,,,,,,,,,,,,,,,,,,,,,,,,,,,,,,,,,,,,,,,,,,,,,,,,,,,,1206.4328382291653,1269.09356394347,1262.7877495728465,1272.10741794046,1286.8054828673846,1278.5094148222415,1312.363233503581,1318.012084805254,1341.7350116033394,1314.2299810675563,1314.070670903831,1326.6424948737076,1331.7030823443622,1319.4564815437004,1323.3441767134293,1331.4188935511331,1343.496022040433,1334.200096243504,1335.6637653733992,1343.4828424492307,1337.0781064261328,1326.148868954259,1329.2626209866507,1359.9538695230847,1403.5607474303733,1409.698206921917,1417.417359318182,1402.9938584410704,1405.6830208167473,1394.2366452355216,1383.626177203165,1374.319579818453,1375.661539000096,1380.0418896448602,1386.0755278596678,1400.667229470398,1429.8905197036586,1447.546694632392,1474.7254377092672,1476.6414995476912,1493.0551783147855,1454.429041982844,1443.7649732143561,1444.1909009939359,1480.2689658046822,1486.5385143788328,1496.7406921979627,1492.473246165691,1506.8618841776595,1501.3319369513988,1509.428825597483,1516.482932541868,1530.4166666666667
753869,255,"Bloomington, IL",msa,IL,,,,,,,,,,,,,,,,,,,,,,,,,,,,,,,,,,,1121.4266824162735,1122.6478735657126,1117.265127048892,1126.7668723521547,1133.5163830290892,1128.9639920793195,1133.8392725310678,1146.7090907599081,1147.856553076181,1142.4567791122856,1132.6532038084379,1137.9813375994815,1141.989943896243,1140.450656921257,1125.4006435337076,1133.1836177648092,1156.594754471756,1177.8022559033122,1169.316568676695,1164.1840424622278,1172.922253658605,1193.726069394925,1195.8096477655472,1184.042189317477,1160.7675782123831,1147.8833651669024,1163.9592895349704,1182.0368088895077,1210.1844422869633,1207.7803825919207,1203.8727318738927,1200.8211773993655,1211.8018224184384,1227.4999920983785,1239.8369009759888,1231.2537656636935,1209.9906616911394,1206.932418838524,1234.7623584860637,1272.2487637233492,1260.6492196343254,1267.9332172095458,1261.5763094714114,1341.1392952789477,1375.7736045426584,1426.815681802149,1406.3551451597987,1422.1493890354889,1466.9049899661804,1471.7163895105348,1491.9428808534133,1493.822775903907,1530.4294995276643,1566.4333027667128,1575.84820468448,1632.2652563896336,1661.3364965732508,1665.9212526583108,1654.113618838959,1639.841603804541,1655.5983229165593,1660.292907294717,1683.4040110103424,1681.7037886631135,1709.1947889347805,1705.1053967111343,1753.7961948476743,1751.9727302426036,1762.0487525573733,1744.2972409501247,1745.6963073168242,1761.0648694781887,1759.2222835560956,1783.4442590123167,1776.2605640562701,1828.481924385167,1834.356106798426,1851.5044333794526,1852.141818344954,1861.4721698157746,1873.700870201216,1865.5224026935798,1862.2254285208558,1830.3985605852456,1845.8345265432963,1856.0775902213209,1881.88390692196,1843.7008669292711,1857.3939993537886,1897.2339794628485,1948.1143980367356,1937.457876991133,1936.3224725317264,1938.4282832931153,1951.6361902861784,1922.2852523584243,1900.9382440291836,1880.988450921882,1900.4309989290728,1916.1502958265241,1937.3006671145856,1957.597113922429,1996.738317850568,2020.1642921479752,2019.1468918752946,1961.8961038961036
394944,257,"Oshkosh, WI",msa,WI,,,,,,,,,,,,,,,,,,,,,,,,,,,,,,,,,,,,,,,,,,,,,,,,,,,,,,,,,,,,,,,,,,,,,,,,,,,,,,,,,,,,,,,,,,1381.8165306107228,1402.7842519592677,1416.4349367562415,1419.056366388035,1445.8055239705145,1465.0199855542307,1466.2446064294131,1456.5671671729465,1464.8787688608568,1472.441827300072,1493.957111829146,1494.4181552060297,1510.2647869842986,1502.2093488616888,1517.3098246581787,1526.3311207052548,1520.2075746769417,1509.935409927057,1515.0863991032668,1542.7987031136038,1565.727525093561,1575.256460394933,1577.3793322798979,1591.6104760998496,1594.7053556481721,1580.0473268311678,1572.960601706969,1577.728627767749,1587.3145470983773,1581.40040794914,1591.5415035317512,1611.0929914736596,1678.232572675565,1702.3308934919462,1719.0652369827762,1711.5823982809118,1727.3852380178507,1762.462764719571,1725.2310415225384,1684.818727390536,1652.7239309879294,1654.4868860282543,1670.1283911988778,1702.2231065490762,1708.6401594829604,1738.0086466633732,1700.9896378431365,1731.6433127619346,1745.0031355405665,1779.772396152106,1775.5714285714284
394555,258,"Eau Claire, WI",msa,WI,,,,,,,,,,,,,,,,,,,,,,,,,,,,,,,,,,,,,,,,,,,,,,,,,,,,,,,,,,,,,,,,,,,,,,,,,,,,,,,,,,,,,,,,,,,,,,,,,,,,,,,,,,,,,1073.6253163497615,1083.0949925785712,1092.9656942170766,1062.1951749002053,1064.971462084339,1082.2036101355263,1095.80997037598,1099.2025352255139,1084.1687203422227,1072.8000696907327,1063.2744384238943,1065.066099653344,1079.4523487254296,1096.5774942044125,1097.8783812279698,1103.3341540767615,1118.217363985457,1113.1363991034812,1122.9638828915454,1108.0328835002276,1106.0181406644085,1096.4591033049564,1104.877194731103,1104.2689285222755,1110.7108262053484,1126.0250875351958,1150.03164023859,1154.513566273501,1157.1474894603716,1156.4933695436346,1147.5749728758074,1128.4074074074074
394651,259,"Greenville, NC",msa,NC,887.8171601021063,887.4366957083016,898.1603216033243,893.4563938219557,904.5300780775274,919.8462277243431,926.5303590541102,926.615785941846,913.9989419379648,903.0227721175517,899.533222648733,908.8814947691257,919.1348091933778,918.2242373565983,911.4544775699198,925.7864992625863,933.4864946560975,947.0533470234741,946.9556947579977,949.3451760071387,944.1547166993354,935.7027642288324,935.5212635613549,940.1584347849722,949.4171594587044,943.821750016174,945.4047647944283,947.3214253842935,962.6164751548082,967.7955910538474,977.4747543558153,981.273003014544,974.6584794966402,968.3443992278931,970.0155075075273,975.0166706389887,988.1221090011727,993.2071577429025,997.62270260089,1000.5756582897603,1005.4769293922985,1008.6930194050757,1004.974173680487,1006.4302701452284,1007.9188880722592,1032.1716277177027,1031.8552994268607,1042.2038755630865,1035.7417017810865,1055.3648663953106,1063.4530399401922,1052.9636874034818,1040.539497937344,1037.8452531641133,1049.3342450689474,1048.8088511971855,1056.5393455235585,1067.7659276106037,1092.90904424203,1104.7168319301138,1102.371034556725,1094.5978046972061,1097.7298605266444,1110.5572988290908,1115.6608794172218,1108.6564708919311,1116.995635467712,1123.6607412624248,1145.999891384784,1144.5074196623143,1150.5086770512305,1152.8109045548888,1154.4731128123294,1172.757221325373,1169.3670385822347,1195.6347098710294,1226.768005278353,1282.5371277036836,1280.0215728588187,1262.779991263862,1259.3093858867398,1276.2524725481776,1292.9759457873827,1283.3889850182247,1317.129111790118,1334.1370516824736,1366.383903471975,1384.817136561456,1407.5254306437978,1419.9273859706373,1431.4183067772813,1438.847541206067,1446.6197934994948,1426.1160639618463,1420.2258067089335,1423.9573758354557,1450.0634189275975,1467.7839643574866,1495.079515386428,1498.7038387844398,1520.6986596246013,1510.9828522915018,1516.3991898625027,1513.2504920793506,1529.2989368203114,1532.7986009253034,1529.1871754291592,1526.1875434203375,1532.2524392261291,1534.1569891111046,1536.5256674083603,1536.9168026391003,1544.8879617991936,1556.9131612073377,1574.2348201080868,1594.3562116100554,1608.015861251381,1615.1203474265014,1604.4830855045736,1583.8757893374648,1588.884293375587,1600.646471293561,1619.9622372705821,1612.6825770660378,1612.768971598093,1601.1901239869403,1600.0490315167876,1606.1758999294536,1630.0072744259494,1658.6482891690198,1664.3753119659796,1667.7950058516637,1656.5931057028474,1658.3635751915479,1658.4324505646139,1660.3510817032345,1675.7273092129042,1668.572508925344,1672.8406719730278,1663.3202020202018
394428,260,"Burlington, NC",msa,NC,,,,,,,,,,,,,,,,912.9252692901794,891.8007180985912,891.9597827800252,881.9286986195436,889.3180844101768,902.2717038180642,910.0425046984914,908.7819787244956,900.4413529133799,905.6861179528884,916.6927037655905,925.8475618623875,930.9130861828081,947.2253583579227,951.7066568011193,957.8717588187965,944.4901612757828,947.8427789047303,944.9421654482705,962.9882414373569,958.2134826558504,970.1206918667184,971.1901605548542,983.9300688296863,989.5143924743412,992.3482236017319,1010.8018386848028,1023.9995737559497,1036.3213947649228,1038.2288758841632,1028.2344633595546,1027.4232029589457,1014.6868496775801,1024.9713624716321,1024.2108463424306,1037.3640803821288,1040.367095856832,1056.1119377465063,1068.7864546187377,1091.1051464730838,1097.7431964082803,1105.720301597062,1093.9171483596426,1093.9361127663308,1072.6903325652713,1070.6928288396477,1074.071986070605,1102.7181469999202,1122.6092941525583,1131.2918074873457,1145.7922842700445,1146.704753807491,1150.6657883121525,1161.3318713079243,1166.544150519323,1193.249178970976,1198.4100470404398,1229.8783978128563,1223.3071344899058,1232.0987304194412,1228.6927704977325,1249.26012833327,1255.7372444179393,1278.5653131622173,1294.0305584645398,1314.1159864441795,1328.7695272574695,1336.529209621887,1358.051520617492,1369.0964014561548,1393.384639259784,1414.5552918595608,1429.6482732482239,1442.5014560087602,1470.313844396789,1493.6183951629246,1504.2220166629004,1493.8662703536252,1499.3086637120537,1493.7248944356395,1500.6367494343701,1499.982295117101,1531.1839141807857,1533.6840605286916,1539.039687918888,1531.0604407145624,1540.423234166016,1550.8801945053074,1565.847780773841,1579.5113794173121,1591.4320442993708,1576.3511666451584,1576.5886452904672,1581.490104080186,1609.4537781286483,1628.3897550406411,1636.5986081764606,1647.973027542279,1631.4754403838601,1622.7294340772746,1634.0305845492328,1667.9241536035183,1683.6164297646576,1667.9710141996939,1657.3902228618758,1655.7526376682479,1673.8311765279843,1681.3892689695247,1690.7482347154516,1683.1387276755781,1702.2318088813759,1707.1246140071569,1720.943416372641,1697.944661650926,1710.7013743385094,1701.9235633240528,1731.1086478247753,1739.081295622662,1752.8691519401946,1739.4811917972281,1734.759594912485,1728.7804780865451,1750.8189417735425,1757.3739692445927,1782.3356725146198
395210,261,"Waterloo, IA",msa,IA,,,,,,,,,,,,,,,,,,,,,712.7509622008155,699.2426705036321,703.8490709392753,701.0437112302654,714.6434038814659,715.8433326700646,731.7587810768641,729.855733434673,727.5034949152301,721.4555490495974,721.1553580855849,728.992641947525,737.2842578573246,745.7681202806117,735.1878819150943,730.9782817016493,726.4191707702865,734.7455958760738,736.6343312051259,736.0161815461591,739.7984588705501,748.6013151278485,751.7392258193624,747.3660344094972,748.7767185626642,762.5467575021237,773.4110839722517,766.0792890055139,758.5498044017382,750.7871570311182,756.4719423764159,760.0474815959054,767.7403423455322,767.9930780939958,767.2338819018867,764.6513601591519,769.7228436793908,781.2627318416053,784.0496399352664,786.3993394972491,782.718814666652,782.6323419039361,779.9187355216569,777.2684976012054,779.880090441378,785.7122711635901,791.2447254396258,791.512860898677,791.6095704211808,792.1653769283112,802.1298608434647,814.7424708432025,816.6389206335344,814.2966350589392,813.1124967256246,823.7113239162826,837.5611396147574,840.7518392769,835.8095290576038,827.18783580398,827.0753663585156,842.760963541446,858.38279976201,869.9488512664425,872.2976205517876,867.6440125969812,870.1965452145171,873.7134655198691,880.857001361476,871.3801939820438,877.2002148985756,887.0814082304072,900.0015775022393,901.9956154494973,898.5725601340414,897.6003597315525,894.2372206276118,900.4352493051193,915.2930095614822,919.5727856883975,918.7374399797731,928.4781039902679,935.8253420223632,946.0511551592971,954.1703144726846,961.1514832306633,965.0170651504739,951.7203826171475,950.4659051138934,956.4427501390625,966.7438541894453,983.1643361058185,992.4158563322217,990.0719777446137,988.8096984963039,968.2078473426237,979.9286586762679,988.6016386008987,1012.4217825800794,1010.6462518943122,1008.3789825560527,1016.2489414535365,1020.166203212168,1017.711869907681,1022.1001774333566,1026.8315052908847,1024.6859407653576,1017.1594088259313,1016.8207281171243,1024.4821199066064,1027.0247407817353,1033.3626251217404,1040.297223995495,1059.594501104808,1060.1816133015693,1064.2946317861308,1065.408150060095,1077.412515596538,1080.9393335485674,1076.797462406015
394480,262,"Coeur d'Alene, ID",msa,ID,,,,,,,,,,,,,,,,,,,,,,,,,,,,,,,,,,,,,,,,,,,,,,,,,,,,,,,,,,,,,,,,,,,,,,,,,1752.9257370370324,1832.5752203184,1856.1694292444583,1944.9530986365153,2051.1375906119065,2096.1137954433552,2101.0052360028035,2085.9917519169344,2097.451993923356,2086.030735163131,2082.915482404134,2063.730271464081,2076.8549239777776,2126.680534713044,2187.330637822156,2236.3583736198198,2264.897172503257,2270.805356207116,2254.7855371461806,2208.0500536820323,2203.6368680587143,2197.260114442394,2193.8031944825457,2161.0444384022658,2161.653676859452,2159.8568024334622,2177.340694423399,2190.5251725335756,2216.9019631404562,2223.722312550718,2218.1634115380325,2209.784592566103,2193.2700555782476,2186.9897381920337,2161.422082326702,2144.335361030143,2156.3337314666173,2173.545372442614,2214.261874778756,2239.417556934447,2262.281283888109,2270.909213697613,2267.9410355885084,2282.981895000347,2270.413193606241,2249.9320378888974,2215.9588634814763,2215.6558357319873,2215.4411273610885,2233.1293362070537,2246.252720593389,2267.397588725129,2275.846816635103,2293.119485735808,2302.3067317597283,2318.5499049090754,2299.7317242069093,2280.1064065359787,2261.101411470485,2238.6804022340843,2230.615303120839,2241.097378311944,2267.915225636363,2317.4112059775007,2346.440591297834,2370.8540975813507,2364.5241348843692,2372.3854166666665
394553,263,"East Stroudsburg, PA",msa,PA,,,,,,,,,,,,,,,,,,,,,,,,,,,,,,,,,,,,,,,,,,,,,,,,,,,,,,,,,,,,,,,,,,,,,,,,,,,,,,,,,,,,,,,,1892.4687206152114,1949.8395560189003,1932.966467004443,1914.3350905314128,1887.8989319656928,1905.388423278227,1884.353599937712,1899.7589481201887,1924.2886428140848,1957.2524155017818,1966.1798757426632,1983.6192329041849,1975.8700739223623,1983.5204029101053,1970.432104208721,1976.5443288473687,1964.714091735365,1967.7323910780954,1996.1651997854858,2025.2211404369166,2082.8801499905044,2101.9262192180545,2122.4904416653912,2058.742188921637,2044.224060879248,2040.0714797040666,2061.8224239519013,2064.6324688233303,2072.083233498183,2110.16376391311,2086.2851019815,2082.572976072406,2078.567725584209,2111.6285570971704,2085.904026140837,2078.8775649132713,2070.028450014035,2101.5188346237487,2106.63755822777,2092.1267113380686,2134.6783416088188,2166.3288390345215,2192.092935195234,2179.815091502993,2181.4024426341884,2212.9864166619423,2213.081766572272,2248.2791426777912,2252.878615947315,2286.0972474536743,2267.9996481870116,2270.1192938717804,2261.203703703704
395007,264,"Pueblo, CO",msa,CO,,,,,,,,,,,,,,,,,,,,,,,,,,,,,,,,,,,,,,,,,,,,,,,,,,,,,,,,,,,,,,,,,,,,,,,,1193.2096786356212,1217.0256322540345,1216.8222647497212,1206.8564544994695,1221.6896318924803,1245.0213677976437,1254.614992930082,1261.3336367869488,1275.470705505143,1297.8547799587611,1323.5579833256936,1329.1242006443447,1332.8108648298316,1334.579183541346,1331.0527495731965,1344.711691635458,1357.0224103065182,1368.4785438239458,1385.4502822104273,1389.383597477678,1392.5572290874711,1393.936815801765,1391.2063560617871,1409.9166456747284,1407.1798520431507,1424.1296038570965,1408.3220103071492,1420.0369885807313,1405.6623976413791,1424.3415390384023,1427.2087959082726,1431.582608753183,1447.54921366967,1450.728819825179,1458.4288761494931,1441.473275487741,1440.697328404992,1455.1705741240926,1461.273716414714,1467.7767709959935,1467.615074525067,1485.3145790014,1495.6858895926393,1511.8704792867795,1525.777541997022,1531.6322091343009,1518.4776731265526,1494.2604823006893,1468.855907974121,1475.133250387807,1488.059308934482,1507.1647909228266,1517.421068809279,1528.1243631974387,1544.4754411911345,1555.1775537909573,1556.1652850310566,1552.2335889552696,1562.8180778918336,1569.0026666410247,1558.273814247195,1539.954266479522,1531.0207113449285,1553.4261639657989,1564.876115030434,1578.8686673214029,1587.933645308563,1603.3923970140725,1609.2423976608188
394392,265,"Blacksburg, VA",msa,VA,,,,,,,,,,,,,,,,,,,,,,,,,,,,,,,,,,,,,,,,,,,,,,,,1134.8008784743108,1142.8457166265182,1155.1021250111305,1158.311171589543,1174.3917306209232,1196.6715883435077,1206.9129930422728,1203.042770542095,1198.2441370390234,1191.388280122247,1191.902422038668,1193.1469046236682,1217.1942551922207,1259.3140487267042,1253.7323648832744,1252.380413485984,1230.7077502502036,1221.2799212941147,1217.210644586613,1245.4283238035694,1282.88533707183,1275.4707013866266,1268.526590146233,1269.5250202652935,1280.0224792759104,1270.878689944746,1281.971224882761,1301.9753614300928,1312.3379255455952,1305.9757234275407,1333.006363670125,1352.6467887716142,1365.6458992456587,1337.2049547010308,1314.523210173422,1337.4703682824154,1382.063534281328,1409.6483271946943,1423.6615571510724,1411.8741084319392,1434.2977393386732,1435.2555991343954,1434.2838754708146,1429.7542648550002,1442.9924202887678,1445.4349304726186,1455.373417028873,1466.2961852459816,1495.1739947798676,1507.8697189264303,1515.417416066112,1519.69821154342,1533.17290221229,1532.6114483654683,1533.3649329973841,1520.9388985138696,1518.5959474058877,1520.1376116154972,1540.2143561363096,1573.271598289514,1576.9435833497769,1587.9491801295953,1578.232367888718,1601.0318070951944,1592.4598058372374,1595.725821942608,1584.9997678527643,1591.8181500564988,1584.9044575218434,1611.0522958200024,1632.8567943208516,1660.5467501708688,1648.3516046102873,1646.9675753954562,1641.079161376562,1649.4576830979422,1658.8198430340458,1650.8191625022225,1661.125615545882,1654.5225295229975,1692.1843456682236,1713.567640872971,1720.8873305163265,1716.0177016599064,1710.7440867574235,1715.8466305875654,1697.4292237740192,1682.1430278699547,1674.077829362696,1683.4672005795135,1717.5002449003555,1758.370071865484,1793.7139211886306
395215,266,"Wausau, WI",msa,WI,,,,,,,,,,,,,,,,,,,,,,,,,,,,,,,,,,,,,,,,,,,,,,,,,,,,,,,,,,,,,,,,,,,,,,,,,,,,,,,,,,,,,,,,,,,,,,,,,,,,,,,,,,,,,,,,,,,,,,,,,,,,,,,,,,,,,,,1404.3812229725963,1454.4151388987614,1444.6073597526536,1461.1849070967212,1469.4969673843532,1453.611111111111
394731,267,"Kahului, HI",msa,HI,,,,,,,,,,,,,,,,,,,,,,,,,,,,,,,,,,,,,,,,,,,,,,,,,,,,,,,,,,,,,,,,,,,,,,,,,,,,,,,,,,,,,,,,,,,,,,,,3667.2792607159763,3622.7672576592818,3618.561421425452,3562.810555889947,3585.1937159880945,3585.216782869592,3635.6194130028753,3698.4233404570396,3673.164970250551,3670.9111097061914,3781.933181649277,3843.7275357543517,3836.2040250269933,3883.206162883669,4067.1224062348033,4185.5977652182555,4182.648536374707,4079.424063137428,4067.5915707713284,3973.096189633635,3878.217622732508,3821.656942073627,3818.1982554740152,3914.113095083274,3992.6441951329934,3981.874367011758,3952.816598013384,3921.817889455379,3980.5766308701677,3926.118926312173,3871.961341299045,3812.7942685168464,3834.5623312093107,3937.3263232971835,3934.1974023750586,3908.105450895209,3740.8508755244,3833.2494290330765,3852.012891958115,4018.669293756888,4049.1256375831235,4071.7287278964714,3998.065533233743,3959.6869775286173,4043.1424501424503
394720,268,"Janesville, WI",msa,WI,,,,,,,,,,,,,,,,,,,,,,,,,,,,,,,,,,,,,,,,,,,,,,,,,,,,,,,,,,,,,,,,,,,,,,,,,,,,,,,,,,,,,,,,,,,,,,,,,,,1343.4184684440904,1352.6364817333342,,1375.5533490414034,1385.72488748605,1381.6717457210493,1366.0784171186315,1369.6067860945218,1372.0829453813176,1358.4181826495414,1334.6583659732605,1365.7595941634202,1407.9613708166742,1452.1728051682353,1426.8144305836247,1430.041546167087,1424.5803426770303,1467.365419808792,1471.4419267344342,1465.4863102557836,1465.0589436757632,1450.1424318743882,1463.0924364376965,1479.563528287992,1484.0087529879488,1510.5200970714207,1502.761710343152,1549.1674842583216,1561.8286835268027,1571.2460822357712,1578.6413084530168,1554.8123019111174,1573.8043094163893,1572.4417904945765,1606.956756537411,1600.9361858355592,1645.6054963938657,1666.028944022142,1676.8377240004065,1666.1973762799028,1663.1785935040093,1711.111111111111
395170,269,"Tupelo, MS",msa,MS,,,,,,,,,,,,,,,,,,,,,,,,,,,,,,,,,,,,,,,,,,,,,,,,,,,,,,,,,,,,,,,,,,,,,,,,,,,,,,,,,,,,,,,,,,,,,,,,,,,,,,,,,,,,,,1360.008046244287,1374.3228477083615,1361.2036245027543,1393.7996378683054,1376.0571091518884,1394.2090701801094,1367.4592925008021,1377.5839766991407,1382.2718011195477,1407.1210871235912,1440.305114058477,1443.7263916384968,1453.9962357613406,1427.982202786645,1431.2681275294267,1438.7432908170329,1453.5114795495592,1460.604107639414,1475.9612309513784,1488.5931714727553,1498.970551941147,1504.463583400169,1512.4811577170171,1504.993804779461,1533.2480039557054,1540.8804621684362,1558.4908046026683,1548.8423608048352,1530.828544449529,1537.6424198182883,1520.8333333333333
394393,270,"Bloomington, IN",msa,IN,,,,,,,,1271.6033704513636,1307.7773262202022,1324.702694308511,1352.599466965254,1356.3936581271846,1345.1035237253511,1322.3948114353734,1311.4759101272703,1308.3146485250204,1333.4902576906431,1330.0751673110192,1331.290091568065,1318.2461532695286,1332.43920448387,1352.7146578705997,1388.3814814658767,1396.7136270090532,1395.2595298922154,1386.571921997447,1372.0581272810448,1373.971166160418,1388.7683065308452,1384.4551513285937,1385.139199605334,1372.865146585175,1403.4496677919765,1421.5687794057394,1444.0458242228824,1441.181572138521,1434.1457249972473,1431.2253317353739,1435.4590203871153,1435.8056460475025,1438.4757769929577,1444.904126387443,1432.456338790843,1430.5745592753315,1448.3660016799615,1479.9318609520274,1503.290751324231,1498.6346189334897,1502.0555790796175,1504.8801899979542,1513.217054578608,1510.5482227889736,1510.2335130585625,1522.9913254120386,1527.6083405245947,1528.2209795071497,1524.5363619124828,1546.5215557758636,1554.7679146241567,1569.7284614923794,1572.1218621025919,1584.0775578507964,1568.604786535529,1559.3303352531964,1558.3200636473578,1563.7567087851544,1587.180954693419,1589.8756719746377,1617.4833224958988,1620.7554617503722,1631.3449302047356,1629.8523284959106,1634.9340243291024,1647.5028196455312,1652.1184362515685,1646.2819474622036,1648.8587078455503,1672.1477716188608,1711.8428687882206,1749.1157153576203,1764.4134376930729,1766.9564284662415,1768.7361939956736,1749.4666991458573,1746.7015449584542,1753.2231200892406,1789.1685584987822,1813.060208384288,1831.7303432582596,1847.878923290775,1881.3646177806474,1898.3216967796857,1914.4451490739054,1903.8449244197293,1889.2057548480495,1886.739186986747,1890.1438564409677,1896.337560519931,1910.5094665419897,1940.2570907313216,1969.846349489658,1973.8986068846375,1981.0573274319984,1987.3787174550926,1986.0900893255894,1990.2994013351977,1997.2157541895238,2019.1830313158962,2026.096164342935,2021.8543754128298,2011.3511810333514,2008.0860950601484,2027.4117816543078,2058.4648060879986,2094.210073386482,2120.8297198407563,2124.517816749566,2102.8708895174655,2091.6066954433536,2071.0108542149846,2100.7586744667506,2116.584491522413,2142.8575391898044,2140.14134225129,2132.471929324886,2144.1594251363786,2147.356249443257,2173.7614469809146,2178.8024597065832,2191.3374583313134,2195.3193869675843,2211.9886908823255,2197.0746542626634,2180.7986681455004,2176.6761476159268,2175.5808859879203,2207.0848222817185,2211.765249127379,2236.542642306887,2230.0529790660225
394930,271,"Odessa, TX",msa,TX,,,,,,,,,,,,,,,,,,,,,,,,,,,,,,,,,,,,,,,,,,,,,2013.6802593309556,2023.5935281557638,2019.0704257904029,1991.2469238722297,2019.6697869625416,2054.0357481329875,2095.607549160669,2052.9566477060334,2076.8073942130654,2105.8806655418475,2161.7669850974667,2111.9061244899335,2075.2339912759367,2024.9020205780712,1997.2482455786192,1977.961398569541,1972.6585675681108,1966.0638975405434,1935.5315905894229,1889.3659391271597,1826.7225636560213,1826.9151012206892,1802.8492390066635,1786.3588951095276,1754.809072467738,1729.8682249033675,1687.1399479310658,1663.2702910418866,1684.7804113785717,1732.0149989823215,1752.2495460338694,1729.1084463021434,1742.8934817742802,1758.8249756867335,1804.1535222284037,1838.3245454535174,1846.2294912055027,1842.8571673531742,1827.2510045259564,1820.0036237701602,1829.8560850790773,1847.6477665285302,1869.738337245333,1868.6647130309145,1877.5703636252713,1904.562153504485,1931.2707750325267,1933.0190563736728,1910.5196550250269,1923.0000716112202,1900.4215233454854,1910.687567904539,1923.779235107018,1954.0781393957548,1967.5438474800462,1986.1557715794474,1997.5036056922365,2022.0263748897617,2005.3412377592106,2030.7121319983316,2017.3146165783057,2030.1992781633949,2028.7736747760462,2034.0789714918767,2035.5508314042065,2035.4114501620768,2064.3140092268322,2073.620034444166,2098.197730753017,2114.752846492198,2133.067620377259,2145.8310187164006,2111.5900661009873,2113.1140914456587,2119.61374959907,2123.8953780836123,2101.685387879656,2101.448097181031,2120.983037152769,2156.511785713178,2160.7021379080898,2189.800531564759,2203.7558748513748,2209.5085857612667,2196.858140110011,2171.7688939677205,2156.492662919822,2133.506035008072,2123.684733531281,2121.295704290955,2153.6874433963735,2175.557296073522,2189.199360048109,2208.155812117234,2228.3066598033524,2222.5270655270656
394710,272,"Jackson, MI",msa,MI,,,,,,,,,,,,,,,,,,,,,,,,,,,,,,,,,,,,,,,,,,,,,,,,,,,,,,,,,,,,,,,,,,,,,,,,,,,,,,,,,,,,,,,,1056.969063300516,1073.2519742674374,1069.5729564092233,1074.585691120119,1093.6665001790875,1100.228888891081,1127.5596739912678,1144.4694124076855,1159.6753849034942,1175.0601431060934,1162.5836903045317,1181.275148754937,1164.9841528705415,1171.1526213494094,1181.1487569885157,1180.0726086344534,1172.2028921531037,1169.0386778111847,1197.57797687021,1226.1857984301605,1237.0708955908306,1240.4485263572296,1238.514121315525,1245.2135213207184,1241.1045408182915,1259.1315993346377,1256.917803028991,1275.450640208295,1268.0882989624686,1282.3901658642924,1277.5857211327655,1276.3825458125261,1275.554352545977,1294.0636261762431,1319.370683237558,1337.493889339016,1334.1415614187033,1347.770418389311,1331.8150480307909,1350.9155480150669,1338.0533877569555,1335.713096140393,1316.5924488699495,1318.1239057200899,1338.5782581913247,1391.6460235522613,1411.3151405967826,1456.7616240136838,1421.7103236814744,1408.238577469423,1400.0882382925893,1431.2079259657864,1484.5833333333333
395125,273,"State College, PA",msa,PA,,,,,,,,,,,,,,,,,,,,,,,,,,,,,,,,,,,,,,,,,,,,,,,,,,,,,,,,,,,,,,,,,,,,,,,,,,,1513.266876093175,1545.139076009041,1544.2637177793415,1553.4822623628434,1546.4885881188452,1572.2832721892676,1562.0569677434419,1583.024366196147,1576.1198296786445,1640.389077047097,1638.5656853625396,1598.0734221789032,1572.660585486664,1603.98254269286,1669.94786744747,1702.1814701194282,1707.8117368363294,1723.6979946262773,1694.5763157952654,1694.4401006287453,1696.7746733243812,1714.208517831336,1725.3538921533286,1738.1718395092796,1744.8735611660916,1771.4323834272623,1788.9828924138872,1822.713841144721,1807.3197586236527,1807.4424817110514,1795.1561435220513,1790.0222850968983,1810.0161789415627,1800.1118830086589,1837.1910873582517,1828.98252582085,1855.013887700805,1850.741481972672,1868.1514076859717,1890.9117160030241,1914.5181345815931,1908.5368854784572,1905.688689489044,1869.4307847648524,1878.3292039680452,1881.8240222241013,1908.7014518760102,1913.2879835641238,1921.5685822034714,1936.1442004991106,1949.2433633805495,1954.843922209611,1964.2769239031193,1967.501482588622,1994.0337490539434,1996.1104175101002,1989.7554038067485,1956.1758081945043,1955.8991743433342,1980.4406162928012,2017.3880064032735,2033.8580289611878,2035.7635197595473,2025.0764891466526,2021.2254626108477,2035.2166666666665
395079,274,"Sebastian, FL",msa,FL,986.2982354384598,1003.9583115960185,1022.0272492910532,1018.3859018795949,1024.120654153611,1022.7793366772015,1038.091419356872,1041.6536472064404,1050.180118144478,1062.7656038458665,1108.983354567813,1132.7858254992493,1127.4269380362548,1099.0600649409344,1092.257080411024,1099.0922875006297,1104.217463459694,1092.3970988096016,1099.446829310892,1105.0531790371272,1118.4779752843192,1106.0779273714388,1137.2316470303624,1167.8916288733205,1198.646235486255,1186.8514921805645,1187.6271355778192,1193.7168124323628,1201.2300322365008,1195.2678196469797,1194.2154631805756,1197.075419064872,1221.8957207048772,1234.686973286812,1255.7643523357403,1274.2174294489369,1290.3886856275412,1291.5220207127404,1259.0596762281375,1254.3255752324794,1270.7221663796586,1291.1670380839705,1304.119876372345,1291.3942497445505,1291.8716891397492,1292.0179908497546,1304.1999424178923,1313.1629516216701,1319.137393875171,1324.2242314687364,1315.0549615345924,1326.6152374649325,1341.5106910949864,1354.6164418748604,1353.3765687857144,1365.7781066945472,1375.9861915897136,1399.2622015824031,1393.4605796788248,1397.1553316727889,1378.567677933405,1376.456315522897,1387.200419138254,1405.5617499375628,1421.7096918450375,1423.790191408591,1421.6750978651623,1445.8891986931442,1480.0954306147376,1515.7187644224168,1529.142100865948,1524.9611759378229,1527.4528704791758,1530.308797349758,1565.9174216183742,1594.8840593865357,1621.9737088686427,1651.0364892082596,1734.00001798972,1776.4713286520514,1806.8868844535318,1768.4056469128143,1822.4625897065162,1885.812874658817,1983.2419525480996,2006.0756966417468,1994.161131638128,1969.8115955605583,1943.5869698449717,1992.099415754851,1989.3956109578567,2035.4566425491087,2029.9442317423297,2090.0440622920173,2096.850713384124,2084.967338968697,2084.684489055133,2089.4714879218945,2125.3190303465335,2115.0062171474387,2133.695984079346,2051.454336112584,2054.8611732989757,2062.2609296974197,2155.121054377514,2158.9639232153686,2175.2498080273344,2170.276163276708,2188.288206399931,2198.8326571352486,2219.0625119723954,2210.1169450409056,2201.438149964659,2194.0920492611863,2204.3880643400244,2187.511743673922,2197.357022757097,2190.8162922184406,2222.8374340733276,2239.7864296523335,2250.059004587547,2231.502997928599,2219.351648324775,2238.609313599145,2244.5456714530137,2222.399902086124,2205.5294431175844,2208.2316608246747,2216.80979934007,2228.740848556828,2221.29874055435,2195.0042218812705,2213.804127546585,2242.3026995845903,2290.926136006274,2292.0921070829686,2272.6447068740454,2292.2990188816284,2296.4937410938915,2329.5148856990963
394814,275,"Madera, CA",msa,CA,,,,,,,,,,,,,,,,,,,,,,,,,,,,,,,,,,,,,,,,,,,,,,,,,,,,,,,,,,,,,,,,,,,,,,,,,,,,,,,,,,,,,,,,,,,1862.6679358391166,1871.6882382370504,1879.0349620749412,1917.2951692567049,1922.1021301128887,1949.6266881198007,1941.795709273723,1956.0564019445972,1954.400754385052,1977.7040722816762,1950.4430435205118,1950.4704911025572,1938.3624173313992,1972.7470387287503,1981.954835655216,2000.544859961854,2013.9014719003835,2011.3113176736686,2024.5460811577734,2074.8271925719855,2092.1592964152564,2094.141597141351,2065.186548635257,2058.581586357687,2087.9557479475984,2100.368227428763,2114.2789741473434,2090.087939192043,2075.9148655642725,2075.7094690501576,2106.56169745693,2114.160746122909,2127.1877475122387,2122.6363060857716,2150.9377422670145,2145.3517776772246,2150.942760916818,2211.870419183691,2272.160475431263,2270.6707106911495,2203.6086496133057,2143.362846132068,2139.8761878389146,2164.1217720805666,2193.9711965949505,2206.165427016597,2213.3870047584373,2249.3763439484796,2285.4457616617347,2296.0079365079364
394523,276,"Decatur, AL",msa,AL,,,,,,,,,,,,,,,,,,,,,,,,,,,,,,,,,,,,,,,,,,,,,,,,,,,,,,,,,,,,,,,,,,,,,,,,,,,,,,,,,,,,,,,,,,,,,,,,,1216.4960777548877,1202.5363826537277,1230.6510847586287,1254.6892288807883,1278.2167567979582,1279.3863170979387,1290.9114877229856,1298.2992280454785,1294.1687186963,1284.0426230839867,1294.7807021053152,1314.7381204800138,1320.9717424946446,1340.779691009801,1338.3627662476947,1355.5006597911486,1351.3177279947324,1359.085523179923,1364.2005250350326,1359.4930948628753,1355.3018013778933,1331.1689766277668,1337.9457171137726,1330.5315641820468,1347.4836334863871,1355.0436683291996,1372.5921029357542,1414.5316707959607,1413.9026497876932,1428.9572363475158,1409.9758883270406,1420.0474781861792,1394.1892164956082,1380.138321804153,1369.1179824460125,1391.4118461001399,1381.3731525395028,1386.8524596059353,1390.3946873900886,1441.4188924388343,1453.3503866272354,1473.6132244162122,1459.8777869730586,1481.3915343915344
394453,277,"Chambersburg, PA",msa,PA,,,,,,,,,,,,,,,,,,,,,,,,,,,,,,,,,,,,,,,,,,,,,,,,,,,,,,,,,,,,,,,,,,,,,,,,,,,,,,,,,,,,,,,,,,,,,,,,,,,,,,,,,,,,,,,,,,,,,,,,,1602.3746107932996,1614.343822621374,1631.10201825256,1630.002073306057,1614.1072647256035,1593.807559296655,1613.944172126546,1629.3400258537497,1633.5915766733003,1615.287934144057,1618.183039587961,1642.2719832735029,1631.3155805655838,1624.0282205654435,1599.0190430035768,1646.9436767684194,1663.008467419317,1680.911867789776,1676.5928987835268,1693.219696969697
395193,278,"Vineland, NJ",msa,NJ,,,,,,,,,,,,,,,,,,,,,,,,,,,,,,,,,,,,,,,,,,,,,,,,,,,,,,,,,,,,,,,,,,,,,,,,,,,,,,,,,,,,,,,,,,,,,,,,,,,,,,,,,,,,,,,,,,,,,,,,,,,,,,,,,,,,,2057.411181090288,2229.508582459691,2233.549666046436,2277.1509624383193,2165.032435824313,2165.243186966685,2118.191287896752,2080.222222222222
394703,279,"Idaho Falls, ID",msa,ID,,,,,,,,,,,,,,,,,,,,,,,,,,,,,,,,,,,,,,,,,,,,,,,,,,,,,,,,,,,,,,,,,,,,,,,,1324.0188011579885,1353.210498220106,1344.2212355119993,1409.4191815535505,1423.732232512679,1466.9847252585153,1483.7014886361264,1526.395690793724,1542.6082662280278,1571.3745290626823,1585.9563969462213,1599.780221192518,1618.1331195792807,1617.7402840430357,1616.0381888220184,1618.1261722277002,1640.391394646474,1661.463909090875,1669.7523028710652,1673.8387364922226,1687.6545874228627,1684.3680880111733,1676.4882846920016,1655.9365737817084,1652.0656063822987,1655.8000198254292,1653.042583887121,1657.479490427878,1654.7665330810842,1669.0742089373468,1681.0885680330869,1703.6804439413092,1709.7521653021545,1713.6507548174798,1699.1520899706727,1692.1262902756885,1672.091150348176,1681.324423710337,1690.224314449499,1712.7984740752463,1726.5761419008145,1738.039385269008,1752.4742706280426,1747.0513954002724,1751.6469612585165,1750.3306700417436,1752.9902154592703,1738.4167504285301,1719.339145577974,1719.358994372975,1722.65406104196,1735.632628425361,1750.5322584338905,1772.178282734145,1786.512904376857,1784.1401306500138,1776.1531969440427,1758.5333839498987,1754.6944139824502,1746.335898888332,1760.7767874232793,1755.0896405402907,1767.5179874352239,1763.9932191588894,1779.1017247554894,1806.4422734214602,1826.5078304085005,1842.7883398495749,1823.9875128998967
394639,280,"Grand Junction, CO",msa,CO,1024.3874524067687,1027.874751371677,1033.246344762921,1043.5093810029782,1057.1473401090523,1067.2811104126754,1067.2089214411915,1059.3251741401032,1059.3145869776872,1055.8236103200588,1054.0075350675288,1050.941449973366,1052.1830114439827,1051.116060534404,1063.5997493287998,1075.8272853521619,1095.7329578925476,1097.5867442808326,1103.5714461714595,1102.3845016303028,1100.18096575407,1090.5647641446326,1081.748074756088,1070.488283885425,1074.297315035208,1076.9342972546565,1100.1365146076093,1113.1253521036122,1137.2788415152954,1147.9239490901555,1154.4639509903884,1146.8756277184616,1130.669232912625,1130.5344562111866,1135.0337958649532,1154.7024520744205,1158.397911473821,1163.799601983365,1173.2057098192015,1188.1293921734657,1205.9955679952793,1218.8679893833573,1229.325221617176,1243.407992363615,1240.5282671499479,1250.6328519681447,1237.774086337501,1237.9453297974474,1235.2599514772842,1252.3186721939908,1269.7962600375056,1287.5093666265484,1300.233371825883,1303.3236458398285,1295.922458447595,1307.7599077655593,1312.7936310629877,1307.1629522466753,1298.2654949427256,1295.971194281077,1318.4452150179238,1340.9866197825309,1331.552770761909,1320.4263872574973,1315.8785607330385,1354.1327444543356,1372.5174000952645,1372.7223386716512,1368.879817548931,1369.637279773034,1389.2682981378343,1402.5992572920923,1430.910523627505,1438.342281809574,1464.7383539955695,1487.4138980887867,1504.788164790622,1533.222080910555,1558.8549936426648,1583.5754022361577,1597.0739510353515,1572.5867878742877,1596.5240384192377,1602.6408172749238,1620.6327056120144,1630.0229286748827,1632.5029042098083,1668.5452701456497,1681.3642643603089,1716.446253319703,1719.6818623887348,1717.6315620838145,1704.427282924948,1697.3267270159668,1699.2751910287361,1714.9535524878972,1737.3611489463076,1748.2501405265862,1739.5968807265835,1755.3279598482875,1768.6326341788981,1787.0535635127378,1789.3964452327941,1786.4593588064358,1785.0230752762031,1809.962250745992,1810.3058460481473,1820.7358098507138,1808.932456009259,1840.312337842954,1874.0408572476767,1896.9681092780627,1909.1954228091065,1904.5690643694832,1921.0226182434599,1928.4840003692548,1942.7792814355248,1928.3423416341766,1940.1322856489317,1938.119250834759,1965.4605595035496,1967.9978458119012,1983.6705230800258,1989.2120476124066,2001.609608183166,2008.439161340721,2017.196221526895,2016.8388628775645,2026.903963044067,2005.3645747055905,2009.9070090595208,2007.8472342329205,2020.170303399159,2028.3241870918014,2044.9580112225406,2073.9407932277804,2078.240485671168,2081.3326367969203,2090.9931758821012,2081.4171765968867
394563,281,"Elizabethtown, KY",msa,KY,,,,,,,,,,,,,,,,,,,,,,,,,,,,,,,,,,,,,,,,,,,,,,,,,,,,,,,,,,,,,,,,,,,,,,,,,,,,,,,,,,,,,,1348.426444232367,1356.8600302317723,1340.062107593325,1329.6939336557386,1341.9662385048825,1367.6223736281258,1380.6057638585903,1428.600896393765,1435.9774032674636,1416.7901715441856,1414.3816268709909,1436.0676344687286,1479.5071163942212,1498.5159179078883,1504.5887390739074,1538.318449630848,1536.5130893363241,1563.3219796352403,1577.0366038605334,1583.883215877122,1583.7885535267444,1580.8787015122787,1596.2879388127537,1599.1024554613862,1590.5476117694648,1619.9749767484066,1638.3756717389479,1660.196398997247,1627.020607892514,1620.2342616073995,1610.3372433740826,1625.6594818309109,1610.8895519404382,1618.4428499730816,1599.2633927707243,1605.2288622852275,1605.5514620332704,1610.7349559868876,1636.9743210002443,1645.7592178086938,1651.8580628605948,1641.3792092404187,1656.3028329209703,1670.261169886373,1654.7245136277793,1631.6770123389158,1620.5138830269302,1623.6506514585956,1633.5337052209065,1649.2140445655282,1665.8667338742584,1670.605161661815,1670.4978223072205,1674.0459838157178,1670.6837606837607
394917,282,"Niles, MI",msa,MI,,,,,,,,,,,,,,,,,,,,,,,,,,,,,,,,,,,,,,,,,,,,,,,,,,,,,,,,,,,,,,,,,,,,,,,,,,,,,,,,,,,,,,,,,,,,,,,,,,,,1612.9566233629,1593.312152570399,1581.2163001645265,1604.6144127383782,1635.0283111147528,1645.9422465004543,1678.8569704842778,1674.7816574461713,1658.125788634419,1623.863214177523,1623.4575736359648,1672.008169551642,1693.7913655845255,1684.0542904342049,1678.4000812644565,1701.9334210717432,1755.179052463752,1783.4832523736927,1777.5096529054224,1758.3314008483183,,1715.895690044829,1741.0302609484888,1809.371458546803,1833.1146927361701,1837.9516730008568,1821.4179144642003,1863.5260735918273,1864.6305938818518,1864.2830140057395,1861.7828015770299,1836.8350057258542,1824.7301853786812,1787.9862934897321,1837.3151195022497,1847.7170661915372,1905.182210228295,1887.3784786259355,1928.0142833644843,1923.4093291123672,1952.3809523809525
394873,283,"Monroe, MI",msa,MI,,,,,,,,,,,,,,,,,,,,,,,,,,,,,,,,,,,,,,,,,,,,,,,,,,,,,,,,,,,,,,,,,,,,,,,,,,,,,,,,,,,,,,,,,,,,,,,,,,,,,,,,,,,,,,,,,,,,,,,,,,,,,,,,,,1530.8151168989723,1561.0794692275392,1557.4397984147067,1568.2446037750797,1537.760284384342,1556.6998674130784,1574.3472216137648,1601.1707609419948,1626.9607795943484,1657.3879728645663,1681.2666666666667
395066,284,"Santa Fe, NM",msa,NM,,,,,,,,,,,,,,,,,,,,,,,,,,,,,,,,,,,,,,,,,,,,,,,,,,,,,,,,,,1879.6768300590857,1855.2803645652764,1828.5624079411127,1846.6667453752802,1900.9091042340926,1908.3675617639644,1909.470546651438,1921.40198900577,1941.129241607496,1941.576755159324,1939.8640268409247,1926.9718139290376,1974.3240433905962,1976.659871020308,2036.5337336025877,2028.8544140049996,2068.508272774653,2089.2493371895466,2127.4397013682815,2166.2390573248954,2229.124170676323,2308.8305424299956,2337.594182628947,2304.9260947592074,2242.6606932488585,2200.358431921475,2216.0977386320287,2251.5877449180157,2324.848165915846,2348.2196108759695,2438.7309273332116,2456.5833897848925,2502.2131322880664,2461.421990257488,2488.8647887396437,2488.285821446823,2510.764118302538,2483.486838315386,2512.798785241999,2502.02464153212,2518.95278772791,2525.821837611734,2598.4283996437107,2661.506322667665,2695.680572728246,2645.129022113759,2628.6204533287632,2581.7521378255055,2629.7155713356915,2628.1565434538506,2662.2450917825654,2644.9214129241795,2665.3102443031935,2700.8467887652887,2721.8083784317323,2739.713467057379,2734.8503638157968,2766.159995156407,2750.744949076105,2756.031015954107,2696.1121088243317,2716.2052131941996,2706.60583919214,2743.3548734586907,2750.3213959242685,2782.9000962266155,2791.8042517676677,2830.0653978989153,2841.1315826325476,2846.3384056139735,2831.964037666186,2809.439825135678,2849.2781429348115,2823.87361198764,2859.082367120145,2837.724077987535,2909.909051174933,2888.4231083781488,2887.072956926117,2870.1980712943923,2906.5771190033265,2919.760493389958,2895.924369747899
394493,285,"Concord, NH",msa,NH,,,,,,,,,,,,,,,,,,,,,,,,,,,,,,,,,,,,,,,,,,,,,,,,,,,,,,,,,,,,,,,,,,,,,,,,,,,,,,,,,,,,,,,,,,,,,,,,,,,,,,,,,,,,,,,,,,,,,,,,,,,,,,,,,,,,,,,2605.461837706438,2609.0396297228804,2689.775537579351,2639.8773504829082,2579.559744394619,2588.8888888888887
394314,286,"Alexandria, LA",msa,LA,,,,,,,,,,,,,,,,,,,,,,,,,,,,,,,,,,,,,,,,,,,,,,,,,,,,,,,,,,,,,,,,,,,,,,,,,,,,,,,,,,,,,,,,,,,,,,,,,,,,,,1021.8960582569658,1028.8356531264226,1037.8488225514775,1038.5353394270269,1029.7062912896401,1012.9897123111856,1020.5334546611438,1031.9708372755008,1044.4749965259814,1060.1828425665044,1054.397603188022,1059.2330616240752,1061.369477966787,1073.4053573051774,1073.4883836210329,1065.1807634152356,1044.2466643850714,1044.9445497799475,1049.1898524434482,1049.7882913284996,1077.4057481278505,1092.8482797906718,1128.060727174429,1109.3993200801183,1119.4930902635856,1112.540171628512,1111.6627549760597,1097.5840486989573,1096.948519833982,1089.192578292847,1092.1838608243154,1110.74709349559,1130.080272274305,1133.7065811091152,1123.7927388762453,1137.1935172504411,1137.731843925351,1140.012129706035,1136.388888888889
395163,287,"Traverse City, MI",msa,MI,,,,,,,,,,,,,,,,,,,,,,,,,,,,,,,,,,,,,,,,,,,,,,,,,,,,,,,,,,,,,,,,,,,,,,,,,,,,,,,,,,,,,,,,,,,,,,,,,,,,,,,,,,,,,,,,,,,,,,,,,1932.1614661463384,1932.6651159852654,2010.448261757919,2048.9129656316863,2103.4375958970336,2121.232883531172,2157.637503415913,2162.236975712761,2137.553310044002,2125.2431895092445,,2071.85532922367,2051.664272731325,2123.987749092828,2196.835086924084,2235.3009719945167,2203.59293936526,2221.229015800145,2225.1102455429163,2245.5079365079364
394359,288,"Bangor, ME",msa,ME,,,,,,,,,,,,,,,,,,,,,,,,,,,,,,,,,,,,,,,,,,,,,,,,,,,,,,,,,,,,,,,,,,,,,,,,,,,,,,,,,,,,,,,,,,,,,,,,,,,,,,,,,,,,,,,,,,,,,,,,,,1715.2768754902888,1738.6229746321771,1731.289129729861,1740.736835783046,1738.7378745845842,1749.4016905733602,1716.5078273337722,1704.339526740185,1671.9649940778584,1729.242971518871,1716.763808383668,1759.9312926142238,1795.7296706802888,1896.9066255665475,1918.8582492584628,1919.5312321482822,1865.6314157359236,1860.1741508863543,1822.0701058201057
394685,289,"Homosassa Springs, FL",msa,FL,,,,,,,,,,,,,,,,,,899.2702452281843,900.0807366351403,910.8039496174163,925.9739239021453,939.9288546727141,962.830608358101,968.1899366066881,961.2293498903962,951.2286785336515,967.8316087572389,986.8693631559269,1000.6119058513426,993.2859979831782,1013.4171227222769,1023.198212612898,1052.8572016554317,1048.786804702532,1048.9725864683853,1035.0053507397918,1041.073164388756,1043.953048450193,1060.1718489087602,1067.6842221648365,1074.8713446465547,1077.2650398858943,1074.6112004284319,1072.274203407857,1082.2293559009581,1089.6609520867657,1089.2991063946797,1070.6086767001025,1064.23090968816,1073.2100805706687,1085.720191227717,1099.7439908144004,1105.6415342754965,1122.7192128582667,1140.3175481875137,1150.1582945578223,1153.9185474030085,1142.0015899929133,1150.8076697205358,1147.3138853505761,1157.641627088179,1168.2476806475215,1171.6964890302515,1173.1397662717823,1151.3458748132025,1164.295328721642,1181.410098876524,1215.2819272717168,1222.8787963465106,1222.2582078447767,1225.4786962280482,1227.6085933216038,1266.8096498007117,1265.1689936588295,1293.620865963904,1313.178112395028,1353.6346243336443,1373.8625246624233,1378.6255538888186,1411.1171417080002,1440.1806250510895,,1491.5078757966373,,1525.8940880895268,1530.1317394788082,1541.7238553025684,1549.3562264998136,1563.297832906329,1588.142811567328,1599.7750587888083,1611.8668582845182,1596.5134870150976,1584.0462569949364,1590.8662628675565,1629.0684401302992,1645.3843941924808,1651.6771305546545,1635.2151883640622,1643.0119329178349,1654.6586375733034,1663.816154028421,1668.4763105147028,1679.9590354957993,1688.0551514294652,1702.2383433971506,1713.6673890843626,1709.5639557398838,1704.1245871789174,1688.0136464700154,1705.3656222799739,1713.5880048109182,1724.5454092542989,1716.8276080043238,1727.0333841150182,1725.8378521570883,1726.2275466215137,1730.9606167851946,1718.0440420021764,1740.1859626596306,1734.7255466494826,1745.1634544082087,1747.1652592860412,1748.2144783006963,1752.3873276652002,1741.028636838197,1740.986097322443,1743.6909161189446,1737.651773591943,1743.8245985637343,1747.594885060548,1755.6202701371776,1751.7893066002619,1728.7513564524563,1724.4770974797561,1732.8876767542733,1754.9302846726912,1771.9873552216013,1766.4204964277337,1774.3306715506715
394662,290,"Hanford, CA",msa,CA,,,,,,,,,,,,,,,,,,,,,,,,,,,,,,,,,,,,,,,,,,,,,,,,,,,,,,,,,,,,,,,,,,,,,,,,,,,,,,,,,,,,,,,,,1809.316565179149,1832.5428499238135,1831.9468100873794,1856.3297444500297,1885.0213601012001,1906.0945345752775,1916.0385104300967,1914.696471697151,1910.4456059602637,1902.143109364902,1900.955870789763,1935.5258238729846,1948.9230167708047,1949.2526886048333,1932.1393758062438,1935.4233671593395,1973.5902874643682,1984.6170332595825,1991.7194212062777,1942.6165121829395,1937.2064948782456,1938.1316755880237,1981.2837802343206,2028.626871478599,2051.9630703712846,2071.3324040307784,2056.8037056094813,2048.7455212576324,2034.5605054680766,2045.3230853739708,2055.6372918206057,2048.5208301534576,2021.791750300735,2042.216064622526,2082.180206966296,2128.4255516685957,2141.009835053539,2135.484648186855,2138.148264819277,2120.6130338655535,2132.69385924403,2141.4707328562877,2174.1209623327145,2183.5253783809776,2174.246427327576,2144.4938461766073,2162.472077734637,2183.3984341530672,2206.321685742149,2181.9735995524125,2189.9124252195707,2205.1597985347985
394723,291,"Jefferson City, MO",msa,MO,,,,,,,,,,,,,,,,,,,,,,,,,,,,,,,,,,,,,,,,,,,,,,,,,,,,,,,,,,,,,,,,,,,,,,,,,,,,,,,,,,,,,,,,,,,,,,,,,,,,,,,,,,,,,,,,,1215.1242530633253,1214.1671142237922,1235.760643706137,1233.9898529186673,1248.3231851035828,1247.4651163297515,1250.5167777146744,1261.0929220547707,1268.1516957838403,1255.057857542629,1274.9453455311022,1284.769528213863,1312.4247104505541,1309.931167286592,1316.1847552614333,1311.3641342304677,1351.025871058785,1373.720159420192,1381.7759426600214,1366.280834644912,1334.406050156027,1345.8638612827617,1354.3577699503992,1377.5400593576942,1412.5870476162197,1389.1990337454004,1415.8269667149705,1409.1666666666667
394598,292,"Florence, AL",msa,AL,,,,,,,,,,,,,,,,,,,,,,,,,,,,,,,,,,,,,,,,,,,,,,,,,,,,,,,,,,,,,,,,,,,,,,,,,,,,,,,,,,,,,,,,,,,,,,,,,,,1279.8556474461047,1295.3754359845284,1337.3878149293914,1341.2657624609026,1334.6177442391163,1334.211757177528,1349.5769746814108,1380.5157228819069,1358.8727132307197,1382.194573871418,1369.218001846564,1373.9847253711678,1387.2039813619213,1402.1261753561496,1436.1078815299775,1436.8923272470831,1440.8978421236916,1447.0688666883798,1454.1093149107005,1469.1808487663807,1494.873247766822,1505.9451609456482,1495.0924428590479,1471.302821712338,1471.600348378373,1491.1074586320215,1513.0213999249165,1522.8397358386194,1528.3814722115205,1519.3345457502262,1504.4225299353081,1516.6894828042819,1525.3126669925746,1558.6054040498416,1557.748517821525,1550.6112386670172,1546.3845520940245,1568.7085551795637,1576.7280779556093,1582.1598779099263,1558.9301389672214,1565.3703703703704
394537,293,"Dothan, AL",msa,AL,,,,,,,,,,,,,,,,,,,,,,,,,,,,,,,,,,,,,,,,,,,,,,,,,,,,,,,,,,,,,,,,,,,,,,,,,,,,,,,,,,,,,,,,,,,,,,,,,,,,,,,,,,,,1347.4452220110024,1356.9832976827806,1302.0951516338428,1323.8078674259882,1321.4667598136589,1365.427770402129,1363.0590687070971,1363.993268966229,1384.3191484577276,1398.0565521566698,1408.502966036878,1401.3670316850391,1390.198139636742,1377.6329856715831,1347.0682130544358,1345.240386880935,1376.177113567499,1395.6375417379122,1454.2282957096743,1467.6183529537543,1471.915393804655,1431.819337079583,1418.8722778572492,1413.467803091687,1412.5474372962558,1442.104433020169,1491.255799630857,1525.4063952886522,1504.3862147312664,1490.0811987993554,1490.5873592413766,1515.7639628809095,1518.351851851852
394802,294,"London, KY",msa,KY,,,,,,,,,,,,,,,,,,,,,,,,,,,,,,,,,,,,,,,,,,,,,,,,,,,,,,,,,,,,,,,,,,,,,,,,,,,,,,,,,,,,,,,,,,,,,,,,,,,,,,,,,,,,,,,,,,,,,,,,,,,,,,,,,,,,,,,,,,,,1450.0
394306,295,"Albany, GA",msa,GA,,,,,,,,,,,,,,,,,,,,,,,,,741.6093442560957,731.9387466963576,728.5884745490503,734.6154310197097,735.4436629556753,739.0212802320583,734.231221119726,742.6410711027803,736.3139783652375,740.0630735360219,743.1089472844211,756.377578367252,757.174537107771,749.5624664676184,744.604057610514,742.4571383563281,745.6159103187845,750.0079845109561,757.759787839069,761.5242058542638,768.1241955453722,775.2444564916897,781.1838873789022,782.4396828868123,783.7268244526567,789.3961901923187,788.5720723488453,787.8901196041159,786.4982118456113,788.6163947371119,796.9023687017217,801.0078727589603,805.3446905821894,805.2514181693201,810.9188167711295,818.8398545031747,821.693983253243,816.8266106423831,821.4117601380946,824.2283285484451,845.1491980548627,856.1234928007742,867.7642840207562,879.5910149255578,888.8537855288587,896.4273028442535,879.2939961769072,870.9521028494821,874.7296064423699,891.3647281984283,912.0588321345356,931.0999247571393,944.2970589888481,960.2644660095539,972.1216782689372,995.976306009923,976.1824246684919,998.4194239205101,1004.1399172282132,1043.698096222325,1033.6895633031668,1044.303771352698,1043.8302078129059,1068.781738474132,1083.4962815433619,1106.8171854279376,1107.5551779905268,1113.318436057927,1111.0371746079297,1116.950807794738,1107.0906391329847,1098.655161302894,1092.4505997787496,1088.2599951000113,1098.5015388029765,1102.6982595971817,1114.906148473699,1128.2507786102817,1129.5241934744533,1147.0463072163698,1151.146432111262,1161.6613648956104,1166.616270109753,1170.9870565213787,1178.6936516708017,1171.5986968478753,1171.383269769685,1179.1000857564302,1195.767422299251,1209.5986401989442,1211.7356987169685,1221.5717448850223,1214.245399177881,1215.1457786872247,1195.7611129734933,1193.270832636276,1189.1631599465754,1199.1014562487233,1212.5819777048284,1246.7865428391258,1253.6188407172372,1265.4138985660672,1250.8279455957518,1257.4010872775973,1238.2969527725727,1247.2737910929907,1258.5827599582976,1288.060943347152,1290.7864540805103,1287.6824769748432,1297.8467371034865,1289.9342761618836,1274.8989432166222,1257.871564461297,1272.9688537651593,1303.671717171717
845167,296,"Ottawa, IL",msa,IL,,,,,,,,,,,,,,,,,,,,,,,,,,,,,,,,,,,,,,,,,,,,,,,,,,,,,,,,,,,,,,,,,,,,,,,,,,,,,,,,,,,,,,,,,,,,,,,,,,,,,,,,,,,,,,,,,,,,,,,,,,,,,,,,,,,1216.3526514936286,,1208.897472807232,1218.572160758446,1201.21993913724,1258.6713228672377,1281.3857130586182,1311.6731642226598,1304.8521508280905,1298.611111111111
395223,298,"Wichita Falls, TX",msa,TX,,,,,770.537700423929,778.0858629334799,782.2854643430768,779.4475067575974,784.811767098624,774.1245323873658,767.5160674347673,763.6902673873707,770.2567802460082,772.1838459506234,773.23952205986,776.2185835012941,785.5937700932022,788.8749380644787,787.3029124576358,787.7924591734794,784.7517763781582,787.3286371604876,784.0868330193742,792.9238703525265,796.7631881273055,806.036941100593,803.8781526567589,804.7907335074715,810.13799351825,806.2335487042901,808.4674606130189,805.7414596831954,807.4590975579281,817.5656894245911,819.6870931248,833.3731897280417,831.8746002016433,835.2523325845353,833.1917355768003,839.1728553908199,842.0804549110435,843.7722709514569,842.4000353340867,845.6365236052789,850.8289259409255,855.981955056008,857.375967435157,865.7025791605038,860.8552000958438,865.8714274786059,866.1032359691815,877.5989821004634,891.9120385642088,898.0717969717793,901.4432559800016,891.4463138297701,893.5492859470813,891.0918974457594,892.9391355235722,893.6978403993265,904.1212954973579,918.1005033980089,918.9816292822851,927.5648125642743,942.1939849518874,949.9421350082157,951.4906130774561,951.1738330548833,961.1996932521427,962.1138840640597,975.9590116179868,982.3949022069799,999.425507026605,1003.8414660172665,1000.5418261664832,1013.969361965208,1036.3838204276904,1090.4573100251753,1095.1533296863684,1091.9231911034383,1094.785492238434,1107.7122608948841,1097.3298410620503,1089.4878722658518,1102.3577962984818,1148.5043300776822,1154.2334240752102,1166.0338102748256,1176.922174945229,1215.773402533948,1230.9694971565116,1234.0209746290504,1231.045808056568,1226.791803168803,1215.057353445366,1203.1377222124793,1205.914638832933,1209.042679146991,1227.4180564333863,1248.0845392117772,1252.91757415975,1264.5255332314582,1266.4341785287716,1274.3778181313235,1267.4386852415435,1271.7297457674017,1285.07875019129,1286.3885916733666,1284.1947213617298,1277.8304321674423,1287.633887974513,1289.7763221215803,1303.5153359245126,1311.232167688361,1316.420250758319,1315.7672624416482,1313.8808878860748,1318.6020889738968,1322.2712647167778,1326.2119582412377,1331.1133866366642,1329.1616471419056,1330.982707821282,1336.50227204135,1348.3052929042424,1351.1828508545952,1349.347489835188,1345.107720608678,1347.5284588283187,1349.4919079858298,1355.1535936929413,1361.4203632808194,1372.9290468491397,1394.8220186326878,1406.9781071583575,1421.3924668802026,1416.178819648381,1425.8446507891902,1432.757854495119,1455.8090828924162
395152,299,"Texarkana, TX",msa,TX,,,,,,,,,,,,,,,,,,,,,,,,,,,,,,,,,,,,,,,,,,,,,,,,,,,,,,,,,,,,,,,,,,,,,,,,,,,,,,,,,,,,,,,,,,,,,,,,,,,,,,,,,,,,1306.01239536464,1301.0204502268232,1288.8916642212243,1293.7448456736606,1302.8026983287382,1321.9147506442046,1332.3700707667049,1334.1437510600363,1319.2301637081296,1312.4610773091936,1305.7781452444608,1306.6221135433464,1297.4107272216156,1325.1075761403333,1369.818113647824,1392.7613466526518,1402.71172792595,1389.9673552450363,1395.9035684689866,1379.1016570840045,1365.34947932326,1373.1163880973063,1364.2688441606922,1375.1020771113256,1380.182310344868,1396.1888236226027,1379.5558730665468,1374.0351945530504,1398.9455275494026,1434.0435169099142,1452.1304284986832,1449.3503976508794,1439.1793650793652
395182,300,"Valdosta, GA",msa,GA,,,,,,,,,,,,,,,,,,,,,,,,,,,,,,,,,,,,,,,,,,,,,,,,,,,,,,,,,,,,,,,,,,,,,,,,,,,,,,,,,,,,,,,,,,1155.0445847378437,1191.7658152860959,1224.060897323163,1202.1810543228316,1163.3919055312756,1194.7394735544228,1224.4161238660142,1236.727281851582,1227.4552883998886,1250.0523760204662,1285.4918587044585,1315.57685545053,1292.7015968908083,1281.1132953218273,1265.6697687547962,1288.3071440783324,1311.5485913229686,1311.077938124413,1311.6171208586852,1320.7537160696168,1337.8642052316354,1328.8164920451054,1332.5575556975716,1336.685502977178,1353.5980072943717,1352.5060229013116,1369.607340671037,1377.5802404865917,1401.461822544256,1390.2383640796684,1405.129332987977,1409.6753222103487,1424.6546617906497,1424.5025405785982,1432.4873427142988,1443.2943532528345,1447.4855248336178,1443.73281536919,1448.990657744439,1472.4477286608133,1489.335092625393,1485.5262455739778,1484.332914566031,1497.3873764104778,1518.0098056071738,1509.5817108089427,1515.5579506225154,1503.9576578033668,1515.5660743298085,1516.317564047146,1559.557792207792
394800,301,"Logan, UT",msa,UT,,,,,,,,,,,,,,,,,,,,,,,,,,,,,,,,,,,,,,,,,,,,,,,,,,,,,,,,,,,,,,,,,,,,,,,,,,,,,,,,,,,,,,,,,,,,,,,1578.695759401239,1645.0355698679948,1675.8963183473047,1670.251010363798,1638.5458481772985,1648.9874724538042,1688.437335811226,1666.5160989314486,1678.0409478911483,1670.4928716883858,1667.1765274950285,1653.6298465451491,1672.8313514684824,1695.719660249327,1699.5550274106276,1694.961653872893,1714.419044521863,1734.6806727368141,1719.7701343967933,1695.8280916784595,1678.9542526530681,1705.2583144127543,1720.1965797968912,1713.68922687471,1717.3340007851946,1706.8246198212312,1732.2103897586887,1739.1661299985692,1761.1604698595863,1774.2329394320675,1777.1365829830415,1782.8588793416604,1785.8575925348266,1784.1411406011957,1783.6989503728337,1762.7906168349853,1756.91761024581,1747.486930301161,1782.1671130045452,1789.6858305059352,1804.8531284659553,1807.037258632565,1824.5968895476815,1829.6879226473764,1819.5344594265614,1800.4444444444446
394595,302,"Flagstaff, AZ",msa,AZ,,,,,,,,,,,,,,,,,,,,,,,,,,,,,,,,,,,,,,,,,,,,,,,,,,,,,,,,,,,,,,,,,,,,,,,,2058.6814446348076,2067.426022626799,2085.045846659572,2093.7051647753906,2147.16628361025,2173.613151237904,2200.118007220887,2141.8704723353308,2156.259753173888,2195.0114937012654,2281.169013091967,2338.968065379961,2372.2573395427153,2450.489523278446,2494.3334103401658,2516.384831251153,2525.3785743924086,2506.161232912442,2497.910865939406,2482.1219323862942,2521.6409367496294,2604.483610380102,2616.7140521117353,2594.2604034331207,2513.8299106986856,2527.6780789647783,2584.860594319695,2640.245783255176,2641.8082415227514,2638.4059508449586,2637.1990794458716,2652.06319844022,2654.863159486226,2630.986167128488,2586.895772737607,2588.66873267988,2608.3419436731947,2627.1506698278367,2617.904454922943,2653.429546306257,2707.3341852043804,2739.795288211612,2734.8223455346765,2704.510547310028,2659.606426384896,2667.1113443668214,2653.2684677994152,2668.8893486728343,2646.2042039931093,2696.730105413118,2727.817736965569,2762.8389980352354,2775.0329281083505,2800.7842570260495,2799.111168861999,2784.9793679952086,2784.8684564124314,2752.3627016720816,2713.190708093343,2677.6447373692763,2714.8483343565863,2751.505571332324,2784.1974913386102,2783.808757630794,2795.424401139798,2854.1358884627607,2874.3180855878204,2877.297882879625,2788.780081925243
395036,303,"Rocky Mount, NC",msa,NC,,,,,,,,,,,,,,,,,,,,,,,,,,,,,,,,,,,,,,,,,,,,,,,,,,,,,,,,,,,,,,,,,,,,,,,,,,,,,,,,,,,,,,,,,,,1136.9020227679118,1174.65085060368,1184.3823211701424,1196.646839435953,1169.4554343292552,1188.0429853641867,1186.4985275985468,1223.5015584752157,1219.2304793598855,1246.072489967605,1253.9126979829994,1260.6156779684836,1242.1524358970619,1243.5373771168076,1247.3953977350288,1271.2294732967136,1269.6760438542233,1236.634742131258,1248.3667461911098,1262.9855562568182,1304.5827087841071,1313.5984276918775,1324.060442328572,1321.6088093132232,1325.2668330663287,1324.8889256613345,1337.6941653551,1327.1746729161061,1304.5729333307688,1306.5689939379984,1318.9847271460478,1349.0950406742456,1370.8440758933907,1390.2058841354292,1403.4273606531585,1410.5980273735781,1396.104312006336,1398.2001710499676,1378.6566755905699,1370.3143446676083,1364.3040894236765,1360.40419375362,1373.0793043979688,1363.0253243077711,1382.2924036315014,1396.5769563307542,1409.4246638162028,1416.1030410560463,1427.7745285528085,1431.5
395000,304,"Pottsville, PA",msa,PA,,,,,,,,,,,,,,,,,,,,,,,,,,,,,,,,,,,,,,,,,,,,,,,,,,,,,,,,,,,,,,,,,,,,,,,,,,,,,,,,,,,,,,,,,,,,,,,,,,,,,,,,,,,,,,,1095.720629584122,,1128.2245345905528,,1176.2317568112626,1174.0079760984313,1159.1951355373517,1146.6346867966884,1155.9761953464501,1170.2820759109923,1168.664311913333,1167.960438388706,1178.8053333056985,,1222.0466687394685,1215.553332870911,1227.0991176805107,1226.5925708596951,1230.079960641293,1228.7847839811463,1228.6633047597347,1222.691486652945,1239.8304661370253,1225.2908683887529,1243.1372707511634,1243.4298261791891,1276.8833166526683,1308.4783321954603,1323.3001953986115,1293.7301587301588
394783,306,"Lebanon, PA",msa,PA,,,,,,,,,,,,,,,,,,,,,,,,,,,,,,,,,,,,,,,,,,,,,,,,,,,,,,,,,,,,,,,,,,,,,,,,,,,,,,,,,,,,,,,,,,,,,,,,,,,1407.4651267983118,1409.8332165018808,1415.4890807578095,1400.6659190395744,1422.9476031413765,1425.3986393267246,1416.3525820583654,1420.5485264481763,1424.793061792255,1422.770669966328,1430.294371941322,1454.0804191150273,1491.408562328091,1504.339761103112,1517.1548351590698,1500.2875042934647,1483.5520859295098,1488.718057364219,1531.6255328427787,1575.123215952941,1583.1172489277171,1536.6452088344813,1512.4605002053086,1503.5523656246621,1515.6281436673835,1510.4186009491107,1510.8996884652804,1550.8623895265396,1577.2956576334539,1593.4042176498624,1576.598528133112,1612.2178276700904,1606.0656898310556,1582.3220063871067,1552.2801032437292,1518.2709498693341,1550.4826500330594,1556.471900379612,1623.343720026061,1643.1324554557964,1649.1040404013495,1663.8240740740741
394880,307,"Morristown, TN",msa,TN,,,,,,,,,,,,,,,,,,,,,,,,,,,,,,,,,,,,,,,,,,,,,,,,,,,,,,,,,,,,,,,,,,,,,,,,,,,,,,,,,,,,,,,,,,,,,,,,,,,,,,,,,,,,,,,,1736.3440408853905,1747.5931674617646,1778.546140568332,1784.591793201081,1819.0502576083022,1801.0004709215873,1793.856963051502,1799.4335557936774,1768.5374821585842,1775.0305114067216,1780.2208874450118,1822.6718953213701,1839.0626447836112,1836.915251883629,1837.8723614626474,1847.7125161336596,1795.0115656325381,1801.5238722609934,1792.8333539356984,1831.5351055559438,1820.603947504888,1817.7673558153035,1808.8313874374674,1822.2500492967727,1877.6535781793777,1900.89520177167,1895.2577813220814,1866.3816668667268,1865.2777777777776
395232,308,"Winchester, VA",msa,VA,1119.8022121439385,1126.4582348137192,1129.8126750985975,1133.3206871997158,1127.7028115254525,1139.937733283946,1140.2331363601966,1153.9284249164741,1144.6295187427102,1136.6404176809351,1128.4591246912353,1128.350855632324,1137.9404763446435,1137.605511061372,1148.6217992285472,1155.838478174578,1166.4726706398712,1177.2644022521943,1182.0754518460603,1185.9006282538858,1180.0314854376236,1175.5465412853844,1169.7761210601304,1149.86234573488,1150.614655415543,1151.1242508935175,1179.9771662943813,1188.6258966256642,1205.390021709731,1209.4616300030268,1212.494141834329,1219.7144547566445,1220.8200501667204,1216.4609470838368,1213.4879111189084,1218.738694213642,1232.5681353593334,1236.0499797200196,1246.572687973679,1250.9759572404164,1253.625020547114,1253.9843073795819,1260.491410712422,1258.9312321461045,1259.5796927222784,1261.728876404743,1269.8331562053374,1272.9428248980346,1263.770855585752,1259.604664265919,1275.6431355776683,1296.8996051813606,1313.070746799334,1318.5683820448553,1318.9701328333524,1320.2569203953774,1321.5573103886238,1322.4872029028063,1331.2499884558933,1317.8956371057434,1321.6759450101679,1330.2478977741162,1336.2376249588276,1341.9083663712977,1356.8999246734145,1373.6920876918696,1388.4205989871048,1391.6878076495602,1404.9886291187943,1425.4867156139178,1422.1687759698868,1421.4718739013483,1415.1344363212766,1430.4720352215736,,1450.1885854194607,1484.883098540106,1513.713064238595,1564.457242629208,1573.4417633528933,1601.680023141714,1616.7676680232423,1628.4277232295715,1637.717308397599,1637.1012962795467,1640.7491118901748,1662.7142314632986,1692.394970398143,1724.7401071402935,1716.6205894713785,1713.6163933493365,1710.2488466608331,1719.978493663128,1734.0368991728171,1736.8469411517897,1746.4182160007701,1763.3916386664835,1774.8145973529129,1771.253074235139,1757.7131756613915,1770.5219168005417,1799.0149676164267,1809.8564433511585,1826.3133197957359,1815.349570717622,1818.268859971701,1813.1830702179118,1815.7886234917908,1840.9073693139335,1838.1354982197636,1867.0641990823456,1865.8281930344347,1896.6118187080956,1910.6446522821477,1927.5914630412994,1925.0321283201824,1927.473943631726,1933.6663210916129,1919.773010349469,1918.7594204180211,1926.3373609430666,1947.8156838327552,1945.0183922616047,1940.278929562155,1952.3312143572728,1967.7799358606549,1995.8944208707194,2023.4779096972857,2030.965581955632,2003.1195301748025,1982.9162748980746,1992.4691812461751,2017.2719477296962,2018.2323334634464,1999.653076533355,2011.2589935030412,2025.2766173303821,2050.906977851578,2040.6120592243328,2041.3783625730994
395221,309,"Wheeling, WV",msa,OH,,,,,,,,,,,,,,,,,,,,,,,,,,,,,,,,,,,,,,,,,,,,,,,,,,,,,,,,,,,,,,,,,,,,,,,,,,,,,,,,,,,,,,,,,,,,,,,,,,,,,,,,,,,,,,,,,,,,,,,,,,,,,,,,,,,,,1085.9448950463482,1080.8875932269937,1029.2222979873825,989.824708913081,990.927409644622,971.988424675777,1055.2232768443682,1083.3333333333333
394879,310,"Morgantown, WV",msa,WV,,,,,,,,,,,,,,,,,,,,,,,,,,,,,,,,,,,,,,,,,,,,,,,,,,,,,,,,,,,,,,,,,,,,,,,,,1290.4969928055048,1316.3502867122709,1312.9647370880807,1325.0667728529631,1354.8514197183201,1358.0667187458162,1330.3445551252046,1302.16012976819,1326.1917003226538,1357.2830133682933,1365.1517006893525,1363.3454625830223,1402.5057028464046,1417.5515110978836,1425.9455372183045,1392.7678336253998,1423.6505284953048,1420.9626232456073,1428.9411195497364,1413.8777475590416,1430.3390032689304,1444.5671736667302,1470.5920936706636,1494.885147513637,1510.1964928691634,1512.8605719483105,1487.8405840846235,1481.9022984155752,1489.349088788178,1487.3192480150988,1499.8119496130216,1506.3553454738133,1514.2595084042048,1529.78130567513,1540.86278932578,1558.1280304133818,1565.8190062943172,1553.2386536204567,1552.4641736882247,1541.8178022604325,1562.1005854235168,1585.821978053275,1585.874827567397,1575.6818630270147,1573.6009728840381,1586.5759288716906,1614.1976997984955,1620.528563469397,1622.5937038462037,1610.1615327405202,1617.577173853771,1633.7922290998595,1639.2945736756012,1632.0054349603504,1626.7910886440914,1623.8148925678404,1653.9677466601026,1666.961873678705,1688.756759988633,1659.3511803081399,1661.8529457672876,1659.5862942199228,1707.416407709952,1720.2673340132308,1734.2137046333285,1730.043378283167,1747.6562956283865,1747.7307692307693
394756,311,"La Crosse, WI",msa,WI,,,,,,,,,,,,,,,,,,,,,,,,,,,,,,,,,,,,,,,,,,,,,,,,,,,,,,,,,,,,,,,,,,,,,,,,,,,,,,,,,,,,,,,,,,,,,,,,,,,,,,,,,,,,,,1391.0004502120767,1393.891629784681,1395.990841529334,1397.9544926184624,1443.1001073578411,1490.4084833610261,1518.5254435908205,1512.848001946577,1492.785512779738,1526.4292194958189,1490.543382746903,1518.7880717696667,1498.3541298103646,1515.0476711390738,1490.406216835776,1478.0672799602282,1500.809153202543,1527.0027654231571,1555.109966231377,1569.1146200234543,1555.1336144467543,1532.3724431612363,1585.8387652709173,1559.2055882370337,1552.4141724080791,1500.4276528064233,1556.6476124951346,1592.2400062530276,1615.1535839311534,1621.765201531973,1637.6666666666667
394900,312,"Napa, CA",msa,CA,,,,,,,,,,,,,,,,,2446.964664057811,2473.2368613733884,2506.71568213551,2557.5232006404317,2535.0473761341614,2494.4439331384924,2475.360626379597,2489.980202309727,2504.5069723532583,2542.7280273306346,2535.0059911978847,2557.649759052792,2552.2825218586513,2623.0042711676033,2622.2977652464556,2627.5953699481997,2566.513983115479,2587.8911435127966,2628.761080000524,2698.766686544554,2708.011410943291,2703.150119048863,2687.922718797584,2721.0874812560296,2749.617436288995,2767.4012604541895,2780.6392370910276,2780.048620293358,2756.7365726175994,2726.80495065937,2722.890021616272,2744.9871092739263,2732.2505191989003,2759.9838468398566,2771.704685420919,2797.932623960929,2819.0102086877964,2821.6511997867237,2843.354778286626,2828.4867639884624,2818.6924812968664,2779.2539157191054,2755.1686382296352,2768.6388543591293,2801.0047701393105,2827.6046315563435,2854.174431248069,2853.9308240066266,2891.123151668825,2892.842776067807,2927.6003934965074,2940.6098329342362,3001.3151145761412,3073.8876236511746,3094.765670966449,3128.5758220947696,3107.431672645352,3076.422415364279,3053.8936606044936,3032.077479288809,3133.0713124284575,3124.169119663362,3174.402618589934,3192.9476971762874,3239.2207187355825,3223.811295569218,3197.377865944107,3180.869969060764,3200.602219964479,3185.853030525993,3258.189728831169,3321.769278665741,3414.0067471873663,3402.323769069601,3438.8224048105185,3391.7849462448503,3418.8106558330574,3404.987956466396,3439.8422072676813,3407.1628671755266,3403.9427339869253,3399.755250692613,3439.4308229531453,3489.561253892877,3510.0233189067017,3508.5027905825536,3466.117049606977,3459.125894319475,3537.1025006933737,3536.4098206477756,3518.089375664599,3440.795392325543,3450.4019045029413,3471.779356550537,3514.3371558219114,3541.2439410686748,3572.966190717255,3568.795295813402,3553.831784716382,3570.0111103040645,3546.0278648335175,3532.2610300244173,3524.951661460972,3548.876022130724,3589.1031601940995,3599.3255811412237,3641.804135167031,3643.5583955167854,3616.597606336555,3559.393963776313,3555.1310766077395,3595.9334246214225,3629.0614539861795,3615.8856359019755,3595.6894231675974,3619.440019741771,3600.96248778022,3585.054950548039,3619.5769263874818,3728.8335421060037,3811.759022655708,3770.9400635088787,3761.473528727368,3773.1279602750196
395013,313,"Rapid City, SD",msa,SD,,,,,,,,,,,,,,,,,,,,,,,,,,,,,,,,,,,,,,,,,,,,,,,,,,,,,,,,,,,,,,,,,,,,,,,,,,,,,,,,,,,,,,,,1599.4627013935437,1630.952734880876,1633.0918557134846,1655.62620658375,1649.2312680068478,1686.8505912974622,1721.4007236872128,1674.1174141182962,1686.2799225633955,1697.592224145255,1752.611446149826,1747.8507443722074,1733.4394078683458,1768.2668515723533,1780.5653771551845,1792.8365839854828,1786.5114482544566,1788.4166495393683,1800.2821718545129,1819.3730877899964,1801.1584426741022,1775.302485009188,1774.0746992265645,1801.3805673757938,1848.427282438651,1868.0416156159674,1898.2998418685854,1905.052473635957,1901.2093415923755,1876.2067977030865,1856.984511413099,1863.7731113852246,1884.1725767743565,1896.9242130665943,1877.3034822749878,1879.0330217309986,1880.9071455175185,1909.5404058563704,1934.491668193993,1940.094534874002,1941.3430775484946,1931.4673936308286,1933.5728747255675,1920.3768224714618,1915.2356129525895,1905.8025038126314,1918.7138874369082,1929.3530813450218,1967.6232936866659,1979.4722765223353,1989.0904370149735,1995.807351505997,2032.3560924369747
395139,314,"Sumter, SC",msa,SC,,,,,,,,900.6809582736469,890.86993796525,891.50938595485,894.0157390389379,910.6825132918717,917.7907693320694,923.0411622057084,927.6621866229949,930.8591860275733,939.1316860479919,940.9069062723477,940.8976371852007,939.5310928784767,935.9076774051073,932.3393939219309,931.6943809592798,929.9585237893884,938.4456890320198,939.3345765908366,951.7151067295536,958.4150707723198,964.2584523406691,967.2870717109498,955.8718103688221,958.1066855594448,952.3428124642747,963.8873041662071,963.4191167463538,968.2254611173396,970.4310532349278,973.7799668313206,992.8213906897251,997.228584371341,998.4729937057738,990.3436443777304,995.5501622060995,1009.3947924466531,1010.7953667306413,1012.9961879544106,997.6942944593601,993.9329230709575,990.299544037916,1008.2809962192317,1021.4971810831054,1033.4029047033027,1030.3010245611215,1027.7395730372198,1029.4241604904348,1034.9310844189754,1038.661221276001,1033.5926806160371,1042.1706383851435,1043.0110079609315,1045.155267787777,1050.0839034046658,1056.814777201597,1068.253782221271,1070.2260405303496,1076.8677019677386,1084.6509893092607,1088.9861022692055,1093.8093885367346,1110.4501940162077,1119.6499459968556,1130.0312692419616,1127.1557355571263,1136.9649538786894,1142.0654417623748,1157.0473432721963,1166.837503484256,1179.2362669299607,1181.7597057653816,1181.7587464888627,1194.9274385958108,1210.8405803816904,1225.5795080321975,1217.3662854248737,1263.7471600975264,1280.9157099380566,1329.5920156149455,1324.0091245451204,1344.3495763350854,1342.007215180718,1329.831805593536,1348.4443827666287,1362.770260289675,1365.3776380908737,1353.9241145772498,1364.06229866523,1374.0836586143967,1395.9404037401307,1395.8244264727573,1414.0096086065657,1418.5592250338143,1416.3487311527927,1429.9013159110148,1429.8687721366882,1439.55362626907,1454.9632860445925,1466.2890342444985,1473.4566204441612,1474.5748700126317,1480.1978314301045,1489.280948194299,1487.1747536593864,1479.5671264075206,1491.5055413064852,1493.094591095347,1512.0610255462293,1517.927738624073,1544.0477991425535,1541.4130149821467,1547.5301555049855,1548.9460600018385,1559.4515526337202,1564.1429811966593,1563.6142695345197,1559.0871736660663,1567.969790337416,1566.247059497971,1575.172623555688,1566.3101935849793,1568.2002222399835,1600.0262576000487,1621.303768791528,1626.2218335698553,1617.7682573948093,1615.4162821545292,1622.239650182678,1621.8109069912057,1622.3144270347739,1634.1952662711724,1648.8444444444442
394577,315,"Eureka, CA",msa,CA,,,,,,,,,,,,,,,,,,,,,,,,,,,,,,,,,,,,,,,,,,,,,,,,,,,,,,,,,,,,,,,,,,,,,,,,,,,,,,,,,,,,,,,,,,,,,,,,,,,,,,2026.3608028953122,2069.024144905389,2040.8998288932496,2028.5555882266865,2021.9107535663884,2008.5984326019081,1994.7568987962372,2043.5657973450943,2035.8864219320562,2054.67396554745,2017.2647180550307,2041.9232831708416,2059.5302472949847,2087.9991540830893,2085.1349069607677,2092.3749074717502,2087.4558646730084,2091.144047115372,2123.444352366785,2134.185883288508,2155.913085974987,2099.5669993361203,2076.709415738623,2058.602141067755,2047.489830489315,2082.1821186289835,2099.9981524892714,2126.7175421319635,2146.6827429913887,2150.0575115717115,2180.935693492955,2145.9151171623284,2144.427045940681,2136.436028645375,2070.521152159926,2090.8559245926426,2104.4906644350385,2213.129007470433,2204.290339290339
395117,316,"Springfield, OH",msa,OH,,,,,,,,,,,,,,,,,,,,,,,,,,,,,,,,,,,,,,,,,,,,,,,,,,,,,,,,,,,,,,,,,,,,,,,,,,,,,,,,,,,,,,,,,,,,,,,,,,,,,,991.4313581142391,1001.0134355314083,1033.866498842936,1060.7526474141337,1097.354622252739,1092.4321376251164,1115.0280260850302,1103.6385825229286,1116.835926145586,1098.3472289415256,1097.3755359877885,1104.2382851924376,1093.0350895711365,1116.9260759539006,1126.1475422866974,1198.175218977026,1190.2197756578137,1219.949437898573,,1205.2944807305507,1190.0466456668312,1181.6518551064214,1202.614131923257,1220.731301121799,1226.5001584026134,1225.2182298050975,1214.0576176907398,1188.5714503261554,1212.0055485092219,1235.1417653912092,1255.9316697241238,1262.7303378904544,1247.8323135339776,1296.4245382794372,1290.962339957448,1302.6424133116154,1284.920132356593,1297.624203666471,1300.3333333333333
394668,317,"Harrisonburg, VA",msa,VA,,,,,,,,,,,,,,,,,,,,,,,,,,,,,,,,,,,,,,,,,,,,,,,,,,,,,,,,,,,,,,,,,,,,,1191.5749525832857,1210.6866664572321,1228.6236878565085,1268.1074818934505,1276.794243027201,,1298.6175744139957,1273.2527165349973,1283.226405241507,1273.4959458393305,1299.4566934925115,1301.3289453343425,1330.900058270881,1297.9293555479794,1309.0975561005212,1319.7565451276375,1382.4895430115278,1408.966697672181,1395.6636102215798,1432.929028161378,1440.3749540323613,1467.8914582497844,1458.5003266578863,1475.2705529055017,1501.752708987409,1506.6238772745019,1517.919191960187,1508.8540480320473,1520.8277258683336,1526.5596235165096,1561.2205168346904,1585.399567553368,1594.9755414930469,1602.0140106318947,1607.0566212183116,1596.2151211044004,1580.4068132699863,1570.727325188554,1592.7677718356138,1622.5766199690272,1630.252918858021,1638.9775131444283,1651.7030347977075,1688.9161606959788,1702.533649288332,1702.8321540285422,1707.6519397427426,1703.321784548663,1687.6319861579445,1679.8890582030044,1663.2600062780393,1689.764726891658,1719.2885338215926,1757.9591019982774,1777.6274413389383,1767.959218641802,1782.5829493677384,1772.7688095741732,1778.357586063077,1764.338358753596,1787.161500122175,1779.8226883997204,1822.95527865075,1825.5213138311724,1868.9482704385248,1856.1118636520114,1856.2304112289091,1841.9562433999522,1845.4729175434372,1824.7463811591094,1837.9967113351893,1840.03081232493
394368,318,"Battle Creek, MI",msa,MI,,,,,,,,,,,,,,,,,,,,,,,,,,,,,,,,,,,,,,,,,,,,,,,,,,,,,,,,,,,,,,,,,,,,,,,,,,,,,,,,,,,,,,,,,,,,,,,,,,,,,,1307.8827676120002,1333.0984741477914,1293.604800580973,1330.815326057789,1323.570858995178,1386.6595100367397,1409.01633277495,1459.9888515021785,1448.2412861538774,1438.3486997293592,1435.038308626023,,1474.7839132666136,1478.8753383606595,1486.4018552625605,1469.1969673270426,1446.1348997565517,1447.8943254756243,1446.6973837353548,1468.4878550243147,1458.794814335842,1489.4235418602652,1495.179001259492,1536.5581236685546,1554.6720109000175,1571.4262958525183,1547.8262001881424,1581.0562192147534,1594.414065648342,1610.9572211596396,1559.240578547868,1557.4959887223297,1600.3734565294892,1611.451791791317,1619.8764047642326,1627.8574136406644,1642.4892881404398,1666.5314741428012,1649.2777777777776
395094,319,"Sherman, TX",msa,TX,,,,,,,,,,,,,,,,,,,,,,,,,,,,,,,,,,,,,,,,,,,,,,,,,,,,,,1267.7384181926657,1259.959926847229,1259.5058421403676,1233.0931602832645,1237.6093007834368,1233.3302647812002,1246.8422657813426,1244.868384860855,1257.5259814755864,1256.2426851520427,1270.4384875391597,1274.7326768880084,1297.5035105887168,1299.970206600445,1305.7568929314716,1315.2989998801456,1313.76379005252,1302.0126046530622,1312.285739155183,1330.2416702118571,1374.9665276854168,1388.3254839002152,1397.3880812644063,1414.5161755073023,1447.3202419149293,1481.0010790023616,1459.9686785609695,1442.0601237034728,1444.775171699721,1471.384979195713,1489.5668355853643,1503.1113889498145,1536.7669515412192,1560.2489020837854,1576.620806026813,1569.6575931670484,1578.4112051608,1593.734241084659,1603.5141410981253,1612.5462062627,1599.8297465948237,1601.8498087471614,1592.2399883854944,1592.8122514245817,1598.7124782876836,1609.8333622885775,1617.2700920844095,1628.2859346417595,1632.618750051098,1646.7209754960472,1642.9477906004608,1652.301356889067,1640.6945162787424,1645.3777220908592,1643.7893599288132,1656.4393229187237,1655.475120929212,1660.2941611785177,1660.1575739564905,1669.7901221145964,1671.7503526179385,1675.1625734424808,1674.3595370376718,1667.609409128361,1663.3619247895,1667.6451711741495,1663.681637888647,1670.2532286835583,1670.3525585164682,1677.6295318822026,1685.5542060308483,1696.395297047392,1702.3086180083294,1693.7214469411324,1672.833983199382,1676.9455218661255,1667.0053464874704,1673.318243603276,1647.3589265167957,1655.4113680628573,1634.4228581870689,1652.1021521633543,1656.270698542575,1684.8272492341416,1674.4728371329204,1677.2190705331523,1666.2602952602954
394821,320,"Manhattan, KS",msa,KS,1064.7088000074864,1068.1213140098284,1068.4187669550333,1070.8684444526675,1072.2882004749285,1080.452158694081,1077.698764904377,1083.4567571430593,1081.8303437229454,1078.676804475505,1067.261560488395,1061.6696772769383,1065.2717700242092,1071.2409762732855,1071.3383297386652,1071.2151011524868,1069.858489901237,1071.6070617621876,1073.0860909391397,1072.964475996781,1067.8772889066172,1060.9656743810644,1058.4207447940382,1055.3289248528333,1064.869711012086,1071.8141664964483,1082.9341147892721,1079.7260358440126,1076.59650523491,1071.3182970190703,1075.185162046297,1074.8763023279525,1073.299369057816,1070.873695690154,1070.4025772931484,1083.6107719392862,1086.530808929072,1095.9184701651855,1088.7809370671089,1088.830511431804,1082.8567991225195,1079.8475151509315,1078.3283604509113,1074.4555952915316,1072.6768019967842,1074.5342189595553,1085.0138111454885,1092.9760027680163,1096.7030221656419,1096.6291526554032,1096.7702309891067,1089.9870291389987,1085.9943414155064,1089.0095646994623,1094.0121903599993,1092.6329906844053,1079.7695954222988,1076.4369498955668,1087.638288075624,1106.22370073001,1116.6569351099286,1114.5441483175168,1111.6826064809472,1107.5522299476847,1112.5911955250922,1113.0148640096893,1112.541136881889,1109.9108684048176,1116.0614472112438,1122.4342786492714,1132.5884241842818,1137.406453792723,1143.6921325191888,1142.7535212687815,1147.3719652937502,1152.5919901856798,1155.8008722723516,1152.6580625883305,1152.690097660144,1163.4909828111108,1177.9815652587724,1187.6873381641656,1191.6290807052276,1200.7711833654755,1203.9704228695407,1204.506339643443,1203.8470157368106,1218.1964402462183,1228.4712946435527,1230.823318900742,1230.096523699744,1240.5953242522226,1251.418588732554,1260.7985825775636,1252.698409664718,1254.8352376579426,1247.1376454819704,1250.445639534566,1254.4400606783424,1269.5192330643606,1280.8385167629647,1289.5466233981526,1287.9178987444745,1291.487438973721,1290.2437494409296,1306.1983889836886,1315.9551197519922,1320.975574097697,1321.6954875501713,1317.5039933427267,1325.7090826665528,1327.145924941762,1344.158694541959,1355.6901652573747,1369.399710136882,1373.9602904782807,1382.155484492879,1379.3141777798799,1382.3060600167112,1379.6939587663664,1389.868300792203,1395.3531840153153,1400.2011812046348,1405.8108017865236,1419.2507856752338,1438.085556310752,1452.1701416755807,1457.542397664343,1467.1905920069612,1485.5054248615647,1493.4196922924975,1488.3722869583648,1479.2575537888083,1473.1778338238282,1476.6490313105085,1481.8663553875754,1496.4190640189038,1513.7198000924077,1524.91825723778,1511.1399509803923
394442,321,"Carbondale, IL",msa,IL,,,,,,,,,,,,,,,,,,,,,,,,,,,,,,,,,,,,,,,,,,,,,,,,,,,,,,,,,,,,,,,,,,,,,,,,,,,,,,,,,,,,,,,,,,,,,,,,814.9950565622296,830.482980034261,836.1838179543116,859.4903665627867,847.7316566712148,848.9967855016098,849.2962926803027,862.1599070028554,861.4935265424984,858.0591503644292,863.3036633699481,875.2175899878514,894.2258909501305,893.9552629117012,890.4013979317306,893.8299473202895,895.6943441535321,906.6867876604161,910.3558513468289,924.5174497111581,927.6602496044858,928.4551032826129,928.1180188435899,937.4674523572274,952.8888617179773,954.0527684827849,951.6888572165285,953.6431276044607,965.621616874748,976.7950610910126,974.1252641129321,986.2114940817929,996.933284124954,1001.2775368577458,1007.3877010492447,995.6877372562068,1007.0188649247832,1010.3276200304811,1036.2819743886546,1045.561580524371,1047.6495299026692,1035.7693898636908,1022.1373297740942,1013.8368408670304,1041.9666666666667
394727,322,"Johnstown, PA",msa,PA,,,,,,,,,,,,,,,,,,,,,,,,,,,,,,,,,,,,,,,,,,,,,,,,,,,,,,,,,,,,,,,,,,,,,,,,,,,,,,,,,,,,,,,,,,,,,,,,,,,,853.4178330157466,839.7870340673308,835.0359744760714,828.4349354114761,842.9934124186301,849.9601095763381,867.4945871091156,861.9693100279062,865.0357557218723,848.6261014480705,848.3968011902459,846.8190136382194,858.6211404166079,855.1183240279805,865.7045479529555,880.9915579453428,889.0120547240736,894.8520731834329,893.9985193823019,911.198322074399,913.463393663417,923.2934048710497,918.7669033735909,921.7851180161027,913.7003255551143,894.5240069576852,900.7680482511468,919.4466134089726,944.9345906492773,955.5072848365821,929.3747125523391,933.3043959549028,951.1258320100708,973.8912211040429,988.5970060798807,983.393617531612,1003.6759491935944,1004.6080422898035,993.970325398257,984.1421644966389,978.6111111111112
394728,323,"Jonesboro, AR",msa,AR,,,,,,,,,,,,,,,,,,,,,,,,,,,,,,,,,,,,,,,,,,,,,,,,,,,,,,,,,,,,,,,,,,,1097.1794623668986,1102.8380210922114,1091.268968615777,1116.7825170238027,1115.7802772403832,1137.3153260867214,1125.5334591189483,1143.4535906689496,1157.6086210470003,1174.2938343202986,1177.95975208431,1185.006288820705,1190.216274865124,1214.2965251726484,1206.6888083075075,1214.4673147021683,1205.8080521294753,1224.5815465042854,,,1226.7315289923115,1215.9578973352739,1244.747641462416,1251.5829780885663,1283.8684055229596,1283.9377608682842,1283.5829333070537,1274.7472122376969,1265.9118039613031,1268.6916763021572,1264.9056432378852,1298.2480841907286,1303.9270379671132,1320.4155809482224,1318.487834416515,1333.0092513748746,1340.2174180184766,1346.497897997589,1351.2308905113432,1354.8414604256527,1356.3607231700773,1355.185886055238,1351.4902107521445,1349.6174708371875,1371.9281799326097,1383.729581536204,1405.2942936469706,1403.4477761583903,1415.9113639313723,1404.0658050780542,1415.676335586577,1405.8071159807378,1420.9420372670706,1418.9188955518384,1430.51341177694,1434.1623847799417,1444.3317218166055,1465.4601638180063,1473.1270318922295,1472.579102550055,1466.682066158671,1471.392841679686,1477.2948446052644,1473.737430540463,1471.6860314991168,1482.5952893281672,1471.9541835733532,1480.2585428382906,1473.1774964649662,1497.9045131896096,1522.0216886808032,1535.3974705785092,1541.3593507813564,1532.438596491228
394390,324,"Bismarck, ND",msa,ND,,,,,,,,,,,,,,,,,,,,,,,,,,,,,,,,,,,,,,,,,,,,,,,,,,,,,,,,,,,,,,,,,,,,,,,,,,,,,,,,,,,,,,,,,,,,,,,,,,,,,,,,,,,,,,,,,1460.697287023232,1497.9054452574394,,1513.8893927792794,1531.1874910496022,1572.2527198303744,1602.2068192323077,1557.5133512751422,1591.6537877029461,1607.0928622576448,1640.275848713326,1633.179729503313,1596.922010433192,1658.7840737617853,1656.2448484837073,1691.2530993776122,1706.301431427001,1750.0220248388703,1752.2291448030683,1756.0159850595828,1763.586615973284,1836.3641491566634,1820.165085518591,1823.2118844363617,1786.670934201148,1808.231202584115,1797.4407838796637,1821.1666666666667
394661,325,"Hammond, LA",msa,LA,,,,,,,,,,,,,,,,,,,,,,,,,,,,,,,,,,,,,,,,,,,,,,,,,,,,,,,,,,,,,,,,,,,,,,,,,,,,,,,,,,,,,,,,1494.1948155561736,1473.3507425060948,1504.983133777506,1519.4132351091193,1551.9985341408271,,1542.4643502153156,1533.8749348436845,1542.975363632705,1544.9838053537212,1565.5346868560564,1567.2228178619177,1560.323637819862,1552.0389981374735,1559.3574284430927,1573.5746349661895,1586.482646355749,1598.8923718736073,1595.3382609978814,1598.7880886676346,1603.154742950331,1612.2028542724977,1603.107837858763,1603.1216890676762,1616.2479452124953,1641.4740191566218,1648.851818269978,1648.4620760388793,1641.7334729247252,1636.3496877725534,1626.9588100197961,1633.6707816348487,1660.3178113735878,1686.0349556730196,1702.1767315286286,1686.3810480744535,1675.386912345691,1658.29749735213,1667.0880888051695,1673.8525034668826,1673.3050867906927,1682.9845520581841,1694.742984784477,1686.9724350644306,1670.974082188752,1657.7220076942783,1674.1125077767122,1682.6165026041779,1700.4714776157887,1705.408116922142,1703.7862903894438,1708.4780174556236,1716.7777777777776
394983,326,"Pittsfield, MA",msa,MA,,,,,,,,,,,,,,,,,,,,,,,,,,,,,,,,,,,,,,,,,,,,,,,,,,,,,,,,,,,,,,,,,,,,,,,,,,,,,,,,,,,,,,,,,,,,,,,,,,,,,,,,,,,,,,,,,,,,,,,,,,,,,,,,,,,,,,,,2938.613995828135,2982.365302097328,2802.182331567986,2869.4579057953792,2905.8333333333335
394890,327,"Mount Vernon, WA",msa,WA,,,,,,,,,,,,,,,,,,,,,,,,,,,,,,,,,,,,,,,,,,,,,,,,,,,,,,,,,,,,,,,,,,,,,,,,,,,,,,,,,,,2093.0374076345474,2199.41686718097,2249.2865795076364,2327.905062397802,2278.731775298164,2279.335415413488,2290.098502209944,2313.131874479431,2322.2664393885143,2291.686868022009,2293.643334602645,2314.7507831521643,2330.091959387468,2311.7010042799843,2318.2873909936584,2364.877482865687,2363.2881468208993,2368.429258759347,2408.5531168783964,2453.4471758377126,2458.4165243022467,2421.1449907033275,2425.55239342313,2430.9082806420365,2445.7980869276885,2444.6058421765224,2457.8258435287944,2457.5827980582044,2451.492290138164,2472.6507026162894,2507.8825446627266,2520.27868680043,2535.2293637579633,2537.667690561575,2524.616263697255,2524.1888483113794,2508.406527741279,2509.601656256461,2501.9904360944047,2532.4118987066604,2560.126895489453,2577.9390496779147,2584.6816767303644,2616.616275815455,2665.251047163657,2664.198401987778,2673.5270939298557,2596.313191011804,2521.984960404311,2543.7189134108917,2624.7557234085434,2759.4895284710587,2737.914239607802,2739.813582112173,2725.976076543075,2756.0492661546864,2793.0454067322753,2778.4583333333335
394719,328,"Jamestown, NY",msa,NY,,,,,,,,,,,,,,,,,,,,,,,,,,,,,,,,,,,,,,,,,,,,,,,,,,,,,,,,,,,,,,,,,,,,,,,,,,,,,,,,,,,,,,,,,,,,,,,,,,,,,,,,,,,,,,,,,,,,,,,,,,,,,,,,,,,,,,,,,,,,1800.0
395153,329,"The Villages, FL",msa,FL,,,,,,,,,,,,,,,,,,,,,,,,,,,,,,,,,,,,,,,,,,,,,,,,,,,,,,,,,,,,,,,,,,,,,,,,,,,,,,,,,,,,,1666.8680018821965,1632.8962776730116,1639.9824874985363,1682.4863366154657,1675.100565327284,1712.2497863473277,1689.963090743308,1736.3001561529309,1801.3843709531207,1851.2602776398114,1938.3660654901596,1962.7693977559793,1921.5178594051097,1845.3824794858288,1780.076422045137,1796.3520361567305,1811.0560443592462,1824.0046261082348,1809.9183700011595,1810.2395799231917,1836.8286876066745,1888.776568510105,1937.6479200378399,1960.2632594387453,1948.3977510339791,1911.874471436704,1859.200667630228,1840.1423755128274,1850.0201752937141,1864.9775194633921,1873.0093744881356,1862.0874188776218,1897.5845977798826,1936.6473046829676,1999.8379293116996,2050.8985469739287,2023.0174704270437,1983.4113072762107,1880.16766461222,1843.8306106695973,1830.8141323401812,1864.4177609132105,1903.595452046311,1882.2589805314383,1940.9819199057872,1948.52282840335,2011.444475015772,1975.6673584526586,1995.756943703508,2002.3549316285387,1978.5886973028712,1923.4615299981974,1858.6864806907577,1885.7872293609953,1906.9305785284523,1962.0181818181818
394307,330,"Albany, OR",msa,OR,,,,,,,,,,,,,,,,,,,,,,,,,,,,,,,,,,,,,,,,,,,,,,,,,,,,,,,,,,,,,,,,,,,,,,,,,,,,,,,,,,,,,,,1796.5624634649714,1834.6891575560946,1834.8059336108977,1848.812622770116,1869.5914434705624,1899.643614938747,1892.8189619641785,1931.2839316728346,1945.211944826144,1925.8984867719685,1884.4772512649522,1913.6131886005528,1930.9818713886937,1951.2897673527489,1960.8392614751206,1974.7681599195478,1963.811842827791,1958.2129088239537,1968.2690236794656,1997.698786117945,2007.4911100518073,2004.8599741254748,1986.7295971747938,1973.358876545037,1988.9029081538904,2019.826179324158,2044.168556078157,2028.6848963344264,2041.6239384416292,2042.7394398043848,2085.674959794451,2076.7093732865133,2054.170773662558,2035.9200670967361,2037.445347837278,2063.162513708506,2072.190798969605,2099.369045770919,2087.550721919148,2088.739921657763,2071.9164479971114,2093.7406854366864,2134.7940646907305,2148.2485682626175,2135.8543678798596,2095.9224338475774,2102.3557281892417,2118.220824703834,2126.7088175035706,2118.411541035319,2129.2216522509225,2148.5731157559762,2154.1869050799755,2164.7840909090905
394780,332,"Lawton, OK",msa,OK,742.6162213570129,742.0367619239383,748.2405471034455,747.9325460021489,751.4796982807287,750.1489141769529,751.2923944282387,750.4416409777693,752.6517511437414,750.3419082758752,748.0629430742049,744.0873843557708,743.0102967377953,742.5191041068897,739.8303492912546,741.0509139236967,747.5836038812769,752.984706181157,759.938379898745,756.8317120186009,753.3894861766662,749.4067676373918,747.3634651002358,748.6381042300147,751.287852975116,753.1165020805773,757.1921995043891,755.9649607064986,757.4795525322223,757.5363238887671,759.9275097003291,759.796566290842,762.2447279203697,766.1489612039067,769.937852014725,770.4022716461025,768.3996825016296,769.3710646894212,770.2632664982686,774.5290607658972,771.8522848134645,773.3788772227927,772.9438820660055,779.9893912027604,787.4140301346063,783.7140473328099,785.5461023022756,780.3768795925878,783.8016422767079,781.5789357077036,783.6593657247226,790.8789184741745,792.343315095847,792.9775323005376,791.5827415230004,792.2277702731411,795.011232625934,796.6501371042141,803.0196850856996,805.3292368292873,808.2630866735179,810.7852940583145,809.7165597761666,804.3913245558382,803.1459143018878,803.5600795288616,817.5078878664654,823.4368507891114,825.2396012268255,837.2196400326915,839.4403759906371,866.567461241572,885.4543321876449,903.8771339184271,900.0433625424843,904.1841799388233,920.4478831946659,949.2502088366898,957.1530428912586,952.8132826701851,933.3778000395398,931.5061099984945,941.7656153819914,966.1979023226593,973.887147881779,993.993937157218,1014.5553410899325,1036.63697072414,1038.8907822095641,1047.2448413718696,1039.658888863119,1053.2850007423203,1053.3004198824688,1054.8164407876607,1054.5242224296626,1069.1531062588426,1081.7649707925004,1088.819515179861,1089.8620437312125,1101.637466358473,1102.4121330206485,1100.9596779666654,1092.225291804315,1089.101404050011,1088.9108588123597,1103.3971007953994,1103.3758677607746,1100.5329738229946,1108.7731177387086,1129.2193375058557,1134.2316376215265,1138.4148277348377,1143.9023122549713,1157.4930293800167,1168.3466177554105,1174.1855218368785,1176.2557999328656,1176.648784853098,1181.46845513719,1189.4691038388585,1190.5068562355104,1191.028057878066,1194.4517934242956,1197.1523183909917,1197.6828294397417,1202.2847084322602,1215.0291993408068,1235.3251362195574,1236.890902114688,1234.7961302148092,1233.032335342061,1245.2497568233832,1252.6560432950735,1237.5158742589977,1244.540058963335,1241.2009881539461,1264.3261138071368,1262.730229897515,1269.1884682454572,1271.1318681318683
394474,334,"Cleveland, TN",msa,TN,,,,,,,,,,,,,,,,,,,,,,,,,,,,,,,,,,,,,,,,,,,,,,,,,,,,,,,,,,,,,,,,,,,,,,,,,,,,,,,,,,,,,,,,,,1362.684120960078,1352.5910847570706,1358.0215560495935,1357.5558433885321,1379.8799857883603,1406.4314385394666,1421.7363300010077,1428.54928884187,1435.5035625242008,1458.656876942623,1465.4833359168774,1447.7687917403528,1445.1011890457908,1441.7225168064485,1483.0082072301184,1494.7452053380941,1505.9530463847211,1493.7399578448574,1503.2253439263475,1508.0342781452255,1512.0620373652575,1506.4663682022085,1494.5909945125084,1494.8676008919786,1500.143994581701,1522.036487149869,1539.5489810448773,1540.4094379654198,1527.54663494299,1536.452247314005,1561.8277305416977,1567.2303305202104,1551.7665336755063,1546.778823591543,1561.697345370741,1572.3874539324154,1567.5619664825297,1569.0788000504526,1576.2666308584883,1586.894734640002,1585.067889393764,1558.7254438067625,1541.7509704817996,1557.9568451417208,1575.534838397804,1598.2048448205614,1593.4064466656034,1591.9041988384602,1585.3472747048415,1577.2469624552862,1592.361111111111
395098,335,"Sierra Vista, AZ",msa,AZ,,,,,,,,,,,,,,,,,,,,,,,,,,,,,,,,,,,,,,,,,,,,,,,,,,,,,,,,,,,,,,,,,,,,,,,,,,,,,,,,,,,,,,,,,,,,1446.0181817451783,1408.971061786665,1399.303662583341,1412.8094884012314,1424.7768389907774,1452.2087727553755,1466.1043745748407,1473.7824829581066,1469.6382177363164,1484.8578094442948,1484.459784079737,1483.7573398994407,1476.147122054903,1486.588227811583,1486.7127426872964,1483.6504338837387,1498.786546977562,1517.4000770462321,1528.563770772401,1520.7936839683925,1505.5106015461845,1507.4670562913377,1520.5279904649087,1535.0698850946565,1545.9765997269412,1523.3573739391904,1525.650691115309,1520.9083772708339,1521.1771225059213,1514.4865927220976,1518.5889536047318,1539.226712775476,1551.436159698008,1562.4459369777398,1576.2217939484374,1589.7424143655985,1606.2796312509993,1618.9001734839512,1615.7371037661767,1605.2699743529963,1596.9845049581963,1591.7312828551917,1580.7551877263502,1580.6549813287058,1594.4122451226067,1610.1792609682302,1605.3150432260259,1620.812429541317,1638.4632034632034
394325,336,"Ames, IA",msa,IA,,,,,,,,,,,,,,,,,,,,,,,,,,,,,,,,,,,,,,,,,,,,,,,,,,,,,,,,,,,,,,,,,,,,,,1126.5321600423247,1140.340612827342,1142.7588385498645,1147.8037939006217,1153.8722694273122,1172.9523391074824,1154.5963378840936,1160.3879949922132,1161.6603482951216,1181.9719600415228,1180.565746861519,1161.3773509701487,1166.240264166271,1180.1350740125833,1218.469510112719,1218.7112110037406,1223.9041409527333,1214.7642941261254,1215.8186423585412,1224.1476502352857,1230.6367450027321,1246.016594845303,1241.6593278219614,1223.8028381215977,1223.3364869560328,1237.1503294278637,1268.000208284892,1270.1310500393483,1277.4491382830888,1280.9640801542355,1276.0794116561208,1268.990864632916,1272.9600510318658,1277.0522726033369,1280.2609238659832,1285.080246457854,1308.9251685479287,1323.870645330698,1348.2217833934133,1347.0652456699345,1347.1593603199674,1329.7548282269343,1322.22513103887,1335.2303537765868,1334.5540878463187,1343.4834043686155,1334.9136427768838,1348.2564240955594,1366.2137867281872,1387.663061121448,1410.55626043477,1415.2514741745388,1412.0460983233647,1416.0075497194598,1403.9016330910881,1390.196889015086,1366.056518205157,1380.1549151534093,1414.7448682289732,1424.1456011648522,1433.6947076842662,1430.997397393115,1453.624867512964,1462.7422789817097,1449.2621307622117,1449.2761671567732,1432.1254023340714,1447.1764945639407,1447.2337119943306,1468.7625340460759,1473.8636363636363
394824,337,"Mansfield, OH",msa,OH,,,,,,,,,,,,,,,,,,,,,,,,,,,,,,,,,,,,,,,,,,,,,,,,,,,,,,,,,,,,,,,,,,,,,,,,,,,,,,,,,,,,,,,,,,,,,,,,,,,,,,,,,,,,,,,,,,,,,,,,,,,,,,,,,,,,,1224.2859555689247,1228.4275621627864,1236.1617942590306,1226.7723385862766,1257.7975679453752,1260.9177820513535,1285.8493942451155,1299.0277777777776
395128,338,"Staunton, VA",msa,VA,,,,,,,,,,,,,,,,,,,,,,,,,,,,,,,,,,,,,,,,,,,,,,,,,,,,,,,,,,,,,,,,,,,,,,,,,,,,,,,,,,,,,,,,1490.0762714897442,1496.820129998153,1501.3127538207766,1491.2929336561851,1505.8704301545406,1512.815944209943,1518.8852601027975,1523.0775806230174,1534.9555025495556,1521.8628526034124,1510.9153962079192,1505.9626285702045,1518.1992487133932,1553.1204632444333,1585.8848404301775,1623.296415497374,1624.9521351067494,1618.750357182859,1621.9763990925671,1620.4048145548982,1635.286641495956,1650.1758927061555,1659.0390403576694,1657.7886067896566,1671.3584859604857,1661.8572074880185,1667.334884026564,1672.8719894215121,1717.59608097142,1732.4349772370235,1718.8735480864564,1708.161089702702,1714.5438810633837,1722.2284996658718,1723.1469137145123,1717.6462081357745,1718.5671544582435,1727.9852346834152,1741.6881599308936,1775.5344572214804,1796.0265319882221,1808.2783345401908,1814.8421698025797,1800.1407031827778,1778.8538691011477,1775.7885210020377,1775.4401324168161,1801.9698207524298,1787.8660284699558,1800.7703333505717,1821.3115816396069,1844.8233351370684,1857.148148148148
394353,339,"Augusta, ME",msa,ME,,,,,,,,,,,,,,,,,,,,,,,,,,,,,,,,,,,,,,,,,,,,,,,,,,,,,,,,,,,,,,,,,,,,,,,,,,,,,,,,,,,,,,,,,,,,,,,,,,,,,,,,,,,,,,,,,,,,,,,,,,,2029.4167818269773,2059.0293769944483,2036.5515744466118,2080.9140138807065,2053.0661274197514,2059.1591925461553,2036.8620160083217,2077.4585881246785,2030.0446979273117,2001.5940471897745,1965.7549175343947,2030.5401603373161,2065.3028811999134,2060.692216717507,2060.1884317388867,2092.598432655836,2131.4118508642578,2179.722222222222
394321,340,"Altoona, PA",msa,PA,,,,,,,,,,,,,,,,,,,,,,,,,,,,,,,,,,,,,,,,,,,,,,,,,,,,,,,,,,,,,,,,,,,,,,,,,,,,,,,,,,,,,,,,,,,,,,,,,,,,,,,,,,,,,,,,,,,,,,,,,,,,,,,,,,,,,,,1090.2926512112545,1105.058978391208,1112.6302415791304,1119.298511132764,1128.4674710761442,1147.2222222222224
394905,341,"New Bern, NC",msa,NC,,,,,,,,,,,,,,,,,,,,,,,,,,,,,,,,,,,,,,,,,,,,,,,,,,,,,,,,,,,,,,,,,,,,,,,,,,,,,,,,,,,,,,,1420.6428887777874,1401.4969291453685,1406.3286420528907,1408.4079458827691,1442.692498669686,1453.8737307672714,1456.7231594442014,1466.8260359077024,1471.4724163018236,1478.2505938442594,1486.9764167663957,1469.4349573697739,1487.5215865984103,1501.6090561524086,1528.0554625418033,1537.0037180745214,1536.2186560683988,1534.9742768154103,1543.1198837568104,1554.3187839371774,1572.3400336167233,1551.8668517997207,1560.9531117635797,1575.314428246563,1590.4970297843054,1590.8579235776635,1596.381699131938,1622.6952032711017,1624.2212228458332,1624.8612080444168,1624.7068569620453,1648.6300184835711,1647.534416462706,1673.43333646326,1649.898145223664,1654.8340154912019,1661.0155488312753,1692.2163838013685,1699.3196433762485,1695.9686316015452,1711.9894304800664,1722.1394261278817,1731.0207443272318,1719.851900206091,1725.4440671461548,1728.4144268671928,1740.931664530939,1758.6868006169882,1755.2935953550314,1756.6295039729414,1763.444858642381,1757.4432469206006,1780.4380118674048,1776.6666666666667
394588,342,"Farmington, NM",msa,NM,,,,,,,,,,,,,,,,,,,,,,,,,,,,,,,,,,,,,,,,,,,,,,,,,,,,,,,,,,,,,,,,,,,,,,,,,,,,,,,,,,,,,,,,,,,,,,,,,,,,,,,,,,,,,,,,,,,,,,,,,1487.5775932996771,1544.482713506768,1579.023377389011,1545.109256867589,1561.377213281024,1547.363905232581,1564.0318850141832,1586.2897222036956,1621.4235873111793,1624.250506686533,1611.200855995259,1613.4537290518426,1623.7404508376599,1646.023467693408,1678.1892921687606,1681.0226322893122,1680.1402433666208,1676.3805253332828,1691.881424404631,1696.9444444444446
395120,343,"St. Joseph, MO",msa,MO,,,,,,,,,,,,,,,,,,,,,,,,,,,,,,,,,,,,,,,,,,,,,,,,,,,,,,,,,,,,,,,,,,,,,,,,,,,,,,,,,,,,,,,,,,,,,,,,,,,,,,,,,,,,,,,1060.6230901580502,1070.5855466471999,1094.5707759845704,1105.7761050299614,1158.9318648666592,1160.3837121833355,1154.975712550005,1116.8511798194045,1106.7245812682202,1103.1424544014344,1114.327830127718,1104.7631149819522,1121.9497741086673,1139.9382772584731,1184.8973407439219,1170.8207111405325,1185.3632254144181,1191.9474513907492,1207.941912660533,1171.5419537520022,1175.2935151416782,1172.504444684587,1222.1356609936718,1205.5894349663206,1243.6879109519825,1240.19172598254,1259.089158868553,1239.264962602543,1238.7218964864728,1240.329365079365
395054,344,"San Angelo, TX",msa,TX,,,,,,,,,,,,,,,,,,,,,,,,,,,,,,,,,,1116.5080102794695,1121.7706085034556,1144.4268229971287,1138.7182430809337,1135.1266044191452,1128.5984373183244,1143.1971026010249,1151.9801969738767,1161.1236410787371,1167.8098114201648,1162.1457078874464,1158.4679781511575,1153.4240870274584,1167.906385251831,1170.9097430873815,1180.1452011531385,1179.6978142379387,1194.7393439309799,1196.8932805942395,1210.7129626571984,1214.1369391510618,1227.8844667081144,1224.6135768741176,1219.8921704379543,1216.1187251418294,1223.4991707687584,1232.860514402052,1229.6554563616253,1231.9392931321445,1226.0122824650357,1229.927073756335,1226.0840514725733,1239.649649370554,1252.548743831304,1271.6822772529022,1271.5917908240067,1269.123822451834,1263.797335754349,1264.6557506824643,1270.8076693407768,1278.2419475871748,1296.6583499134417,1302.257076383269,1300.8370505315875,1292.8131243392902,1306.24770307429,1314.384317291311,1317.8637155635413,1323.2446145575782,1346.9947698651122,1358.791073565292,1367.4101430216251,1351.2621375170202,1353.2637018408398,1362.5492130138048,1380.7809879387341,1393.7121012160628,1389.7265684337005,1397.350127773975,1405.0515899580112,1402.8971634069476,1405.960717726393,1403.34419591155,1411.8768075905123,1391.9688965895834,1413.4847677347186,1416.2468660310274,1439.8122192693936,1427.2180020453654,1434.8246623251305,1431.4972136781896,1442.5585483043926,1443.6981757013566,1444.533892673888,1438.2576449846586,1438.145278306603,1444.1998571504732,1452.5235025808686,1469.0543220935099,1479.0726870231833,1486.2081956038933,1476.3340315294809,1477.5186997096232,1472.8440918386775,1469.9284982395795,1472.7833588232154,1469.958138144193,1480.1823501714998,1481.9811192339382,1484.1876821503738,1500.291383386385,1515.7705465305671,1539.8013883109024,1544.7842530270816,1541.788900281674,1532.2189813980933,1525.9352138903882,1531.9536493970386,1539.19512918713,1547.895255550623,1540.825457295302,1547.428000064133,1550.6962089135159,1587.7189657577842,1600.921022340852,1606.6597699264528,1592.4807692307693
395218,345,"Wenatchee, WA",msa,WA,,,,,,,,,,,,,,,,,,,,,,,,,,,,,,,,,,,,,,,,,,,,,,,,,,,,,,,,,,,,,,,,,,,,,,,,,,,,,,,,,,,,,,,,,,,,,,,,,2096.2516959255286,2125.1734931911024,2149.4034385250275,2130.7242478779112,2122.282358882853,2136.0388315321816,2175.240192101945,2199.228688251418,2180.8687072664893,2140.50636267937,2128.07224299581,2174.892148349701,2208.8648683184374,2236.7474380039585,2241.9791132106716,2218.2126764261543,2239.8574954138403,2224.762735934043,2271.776372528838,2265.6982410189494,2302.6813275570917,2315.426460496424,2323.575615891167,2311.44368359488,2277.456747743869,2275.7813349487456,2259.442080865149,2292.7199192396583,2313.573705980119,2326.48655477314,2312.668623900849,2332.6591852840334,2338.486854044169,2338.7852261334697,2298.851633314753,2314.5974968737505,2316.1515220072947,2335.780708080946,2345.0990452146284,2367.0907426170793,2380.742411986071,2387.275426004561,2400.3098627589925,2386.2083333333335
394949,346,"Owensboro, KY",msa,KY,,,,,,,,,,,,,,,,,,,,,,,,,,,,,,,,,,,,,,,,,,,,,,,,,,,,,,,,,,,,,,,,,,,,,,,,,,,,,,,,,,,,,,,,,,,,,,,,,,,,,,,,,,,,,,,,,,,,,,,,,,,1324.6059874370078,1346.3726616927154,1297.5894901699082,1319.9513123956904,1338.0424866805572,1361.549140137949,1393.4769016406926,1398.6929309007146,1403.327759797535,1372.9701148513566,1362.7441162330224,1386.6571870455816,1391.2930660577802,1410.610630384943,1413.2340482726759,1405.5466705300043,1410.5845576061731,1408.7222222222224
753890,347,"Holland, MI",msa,MI,,,,,,,,,,,,,,,,,,,,,,,,,,,,,,,,,,,,,,,,,,,,,,,,,,,,,,,,,,,,,,,,,,,,,,,,,,,,,,,,,,,,,,,,,,,,,,,,,,,,,,,,,,,,,,,,,,,,,,,,,,,,,,,,,,,,,,,,,,,2021.0206857863607,2062.5
394810,348,"Lumberton, NC",msa,NC,,,,,,,,,,,,,,,,,,,,,,,,,,,,,,,,,,,,,,,,,,,,,,,,,,,,,,,,,,,,,,,,,,,,,,,,,,,,,,,,,,,,,,,,,,,,,,,,,,,,,,,,,,,,,,,,,,,,,,,,,,,,,,,,,,,,,,,,,,1152.908944455581,1149.8605944956282,1180.0
394778,349,"Lawrence, KS",msa,KS,,,,,,,,,,,,,,,,,,,,,,,,,,,,,,,,,,1146.5016449261987,1168.0080575204327,1174.9678618703344,1181.8931230304602,1171.4725480037112,1178.1791737287092,1190.565928320095,1187.6406683175408,1182.4429982634927,1168.8826869224204,1174.4713422490277,1191.012184342371,1203.6575421160162,1212.0416119365643,1212.5614159073598,1214.8004614006425,1217.5857508088695,1219.995672069154,1223.7582425661744,1214.4310139505455,1205.6046955688603,1214.7032548371028,1227.6269248662982,1237.9955148171416,1241.4262346647863,1257.9001200966711,1261.4054516209778,1260.4553244750446,1251.0560098028432,1256.9505042585886,1265.965092364588,1260.9367079208666,1268.1750925775482,1280.9850547100386,1289.445455274493,1289.2198520994373,1294.150724946496,1302.516496027367,1297.997285302141,1299.2780473206806,1309.805697309197,1325.4468300704725,1320.2370830403831,1325.6266877306707,1339.4297460161524,1377.3264662612755,1378.3015454055937,1399.6390966192894,1396.7037937169118,1416.5857040460558,1413.9295644928898,1414.4827107052038,1410.870616406697,1412.02984791876,1419.3134228693516,1450.8907125601515,1465.2206327075778,1466.2592496632694,1465.737925099487,1474.9123943910124,1485.2424543708223,1491.7804687621863,1498.0071194342638,1508.3581860527502,1511.2535371253198,1535.181130659774,1557.0458218457884,1576.4334523753853,1585.3812011189207,1593.0472747723654,1612.1556762010619,1611.1030783031938,1604.804953877831,1604.1929480676308,1607.8182015747136,1619.3128572694577,1617.8534310098553,1632.5206633212645,1651.918011277801,1668.5966068242806,1680.9206269698664,1693.3630006252424,1698.835893412816,1700.1303797501016,1713.9700024075253,1745.8675947003658,1768.200611376344,1754.3167987306185,1734.6114083920654,1720.8707926186846,1747.710506546139,1768.7167642217994,1787.2574454897583,1791.3567897442508,1813.7034945976213,1851.181389468775,1899.9430711303173,1902.4062675806006,1867.960857569623,1822.5028682210348,1826.979697467693,1859.3967564110908,1878.5251670591242,1875.6284573096902,1882.394195600916,1888.1778397390638,1907.2393162393164
394635,350,"Goldsboro, NC",msa,NC,,,,,,,,,,,,,,,,,,,,,,,,,,,,,,,,,,,,,,,,,,,,,,,,,,,,,,,,,,,,,,,,,,,,,,,,,,,,,,,,,,,,,,,,,,,,,,,,,,1260.4766183584572,1270.8658614150927,1307.6919509095146,1330.4183410324683,1359.0742286247917,1375.4273601972884,1382.1949066053087,1387.5179487878024,1374.3741023152604,1360.8405908712402,1352.9631450745626,1364.0247531049206,1363.6272091769297,1353.2281318496464,1356.1245813966004,1396.6491171342936,1426.1598372466453,1438.5746372036797,1432.6867761956803,1447.7463933508618,1447.7777825157034,1440.419287711142,1422.6395625217801,1428.7900267266425,1482.1069678889862,1483.552678210231,1490.0438932758962,1457.012924276732,1478.0835897324982,1491.1108335699842,1515.1689353756965,1518.9977792972004,1538.9310683505396,1528.516832775428,1497.9884329102965,1466.7873265971948,1469.681898001358,1493.998839282422,1511.1662573734523,1502.9826565390636,1520.9411825948464,1546.1819782930356,1563.4629629629628
395213,351,"Watertown, NY",msa,NY,,,,,,,,,,,,,,,,,,,,,,,,,,,,,,,,,,,,,,,,,,,,,,,,,,,,,,,,,,,,,,,,,,,,,,,,,,,,,,,,,,,,,,,,,,,,,,,,,,,,,,,,,,,,,,,,,,,,,,,,,,,,,,,,,,,,,1655.802827809522,1645.1226475738179,1708.4256481116277,1642.9606684998769,1708.5808510460608,1699.2957652102166,1785.4461104123839,1756.4285714285713
395089,352,"Sheboygan, WI",msa,WI,,,,,,,,,,,,,,,,,,,,,,,,,,,,,,,,,,,,,,,,,,,,,,,,,,,,,,,,,,,,,,,,,,,,,,,,,,,,,,,,,,,,,,,,,,,,,,,,,,,,,,,,,,,,,,,,,,,,,,,,,,,,,1214.6751291758862,1216.916971286611,1280.215173100517,1243.7360812451082,1252.2487010363814,1261.9881663628867,1260.4813356049165,1325.4591009754756,,1407.0207823930205,1389.800200668342,1367.203336995727,1366.1839576815464,1375.3136182009869,1402.1336170130228,1438.888888888889
395217,353,"Weirton, WV",msa,OH,,,,,,,,,,,,,,,,,,,,,,,,,,,,,,,,,,,,,,,,,,,,,,,,,,,,,,,,,,,,,,,,,,,,,,,,,,,,,,,,,,,,,,,,,,,,,,,,,,,,,,,,,,,,,,,,,,,,,,,,,,,,,,,,,,,,,,,,,,1120.922129674182,1146.4374827871673,1174.5833333333333
394867,354,"Missoula, MT",msa,MT,,,,,,,,,,,,,,,,,,,,,,,,,,,,,,,,,,,,,,,,,,,,,,,,,,,,,,,,,,,,,,,,,,,,,,,,,,,,,,,,,,,,,,,,,,,,,,,,,,,,2236.22643187982,2260.612367151582,2261.4477444271674,2281.8707624925673,2279.600003748825,2266.4502163243606,2215.9149996429187,2201.3822261122837,2195.83382927333,2163.0932769500614,2159.458863111761,2197.084921360758,2267.518271429494,2331.8407085489303,2363.0433505945357,2385.9669558302558,2398.0143262262754,2344.772806176772,2272.588211595042,2185.9766067960463,2192.0932775412575,2241.113950493803,2339.3504465943333,2390.214383476992,2443.172081797146,2437.421523063209,2438.395849945919,2447.7093780714004,2457.2140754729317,2456.731175561469,2424.2866082634587,2417.20540320672,2443.3728127209856,2423.4339803654257,2419.136873430717,2421.085445167641,2490.933677347217,2522.030376313602,2527.9620097634183,2511.4290568181796,2507.5
395237,355,"Wooster, OH",msa,OH,,,,,,,,,,,,,,,,,,,,,,,,,,,,,,,,,,,,,,,,,,,,,,,,,,,,,,,,,,,,,,,,,,,,,,,,,,,,,,,,,,,,,,,,,,,,,,,,,,,,,,,,,,,,,,,,,,,,1525.4424269979202,1514.9403078813639,1507.8111555995886,1509.316657020448,1486.9474259777155,1468.4843578354137,1477.9816677723227,1472.5434733289453,1489.8498177036377,1482.2188516861468,1504.607080435534,1502.974515519434,1497.4086544763477,1551.6147138082733,1560.1977601815297,1546.2183175312632,1505.813784621093,1520.9559126674123,1591.07178245757,1584.4283046886344,1593.7327273191952,1574.9321321331138,1589.4520105734125,1583.98298316165,1623.111111111111
394407,356,"Bozeman, MT",msa,MT,,,,,,,,,,,,,,,,,,,,,,,,,,,,,,,,,,,,,,,,,,,,,,,,,,,,,,,,,,,,,,,,,,,,,,,,,,,2236.26583562289,2294.91036288711,2268.9784877445613,2303.7468837305496,2315.5171464947753,2366.3550681564416,2411.4512043131917,2487.838349601193,2487.2802327495465,2497.5192772576665,2494.0894025155067,2560.5521221084773,2616.808083989374,2673.7228156243855,2658.1444603266104,2689.6894635450794,2688.202999123432,2689.0640956362063,2668.8031254956163,2690.608883228651,2670.6399673107207,2578.806770353046,2541.789082129886,2625.652318627631,2786.4665022521913,2867.6446190835163,2907.7342758432446,2908.3686001820793,2879.656463738108,2796.8316256169414,2758.6397620506236,2748.835589891599,2748.6134651412312,2740.2311150190562,2721.6017276861917,2774.3509924399673,2853.315542615859,2918.2696343966163,2920.6990039901957,2893.421118126376,2901.909531143333,2874.2898443833697,2862.2274897938637,2818.723328722906,2821.1291169375086,2818.8848379671717,2836.733469277031,2847.5247685829813,2849.0748280603407,2877.7944768697175,2906.741645252741,2938.5356584409824,2917.3587124613778,2871.6162962936096,2802.7638580927996,2745.2912385008653,2717.6038253778206,2726.0870188917415,2799.8132781210893,2840.981769730249,2855.494844454196,2870.208580857877,2901.9504395812696,2953.2641115779857,2923.0511530708623,2908.493740745726
394333,357,"Anniston, AL",msa,AL,,,,,,,,,,,,,,,,,,,,,,,,,,,,,,,,,,,,,,,,,,,,,,,,,,,,,,,,,,,,,,,,,,,,,,,,,,,,,,,,,,,,,,,,,,,,,,,,,,,,,1052.9863207513356,1042.696991175933,1041.5600158397435,1047.656143058655,1060.485235926779,1073.7718488434866,1076.274356605652,1081.3083898939353,1093.0104692508794,1088.1899453425528,1088.1624219237578,1095.52794804844,1108.959001088434,1113.6683817479197,1108.939758823394,1117.3230002661326,1125.9972154047866,1136.2192630224179,1141.0829153315954,1148.038926220901,1146.8088564973932,1139.248214479579,1139.2065478503189,1144.9523055082584,1157.4412140667841,1154.5678153773638,1169.1493025836107,1170.4440466478475,1176.8905620127737,1174.5446930580497,1179.0635522229322,1177.8637083077022,1171.1441556410937,1199.364991073868,1227.3340753980526,1245.887222745519,1228.5868286288362,1222.401239916835,1202.2326687534724,1207.3809523809523
394374,358,"Beckley, WV",msa,WV,,,,,,,,,,,,,,,,,,,,,,,,,,,,,,,,,,,,,,,,,,,,,,,,,,,,,,,,,,,,,,,,,,,,,,,,,,,,,,,,,,,,,,,,,,,,,,,,,,,,,,,,,,,,,,,,,,,,,,,1036.9201763985873,1041.414259124081,1070.4093217799818,1082.3074910686325,1096.198100971455,1072.392421543082,1100.160844998834,1134.1326923163642,1164.0139193072775,1149.4237495678972,1130.6380839458461,1085.5521675513578,1094.4147998496853,1111.7726106479574,1153.7927868256131,1140.5843069911139,1138.3184093518007,1144.2165627996328,1136.7324581902806,1108.9803603040323,1120.2234562361546,1173.611111111111
395225,359,"Williamsport, PA",msa,PA,,,,,,,,,,,,,,,,,,,,,,,,,,,,,,,,,,,,,,,,,,,,,,,,,,,,,,,,,,,,,,,,,,,,,,,,,,,,,,,,,,,,,,,,,,,,,,,,,,,,,,,,,,,,,,,,,,,,,,,,,,,,,,,,,,,,,1302.3091057668075,1317.9171361914275,1326.142915433249,1340.4642329376543,1323.4790019354389,1354.5550239455572,1355.5924539691634,1365.0
394423,360,"Brunswick, GA",msa,GA,,,,,,,,,,,,,,,,,,,,,,,,,,,,,,,,,,,,,,,,,,,,,,,,,,,,,,,,,,,,,,,,,,,,,,,,,,,,,,,,,,,,,,,,,,,,,1698.7017508423332,1700.1732155138081,1728.9052762191077,1736.0335830368824,1703.8554172808615,1717.0000742205368,1744.8177852199692,1769.2994897503359,1771.8554971290878,1785.2115700272639,1816.5614727742004,1852.7539162740252,1858.939980014581,1854.3274349683065,1842.8663275951221,1830.3037477136,1829.7223281581137,1808.1379332705856,1830.166817157052,1833.336167746289,1862.3278598770614,1849.0747542352237,1829.1022528559715,1828.911139243026,1826.7485120054862,1842.9599223917287,1840.4441566720218,1825.8000791703093,1841.7341879853316,1866.49793861444,1905.3630300021557,1922.8685416358808,1919.699030281429,1912.2545103369519,1903.5726158497405,1922.330277124648,1914.681676490347,1908.2012449216347,1887.151113302854,1891.9616429652929,1899.0724358491366,1926.7086834607637,1947.616522410355,1960.7083298939203,1962.4452650071926,1996.5506985954235,1972.074472023542,1963.1759259259259
395173,361,"Twin Falls, ID",msa,ID,,,,,,,,,,,,,,,,,,,,,,,,,,,,,,,,,,,,,,,,,,,,,,,,,,,,,,,,,,,,,,,,,,,,,,,,,,,,,,,,,,,,,,,,,,,,,,,,1645.2482314634567,1662.003366992853,1671.0728019315527,1697.727906085377,1672.747457050595,1673.9526931771918,1663.7811663065143,1706.7645195218834,1705.3113886457506,1742.0482846337904,1718.10994236548,1732.304910844533,1717.5590192041807,1735.5544297570004,1741.6463058663169,1744.9227213906338,1752.0070377725544,1768.0564279086157,1786.9720756159224,1790.7494847790958,1778.6667567930695,1780.5467918238924,1781.5637489503513,1779.6059885067896,1765.8347571588868,1773.734889373724,1777.7486841976668,1802.0162668233045,1801.2870575817872,1818.6678278318784,1815.0752795172891,1827.8559491960443,1843.163712169852,1844.3738759686983,1844.114993814132,1816.3529573814099,1803.687223022164,1802.7986675012698,1813.0788833855202,1833.8387326473564,1849.8678299949695,1869.4042604034428,1878.3603676848406,1868.750309819447,1871.517094017094
753872,361,"California, MD",msa,MD,,,,,,,,,,,,,,,,,,,,,,,,,,,,,,,,,,,,,,,,,,,,,,,,,,,,,,,,,,,,,,,,,,,,,,,,,,,,1810.3808525693532,1819.5701399781274,1810.7053688006192,1777.9815781998052,1856.712114069662,1863.5947309511978,1971.6896665299312,1917.6106173345956,1951.8864481181238,1944.6782874819512,2023.111978948322,2025.7841592467669,2002.5722753949642,1994.8638928371854,2005.6735541369787,2031.2785389600078,2049.9274612316854,2089.608524661127,2095.156558005357,2057.889868296163,2030.4737034426407,,2071.559111432738,2100.4622163839304,2115.204281565717,2141.5476127226025,2174.1340809074713,2186.1423079155056,2193.316150351593,2155.229357012062,2188.7371697628746,2173.697260292842,2178.29182859079,2155.6898417166226,2204.540897917279,2238.2786711515278,2278.64700271449,2264.078294472163,2276.709956936749,2254.9145223379223,2254.9025286174724,2268.7006532761725,2296.414802188261,2328.505801687936,2317.521739501586,2293.8376250839738,2321.8417140787974,2341.1860750347364,2365.129656668469,2337.8801930464397,2393.3821888340954,2422.7616277511997,2468.337275750968,2466.091493992874,2419.050124144728,2426.6298509070593,2373.319117035326,2393.7130212000297,2382.7267168354883,2519.4782546423585,2526.7092264524535,2545.9966535026697,2477.2548114814517,2519.152694165095,2521.257575757576
394495,363,"Cookeville, TN",msa,TN,,,,,,,,,,,,,,,,,,,,,,,,,,,,,,,,,,,,,,,,,,,,,,,,,,,,,,,,,,,,,,,,,,,,,,,,,,,,,,,,,,,1366.178819258312,1371.8521428320994,1373.1447289176795,1423.5517053948136,1463.0638249527772,1503.7371493435203,,1522.6525220868225,1518.6503562141397,1518.3120994540056,1545.549609710158,1564.9475973643146,1536.5964465613129,1528.844257452783,1534.444955267712,1559.2170456459796,1593.3434859174986,,1624.3278578429504,1612.97203835383,1606.827095333427,1602.6658015857872,1595.1748510317148,1598.5929693078522,1605.1306646007772,1624.1494423070453,1622.6502777919736,1595.2959256024194,1592.7968098248089,1616.9726532916745,1670.0796142244037,1687.7078716198725,1689.9784982642864,1675.3928660623587,1654.3257501915698,1648.9386002789074,1629.9508598287293,1648.1925005330668,1653.686173730474,1691.3410446964572,1695.1534020118713,1708.4773959890224,1697.612126963517,1727.1514582578404,1731.2354202634842,1730.151872775987,1689.7573898805576,1680.8140046730482,1682.8500641641544,1676.841979448966,1663.0903008562568,1669.0867457291602,1686.3456450345807,1674.5784588836143,1669.233316666135,1680.7337249973668,1731.0984125209286,1763.388888888889
394893,364,"Muncie, IN",msa,IN,,,,,,,,,,,,,,,,,,,,,,,,,,,,,,,610.2944420718807,608.5653250898079,630.4481217129602,633.0288991689014,640.4808258030455,641.7970469163562,632.3365048849115,640.7435034574166,625.6603433810592,636.5706884412389,627.3081406724004,624.9986502676409,622.2224607338808,632.7472542327495,651.1106717771924,665.365781434004,675.9950476223331,687.1633670906158,,663.6997731275751,667.4950621985423,,704.350471781207,695.3360510503239,698.4363916653715,676.3745973983226,692.1642421895198,705.8236376428481,720.1741292994741,716.2730702467322,719.1883371583649,718.4845415862832,708.9342853837112,709.7639245509181,692.3249233991717,699.3945795672888,721.9533394569042,749.6291738236939,772.2245587204429,765.8424714752597,782.5737084954897,,783.7840171262483,783.4015268750892,805.1144606592845,807.2338098739791,792.526753729741,819.8673841007314,814.7163724168114,828.5252627497136,838.9455960649817,869.020408038571,907.2706927798731,891.9470387907745,876.8666466479115,888.0534970572819,901.7571388100046,945.3740208814165,938.4737950500597,962.3290520261695,947.0837330681398,953.3548207839642,941.2877171497715,938.7134743400826,935.7546591746043,941.5054495750918,952.6129655248415,968.434961286983,981.4870135168792,977.9092807839592,975.2664011456899,982.7096732023973,1010.6141807566709,1007.2431417885317,1011.3821700540492,1000.6109529839378,1006.6775456400907,1006.1682215908274,1007.3449743116249,1028.953213326408,1038.0893056429852,1043.5075763357977,1035.5197119404818,1039.664752889904,1066.1891411565912,1075.856194608605,1074.3587713190884,1070.888595019692,1086.10354643729,1087.6301537305264,1093.1658538152794,1092.1217970747864,1094.0556521981607,1100.180948706845,1106.828708664195,1137.567151679928,1143.7775958265513,1161.872461724488,1154.9848146240574,1160.1417646178172,1138.7700377712267,1135.0770412207526,1138.099682281774,1156.8283052820773,1173.412775936198,1181.6914113367504,1215.985701017234,1221.680100983346,1222.1303430294158,1199.4222222222222
394857,365,"Michigan City, IN",msa,IN,,,,,,,,,,,,,,,,,,,,,,,,,,,,,,,,,,,,,,,,,,,,,,,,,,,,,,,,,,,,,,,,,,,,,,,,,,,,,,,,,,,,,,,,,,,,,,,,,,,,,,,,,,,,,,,,,,,,,,,,,,1379.2460128075174,1435.1208215245485,1467.1863509811787,1469.0368375270891,1517.1932139968708,1531.9069764894434,1493.8736603184461,1473.649322679181,1441.1170651522502,1459.3908417394434,1419.9444815056524,1414.4520819818963,1398.8722712704528,1486.4547785690506,1555.2115226141443,1596.2919026221805,1556.906804652533,1549.894368561429,1585.5555555555557
395039,366,"Roseburg, OR",msa,OR,,,,,,,,,,,,,,,,,,,,,,,,,,,,,,,,,,,,,,,,,,,,,,,,,,,,,,,,,,,,,,,,,,,,,,,,,,,,,,,,,,,,,,,,,,,,,,,,,,,,,,,,,,,,,,,,,1750.9402329943741,1767.7447229814077,1758.6215301536454,1766.9388616872695,1747.9080659726526,1715.1051751285213,1691.0719545238883,1717.29005681519,1750.763217991434,1782.243831190821,1791.182232147764,1801.6987766698335,1806.461892016428,1813.632673328718,1847.2555395835077,1850.993832136948,1869.9871374156032,1853.426608069046,1841.5211156233986,1831.6580608426113,1831.7731383358682,1857.353565357447,1865.84266761597,1911.4771198788762,1909.311703889607,1888.9659070108298,1849.9254045034597,1886.8650793650793
394804,368,"Longview, WA",msa,WA,,,,,,,,,,,,,,,,,,,,,,,,,,,,,,,,,,,,,,,,,,,,,,,,,,,,,,,,,,,,,,,,,,,,,,,,,,,,,,,,,,,,,,,,,,,,,,,,1655.7498892036947,1724.7012141445075,1735.6003040672097,1765.7155995308744,1738.9395008894453,1777.0255805834445,1781.2593295983497,1749.748987522666,1687.0590367680777,1686.6939206148825,1733.0287971158002,1790.5164348756628,1777.1756828338691,1761.9685367471106,1736.5598288567294,1783.1294218750138,1799.103713429384,1839.996906639861,1813.4801325186606,1800.4516477544284,1776.7286862822664,1787.9062849366014,1803.9493468875762,1828.2882256039281,1829.2023197659087,1841.131379115645,1830.110332698703,1846.0974022578475,1896.9703614511932,1923.641498927577,1911.9913860703773,1873.117880980253,1880.6871760185657,1880.1259396114274,1877.3153174346946,1861.3383292644096,1881.0772594366151,1874.4405202725889,1916.439631364067,1917.7445472186898,1923.101365791643,1889.1510939328275,1898.0472861576209,1929.854907229885,1909.6759259259259
394734,370,"Kankakee, IL",msa,IL,,,,,,,,,,,,,,,,,,,,,,,,,,,,,,,,,,,,,,,,,,,,,,,,,,,,,,,,,,,,,,,,,,,,,,,,,,,,,,,,,,,,,,,,,,,,,,,,,,,,,,,,,,,,,,,,1525.1680890051414,1550.2689557890558,1572.8836092260442,1580.6723279930363,1570.138194709379,1571.536865233858,1592.544168218241,1620.3532335580987,1604.1405546174879,1584.1469308737776,1566.6691352634177,1582.0634763937726,1602.9482182066088,,1671.7897304529504,1687.0322003113151,1700.3929386425566,1676.4854426496715,1670.7072270788262,1669.747895996916,1709.7908671475168,1692.9461355341932,1704.4623865948013,1692.162727389054,1720.6643405194282,1732.1007587453541,1716.9692589070953,1742.7404545897866,1740.0
394396,371,"Bluefield, WV",msa,VA,,,,,,,,,,,,,,,,,,,,,,,,,,,,,,,,,,,,,,,,,,,,,,,,,,,,,,,,,,,,,,,,,,,,,,,,,,,,,,,,,,,,,,,,,,,,,,,,,,,,,,,,,,,,,,,,,,,,,,,,,,,,,,,,,828.1988204159966,844.0108396839263,,812.1053627118796,794.1726249656281,809.6854235714712,833.2535700699857,851.9711160353652,869.8611189878842,873.7034769366492,871.969920819209,871.8333333333334
395095,372,"Show Low, AZ",msa,AZ,,,,,,,,,,,,,,,,,,,,,,,,,,,,,,,,,,,,,,,,,,,,,,,,,,,,,,,,,,,,,,,,,,,,,,,,,,,,,,,,,,,,,,,,,,,,,,,,,,,,,,,,,,,,,,,,,,,,,,,,,,,1907.612719413804,1957.8309575911028,1989.7313105684354,2017.946223825413,2025.2559989610402,1975.455066964289,1970.0647126816123,1951.5991603191103,1964.517649920222,1960.130097047811,1970.5766461072628,1945.2351570633998,1968.9745649687563,1974.6071960339775,2009.8448913972957,2023.690432313438,2071.059013176541,2060.8333333333335
395023,373,"Richmond, KY",msa,KY,,,,,,,,,,,,,,,,,,,,,,,,,,,,,,,,,,,,,,,,,,,,,,,,,,,,,,,,,,,,,,,,,,,,,,,,,,,,,,,,,,,,,,,1175.4001484895953,1213.0907124476273,1227.3223462139492,,1256.0618494294104,1241.1011066034207,1260.345200189814,1296.4707101179265,1319.2466206367462,1339.328737994287,1330.6461869684128,1327.7982406402944,1342.9517859250473,1339.9152129106062,1358.7154538324107,1366.4922750202481,1375.692995112031,1388.8628969189176,1422.1767669465776,1434.4964709222152,1440.0800491496798,1410.19240826457,1411.0733518549644,1399.0816342282271,1406.019474952491,1419.981031917138,1438.600831917292,1458.2571111411487,1470.068014341089,1478.9198846946979,1472.392661444298,1474.9516479075453,1491.8705435388847,1506.2773781668668,1503.624641411685,1482.9683160122834,1474.4663610130854,1485.775191636536,1514.8329232951655,1524.5762741264757,1536.813488689711,1539.3833241216873,1540.9200218122885,1533.0716148619429,1509.1811145668153,1502.3039644610965,1505.4185553909706,1528.4747303286788,1545.1458577893711,1552.2359549278353,1556.5734648981138,1554.4628328734066,1552.4136035535792,1538.8256373256372
395168,374,"Tullahoma, TN",msa,TN,,,,,,,,,,,,,,,,,,,,,,,,,,,,,,,,,,,,,,,,,,,,,,,,,,,,,,,,,,,,,,,,,,,,,,,,,,,,,,,,,,,,,,,,1320.699387758379,1327.4476517555424,1329.3991698818072,1331.0028873555846,1342.102031779722,1348.4862165722145,1349.1804379749497,1349.8443502596,1377.884251156886,1383.4686188936178,1392.7687228874752,1393.5562436912817,1398.9104342005583,1423.3512240601658,1416.84276493795,,1431.9793022587005,1444.2881670126326,1461.6012626279867,1458.3845561870523,1464.5957466182788,1481.8548082961051,1473.4092563727522,1486.3831966871455,1484.3044686586466,1502.4640937927811,1522.6868921752994,1534.3984776781635,1546.0699680874293,1531.3983638223563,1506.9622805250888,1516.8673451739353,1519.6187012263358,1536.1079131659085,1543.046138173304,1541.324858600386,1571.732461427634,1561.8232637118851,1588.477070971142,1572.3915474748835,1571.985081799578,1591.3261639991592,1600.8135001372314,1618.9155393284325,1610.157103613135,1627.3978222348644,1640.7749395888457,1648.7932411928866,1644.7408610801804,1627.783513524781,1607.5417744942727,1602.5617337382257,1607.7777777777776
395222,375,"Whitewater, WI",msa,WI,,,,,,,,,,,,,,,,,,,,,,,,,,,,,,,,,,,,,,,,,,,,,,,,,,,,,,,,,,,,,,,,,,,,,,,,,,,,,,,,,,,,,,,,,,,,,,,,,,,,,,,,,,,,,,,,,,,,,,,,,,,,,,,,,,,,,,,,,2467.3988112804204,2591.287826543246,2572.4886692459645,2481.3333333333335
394709,376,"Ithaca, NY",msa,NY,,,,,,,,,,,,,,,,,,,,,,,,,,,,,,,,,,,,,,,,,,,,,,,,,,,,,,,,,,,,,,,,,,,,,,,,,,,,,,,,,,,,,,,,,,,,,,,,,,,,,,,,,,,,1849.227730640755,1873.4698262257862,2041.1980773758557,2084.3043531199723,2108.007964187188,2105.8911293535716,2123.6527836318905,2135.4825116005677,2126.9021590297903,2078.581944258166,2069.1477621605027,2084.243218221415,2115.7023399507116,2102.1729035461112,2126.8223900899,2148.950431598389,2268.650310843207,2301.7251998671923,2311.733922223225,2234.833351820982,2199.791657902848,2142.6780239343007,2162.997533943905,2229.4393198937596,2205.486309148136,2358.7314165027597,2389.2145072664257,2537.56618030213,2414.486728940101,2339.6722809404587,2442.1697878970936,2468.5379688314365,2619.8888888888887
394637,377,"Grand Forks, ND",msa,MN,,,,,,,,,,,,,,,,,,,,,,,,,,,,,,,,,,,,,,,,,,,,,,,,,,,,,,,,,,,,,,,,,,,,,,,,,,,,,,,,,,,,,,,,,,,,,,,,,,,,,,,,,,,,,1488.2600738781543,1512.158178114306,1521.0553895049763,1537.4221630781913,1525.5703457151776,1555.4501353656535,1553.280429326796,1586.29070590382,1594.595073354986,1611.6966188481013,1617.5190232482084,1594.2904808303847,1601.1093094784048,1601.7865946420216,1671.6487307636648,1685.2330001150692,1669.220234912628,1626.9460618138137,1673.6817499155632,1717.7709199283088,1756.0961826321595,1700.6449656688326,1692.9362199900127,1727.2881633376874,1750.4319570750724,1783.3745113464965,1790.7098929960055,1842.1872773944526,1862.105323700407,1844.925883018197,1806.6866543775398,1767.0833333333333
394524,378,"Decatur, IL",msa,IL,,,,,,,,,,,,,,,,,,,,,,,,,,,,,,,,,,,,,,,,,,,,,,,,,,,,,,,,,,,,,,,,,,,,,,,,,,,,,,,,,,,,,,,,,,,,,,,,,,,,,,,,,,,,,,,,,,,,1022.3071325323598,990.5142732405266,1031.257949361719,1051.533528151058,1083.2955263590109,1051.0687575791005,1048.4322166246425,1058.6437477912252,1087.9950888697408,1101.5116621303716,1105.6050942988732,1103.1569232485137,1107.7096684482274,1103.6221905801106,1111.831597513533,1116.0655944728621,1109.2047157494605,1121.0422445858721,1101.1813876325034,1114.2364394892195,1107.1074889730571,1113.2360137041414,1135.647314213217,1125.1719486610002,1151.388888888889
394762,379,"LaGrange, GA",msa,GA,,,,,,,,,,,,,,,,,,,,,,,,,,,,,,,,,,,,,,,,,,,,,,,,,,,,,,,,,,,,,,,,,,,,,,,,,,,,,,,,,,,,,,,,,,,,,,,,,,,,,1079.9259778510705,1078.6386503645444,1066.883258057768,1071.0989490850372,1066.0131854658814,1083.5465805164315,1087.8038035880397,1085.3299040638158,1087.428931154573,1091.7512116049038,1151.0581103372958,1184.5974859758146,1204.7257771267416,1170.6386340516526,1138.7832110209993,1125.3996995995515,1100.3711857600144,1094.3529703699874,1097.5752888794689,1180.192412022827,1190.590807781246,1252.6346214193725,1244.3951055070543,1324.5055467070015,1314.7277907867385,1309.9207028516728,1277.8955012825954,1250.8814116059766,1247.873188577873,1226.6856523343672,1272.219604912004,1264.469866333376,1271.987434143053,1244.2089688975925,1267.9632556831568,1278.0223350631572,1280.124841147035,1272.631625454766,1298.366423051519,1330.1699735449736
394630,382,"Gettysburg, PA",msa,PA,,,,,,,,,,,,,,,,,,,,,,,,,,,,,,,,,,,,,,,,,,,,,,,,,,,,,,,,,,,,,,,,,,,,,,,,,,,,,,,,,,,,,,,,,,,,,,,,,,,,,,,,,,,,,,,,,,,,,,,,,,,,,,,,,1630.1334158129155,1565.0064506110548,1542.8944436632012,1534.3756206183632,1570.8198808691411,1557.2830773735925,1568.2421740192829,1600.8435283520723,1645.9040157570907,1650.505699748639,1640.3440765724972,1638.6666666666667
394620,383,"Gadsden, AL",msa,AL,,,,,,,,,,,,,,,,,,,,,,,,,,,,,,,,,,,,,,,,,,,,,,,,,,,,,,,,,,,,,,,,,,,,,,,,,,,,,,,,,,,,,,,,,,,,,,,,,,,,,,,,,,,,,,,,,,,,,,,,,,,,,,,,,,,,,,,1304.4891962547806,1311.404918185353,1323.5227120159732,1279.490739746314,1230.3701216436593,1268.75
394733,384,"Kalispell, MT",msa,MT,,,,,,,,,,,,,,,,,,,,,,,,,,,,,,,,,,,,,,,,,,,,,,,,,,,,,,,,,,,,,,,,,,,,,,,,,,,,,,,,,,,,,,,,,,,,,,,,,,,2250.798628097497,2277.011260383858,2328.844036278468,2333.211257120351,2340.997752992822,2333.0750938874216,2338.8271800719453,2281.791063595552,2268.7313965067583,2250.6625153999985,2275.8441322734434,2289.1470973493615,2299.4744592986976,2321.9252499427153,2380.831276074386,2420.2671034270256,2444.6515586758464,2405.324476099788,2370.2340485802824,2346.7823101528343,2340.1544781948337,2339.8185476808244,2319.0329769507925,2318.7531473963686,2345.5217713152124,2369.625604523087,2420.4256336053795,2438.4222283032386,2473.933770757027,2456.712891272397,2458.8454578891265,2444.3099993554174,2411.9367600557352,2373.4826988693803,2360.3621020814003,2402.755776330539,2435.44068429539,2416.070640277797,2453.9912593166837,2459.3014057005526,2567.068723082171,2564.1866028708137
394518,385,"Danville, VA",msa,VA,,,,,,,,,,,,,,,,,,,,,,,,,,,,,,,,,,,,,,,,,,,,,,,,,,,,,,,,,,,,,,,,,,,,,,,,,,,,,,,,,,,,,,,,,,,,,,,,,,,,,,,,,,,,,,,,,,,,,,,,,1198.682528235042,1224.6725372953624,1232.3872182210202,1249.4929622451175,1238.3412542985518,1214.1064666531183,1235.911816256018,1227.5227971814797,1243.5319721720352,1212.2300908789148,1234.139152931154,1270.5690686710207,1326.2801329830888,1314.6286681997858,1300.045047041962,1287.7295103660101,1347.6442626488645,1339.8272311684325,1312.2305850293744,1264.5833333333333
394823,386,"Mankato, MN",msa,MN,,,,,,,,,,,,,,,,,,,,,,,,,,,,,,,,,,,,,,,,,,,,,,,,,,,,,,,,,,,,,,,,,,,,,,,,,,,,,,,,,,,,,,,,,,,,,,,,,,,,,,,,,,,,,,,,,,,,,,,,,,,,,,,,,,,,,1696.6280512638757,1678.43773870472,1735.6707074392966,1779.0531458556802,1724.364117835351,1714.7944959573952,1695.5108392577235,1829.8333333333333
394794,387,"Lima, OH",msa,OH,,,,,,,,,,,,,,,,,,,,,,,,,,,,,,,,,,,,,,,,,,,,,,,,,,,,,,,,,,,,,,,,,,,,,,,,,,,,,,,,,,,,,,,,,,,,,,,,,,,,,,,,,,,,,,,,,,,,,,,,,1280.1162435212216,1280.2260205185567,1297.9659046848478,1317.5001644046163,1413.1315298548736,1478.604064535678,1489.3029434906332,1442.5891486958176,1394.9853075152305,1389.049349533925,1373.9846402383455,1370.1197154598412,1391.5405105300654,1464.8686836699603,1534.7576478633846,1552.016639285643,1571.9243482872835,1532.490667581408,1572.5016390735548,1412.7222222222224
395166,389,"Truckee, CA",msa,CA,,,,,,,,,,,,,,,,,,,,,,,,,,,,,,,,,,,,,,,,,,,,,,,,,,,,,,,,,,,,,,,,,,,,,,,,,,,,,,,,,,,,,2683.030064253819,2621.399539357312,2636.842355705709,2690.9824503599343,2795.502932984959,2830.8999724398736,2789.038009571932,2741.9189983430856,2749.8310641936832,2801.133645979788,2799.765321960385,2788.001087745645,2773.223983821072,2753.6323760914315,2803.7633170436297,2840.586599283733,2899.773088221941,2881.472181272923,2903.2571407187743,2912.32271845542,2903.2774766842244,2888.587897116462,2875.7057235405714,2888.6451581491433,2859.3543466576766,2901.1663728019967,2906.1310830881107,2954.4680043290305,2967.2781270657865,2968.8581492178673,2974.0627963227003,2930.719858708094,2976.3791501003857,3002.004281068038,3042.082173581772,2994.9928732745707,3006.6649850820727,3006.5083582430825,3045.448523607203,3034.37429996591,3039.5190963086893,3024.9551328966736,3030.9780497369197,3061.4163826060335,3121.1367603642448,3097.1368882679167,3106.117828377713,3036.422644165959,3036.7071391095155,3033.916531230005,3088.617792541503,3133.1707328883176,3138.2499011278946,3122.048965668057,3133.08156665172,3158.070175438597
395080,390,"Sebring, FL",msa,FL,,,,,,,,,,,,,,,,,,,,,,,,,,,,,,,,,,,,,,,,,,,,,,,,954.687560733645,967.4770784390545,975.0573468703857,953.0526025379238,963.0788726514198,958.5745616900102,986.5467766601217,985.232219613385,995.7106720588575,1003.2166153483415,1007.5679665789213,1014.1483856330433,1012.3862565961545,1013.7293508728021,1036.594751140453,1028.8251089550665,1034.1276341411435,1027.9161022791106,1027.96638954517,1049.2874042544263,1047.0791626142864,1074.3411181490653,1076.910288046649,1082.9584441242107,1098.3066000471856,1099.9278428490563,1126.0267524385781,1143.999540503321,1175.496128638864,1186.2921428702023,1206.1364627169494,1210.6881227222889,1221.4538440961558,1252.3160233840983,,1302.8792908887642,1299.839399038827,1313.6758521205627,1351.746308044171,1365.9248511042083,1385.060756682367,1408.7483120422423,1425.4861572598318,1438.6920973577812,1436.1600319849756,1439.1560071096615,1470.5401958224106,1505.9874979530928,1525.5940106788591,1511.9624542975032,1498.195004028535,1499.09703254797,1530.9103792207934,1534.1764220150947,1552.6561604471005,1544.491785794887,1545.9150294441358,1558.3873720960362,1558.6037336391391,1562.2444020973285,1546.6467284413777,1546.3950566152423,1555.7023028612791,1552.7701750416281,1561.8897673339272,1564.4401233007325,1575.555290708891,1575.925235544318,1579.2782086415375,1569.6380451947323,1582.2853297835954,1576.9644872994538,1577.8047566434768,1573.780499995291,1585.5099614555418,1601.8709966196484,1610.4298523454497,1599.0230000472711,1603.0424254932445,1590.741315711751,1604.5376928384028,1606.7300401163,1617.7540830561204,1603.3523616880225,1584.7819343533363,1576.2923790789018,1575.2374625896032,1596.2467680197324,1592.6267956100855,1614.3173768503955,1600.012998544072,1616.0472651814225,1615.6777777777777
394462,391,"Cheyenne, WY",msa,WY,1266.3622438932896,1264.7225594880122,1277.4829032895586,1284.316486066306,1278.8147513234567,1266.801143484111,1273.8836239092477,1276.5815337450774,1287.287134305354,1275.0000506063038,1278.9472698654765,1277.007956308697,1280.3257010288237,1288.4006546359235,1297.0857580450574,1311.6399749579755,1306.6402987179054,1301.876977895416,1293.7219655858305,1293.6485816570419,1300.0619881659466,1299.049923895562,1316.5808424405864,1314.236896004857,1315.4607463770515,1300.1084760691028,1308.421556971505,1318.722804298399,1316.988872447982,1314.4206917016588,1303.9427739246944,1317.6855682687951,1314.6727859669184,1331.3951895197702,1330.806143273737,1345.8658732764331,1336.2165824635676,1336.9699649440365,1323.2280068750697,1319.7786325827938,1332.833171313617,1345.2816111311827,1360.9438635661465,1359.438540887939,1377.2383243470504,1379.098645529486,1391.5720526900193,1383.698753611158,1387.544229564002,1376.7386435490446,1373.3162397621938,1378.1665437882493,1401.271979234127,1418.634720852202,1423.2160944306927,1425.9311309346253,1432.7248771850798,1438.4223874419756,1431.042234697099,1426.6707825825356,1445.7341430307006,1453.4599055017047,1450.4203375376114,1441.2931668172469,1443.1655106731046,1452.6099108954982,1466.2681473149676,1479.3455915493557,1485.248447908558,1493.5105492376356,1497.819734309897,1517.0485587066548,1497.2042845498072,1506.1413443595236,1505.00693630122,1531.9116722578844,1527.4729586014719,1556.2089057128203,1580.4544187044721,1604.579673213221,1625.6439253257518,1644.607014999898,1638.7705930590198,1640.2170413359836,1624.688902209042,1666.5548369754415,1657.8142104464266,1689.3845045249718,1707.4924941814493,1727.726026911803,1734.076647985593,1739.2330560640032,1737.5340870196203,1749.7240922558303,1732.6091317088474,1742.9191103661308,1757.5540156916366,1752.6395340989602,1766.0041188826622,1748.0869509770262,1753.8857668965686,1757.6164864048626,1769.854359110791,1802.839800774011,1809.957365004977,1825.108805491727,1813.1042058303894,1821.4732451113289,1824.9041128137058,1847.8954214134696,1872.624603273112,1879.7626573037887,1892.2280408748584,1887.3103736030644,1895.0072571548822,1893.2230231218966,1892.391886891653,1892.3399778528674,1895.520713498025,1891.404957023905,1883.8694102397253,1899.2358588454122,1916.073508877624,1956.781819597074,1974.8981553657268,1990.9305437717292,2001.337206596074,1986.6073198985068,1973.89405663936,1968.7624111640857,1997.6976889244359,1992.1555644426182,1988.703628207319,1975.1097933458461,2014.9757937464833,2018.305241861005,2059.828744630899,2070.5190076159242,2115.8165682855138,2107.0409356725145
394689,392,"Hot Springs, AR",msa,AR,,,,,,,,,,,,,,,,,,,,,,,,,,,,,,,,,,,,,,,,,,,,,,,,,,,,,,,,,,,,,,,,,,,,,,,,,,,,,,,,,,,,,,,,,,,1203.0568752148683,1227.2231048227882,1222.8528974617755,,1200.24896747203,1212.7986411238035,1263.2820130621058,1295.155446535171,1281.6875241385956,1254.371810773007,1262.6926836079292,1301.7442660397205,1320.625518495967,1311.090235434732,1304.7701338952108,1297.3888825937966,1303.7867521298972,1315.8357140986534,1332.7961434129968,1342.4642235624665,1339.2796531394963,1342.5038990632497,1353.0059704705482,1357.9543333745075,1363.7864499670538,1361.3374395006863,1370.2625451836648,1375.015036002807,1373.505582768408,1378.8731989908433,1396.7807825622074,1402.3515850232686,1397.3257195971241,1403.3061901686242,1381.458855667859,1375.6945386027091,1385.490883689671,1422.8423622611747,1433.792212831661,1414.9539054012996,1418.5639027378745,1437.1226288354896,1455.0354271692122,1468.5686686439149,1474.385684397324,1484.4671671107449,1473.5750345299268,1481.0436195352686,1471.9879842431412,1493.611111111111
395090,394,"Shelby, NC",msa,NC,,,,,,,,,,,,,,,,,,,,,,,,,,,,,,,,,,,,,,,,,,,,,,,,,,,,,,,,,,,,,,,,,,,,,,,,,,,,,,,,,,,,,,,,,,,,,,,,,,,,,1188.2934560212648,1181.2029972301154,1170.6924937927206,1162.889833580298,1178.4902338669647,1181.7522370533768,1186.5947915996135,1190.789210399155,1187.1746884123984,1186.5657634486713,1179.47436012119,1187.5183418278086,1199.6957948100348,1205.0285485865456,1211.5896590187965,1215.4113189080542,1222.7392258133455,1215.5817023407092,1216.8222926613823,1212.9206253715622,1209.7577676807755,1201.1221074613795,1202.4445673154667,1212.666713769951,1217.5508119319443,1211.3010514656462,1225.4872730623217,1225.9002050793513,1246.2916453183748,1244.1900555429143,1243.071609040693,1224.4550659422496,1211.2433664637263,1225.8310557888021,1238.3681238282368,1235.8125059285426,1252.5517780853127,1265.1362454274229,1293.4022715740284,1271.9194805194804
394542,396,"Dubuque, IA",msa,IA,,,,,,,,,,,,,,,,,,,,,,,,,,,,,,,,,,,,,,,,,,,,,,,,,,,,,,,,,,,,,,,,,,,,,,,,,,,,,,,,,,,,1175.366956589768,1190.6464951764215,1212.4579504461963,1239.835610424537,1241.555201829218,1238.3681289022882,1251.9363412179744,1253.9981116966271,1265.3145012521907,1263.243574822613,1255.8138732443929,1244.5721845192081,1227.0250905701748,1261.573500718873,1267.7321615655364,1307.95623425009,1304.8353447880525,1340.099588579315,1326.2788328758077,1341.774669482826,1327.3801909577248,1336.1552046642578,1309.818989246791,1333.6750690465549,1348.0816558467684,1390.345995990845,1397.853245808584,1411.6688067730759,1410.8944753697456,1415.7860837984208,1418.5235151837962,1414.4829928750848,1412.8106108971815,1398.9594487261527,1405.1089580446558,1379.986943226207,1393.3821239677468,1397.0323884920392,1435.3979217363728,1448.8911956760683,1489.923529172013,1513.2093766241485,1532.4307213304821,1517.0355471087307,1520.1954667147177,1493.2988476966748,1459.8534976104013,1440.0371522541698,1480.5086284702995,1502.7562044036113,1522.9521416568768,1516.8168292576386,1560.3248533175663,1570.0559844674988,1569.5630954497121,1552.6347149389583,1560.8333333333333
394852,397,"Meridian, MS",msa,MS,,,,,,,,,,,,,,,,,,,,,,,,,,,,,,,,,,,,,,,,,,,,,,,,,,,,,,,,,,,,,,,,,,,,,,,,,,,,,,,,,,,,,,,,,,,,,,,,,,,,,,,,,,,,,,,,,,,,,,,,,,,,,,,,,,,,,,,1545.5267626571303,1528.4691168693253,1568.1566584390876,1521.2094730697233,1584.2636662791917,1603.3333333333333
753912,398,"Pinehurst, NC",msa,NC,,,,,,,,,,,,,,,,,1364.0768935112492,1359.4807101209628,1363.5020077262636,1364.734274135174,1374.011459733588,1376.5094065916317,1363.951181047245,1364.0697105555287,1345.6516924993798,1354.9679696263156,1342.429877274192,1356.5158377926218,1374.2388967354948,1383.0699328214946,1393.4369181027657,1381.2831014617414,1384.1884454328565,1365.432275522153,1364.87996245154,1368.4904939501246,1380.7691807800234,1387.0063715717743,1402.4968592735852,1417.756208010246,1425.0500942616347,1418.7335467014632,1418.7964813490612,1423.6572333612514,1416.5896204077908,1405.0375629412852,,1423.6010479413408,1419.3665565652195,1414.0665214597418,1425.9628565889825,1459.1136334427179,1471.7381821508488,1472.3753092602224,1459.64071811161,1464.1339549326726,1467.7154341170935,1472.4773127226915,1482.1440008616605,1478.7541897864144,1495.1565399831616,1493.210051382604,1504.9091748983267,1499.0376674551585,1512.8473840414617,1524.7643235101568,1559.695541185182,1555.9790731286478,1557.192407993377,1556.565492680288,1576.8445276408215,1583.897233503461,1604.4542859755122,1620.9363407486194,1611.1416903107765,1621.7115519045524,1643.2017443174527,1707.1305520529747,1735.130201568923,1765.2540330747186,1813.9203495311797,1831.5911137092578,1817.9529980978627,1833.6766831255507,1822.5863773676688,1845.0624458660907,1843.0428973843273,1899.915841272001,1950.1444763442867,1970.3765644137134,1982.8737488599447,1980.6293712321212,1988.1764372105786,1969.6640421691836,1965.2289200904388,1933.1852694004851,1948.0769645130035,1967.441332575366,2004.8420958686274,2029.8791083705107,2031.0106994021335,2042.8625196463681,2034.6852988970593,2061.2316153159086,2059.518915911394,2078.3339011873595,2074.5098713536636,2067.627878569546,2064.1241176951235,2055.9654592715756,2076.1797271005053,2089.940932447334,2116.985655441854,2122.7760833603993,2125.068707684974,2125.930675450961,2120.550031126976,2112.16314252437,2090.8837809841475,2092.574779639965,2098.0580920415696,2097.1257136777754,2115.7018485884287,2119.526192680599,2162.1831887172857,2161.384738524885,2178.0120214936255,2162.1200242474565,2163.3614177873696,2170.6596550766053,2180.9122503540643,2178.467516446769,2184.3590904698804,2182.502267644604,2167.3269400453764,2162.670124679394,2182.1042705414507,2223.131942058099,2227.2782647536606,2217.5972590627766
394953,399,"Paducah, KY",msa,KY,,,,,,,,,,,,,,,,,,,,,,,,,,,,,,,,,,,,,,,,,,,,,,,,,,,,,,,,,,,,,,,,,,,,,,,,,,,,,,,,,,,,,,,,,,,,,,,,,,,,,,,,,,,,,,,,,,,,,,,,,,,,,,,,,,,,,1284.0719001948005,1285.6182377103066,1281.3186748095284,1292.081141933483,1293.4864497380913,1316.3485651737028,1347.3214444520993,1361.111111111111
395190,400,"Victoria, TX",msa,TX,,,,,,,,,,,,,,,,,,,,,,,,,,,,,,,,,,,,,,,,,,,,,,,,,,,,,,,,,,,,,,,,,,,,,,,,,,,,,,,,,,,,,,,,,,,,,,,,,,,,,,,,,,,,,,,,,,,,,,,,,,,,,,,,,,,,1434.7502881135995,1460.217068267382,1511.2070126729188,1526.3329905066964,1516.6808717479144,1528.7580942204393,1530.191317191837,1530.9456319035048,1528.75
395038,401,"Rome, GA",msa,GA,,,,,,,,,,,,,,,,,,,,,,,,,,,,,,,,,,,,,,,,,,,,,,,,,,,,,,,,,,,,,,,,,,,,,,,,,,,,,,,,,,,,,,,,,,,,,,,,,,,,,1461.0916924632393,1449.9498085975931,1471.1220282507422,1516.1542052313036,1536.6884812748133,1504.7077471439209,1474.1387220428892,1454.2051067979137,1437.4487946660638,1448.1833476429147,1451.4136267201545,1500.3211809056272,1510.872023458599,1539.176764828924,1549.7485438575752,1544.9830862489637,1539.0024694335539,1528.967846824853,1550.039114619822,1565.3348590535452,1561.0261922905584,1536.3065056262753,1493.7112013045087,1515.673639831613,1525.2515973008753,1604.6466347843582,1613.7423290723068,1668.4558825629922,1638.8252281100054,1634.5591453903328,1577.9072865877656,1566.803215944461,1548.559001548774,1551.4300831299784,1596.1833562882196,1654.0415320481902,1676.7910026655277,1634.0805898757405,1618.6047776999994,1633.0753968253966
395086,402,"Sevierville, TN",msa,TN,,,,,,,,,,,,,,,,,,,,,,,,,,,,,,,,,,,,,,,,,,,,,,,,,,,,,,,,,,,,,,,,,,,,,,,,,,,,,,,,,,,,,,,,,,,,,,,,,,,,,,,,,,,,,,,,,,,1764.320611228126,1739.51006157494,1711.5142961020254,1746.9275159675526,1746.9187106221516,1766.0515448533997,1798.1116942730891,1839.2007295873668,1788.2810856228389,1819.1445905796809,1845.4563660962924,1931.0375200378744,1925.930212595513,1902.4512646532232,1895.2414181509312,1855.7241120238896,1849.263910258413,1876.6136041750422,1920.431049797384,1919.2114862079873,1939.3194014907513,2240.885243797509,2370.0228758861253,2472.6519578440398,2237.467697606862,2254.722222222222
394882,403,"Moses Lake, WA",msa,WA,,,,,,,,,,,,,,,,,,,,,,,,,,,,,,,,,,,,,,,,,,,,,,,,,,,,,,,,,,,,,,,,,,,,,,,,,,,,,,,,,,,,,,,,,,,,,,,,,,,,,,,,,,,,,,1840.030422600175,1818.0247478289493,1860.0765029207928,1892.9847404614934,1937.8661131883346,1937.4439677583161,1908.7648504074405,1858.3598465655582,1839.510782926148,1836.63812739801,1848.3803121677977,1847.5093232437139,1850.8026634160567,1857.7518008406473,1876.2474895509913,1900.5335887373928,1923.1386316180196,1914.3204984304448,1930.4819546973765,1905.1064194091402,1895.1619367233902,1845.6874009811372,1837.9569078559475,1840.436281017409,1866.6499367353183,1865.605595988941,1865.5267695087234,1881.7419489122121,1900.8511950901232,1900.9900056947668,1899.719696969697
394441,405,"Cape Girardeau, MO",msa,MO,,,,,,,,,,,,,,,,,,,,,,,,,,,,,,,,,,,,,,,,,,,,,,,,,,,,,,,,,,,,,,,,,,,,,,,,,,,,,,,,,,,,,,,,,,,,,,,1207.9013035799599,1239.165095422859,1214.4659922351734,1195.6409826745048,1196.5622615250384,1178.530539865317,1178.7621979966545,1164.4251264436066,1204.678872439156,1247.365582689616,1243.0449354774337,1245.583062999316,1208.7554876340507,1235.916828993477,1233.4795555999565,1252.1141300755596,1241.68553323593,1246.736924943695,1231.6012227865417,1249.286853837703,1245.7719085610568,1269.6057446942336,1288.515369431368,1293.9377723229984,1284.9866406300234,1269.3308241870736,1283.5159466566706,1312.3610832871636,1322.616794873224,1319.0176980109507,1313.4920250717412,1322.4723837651468,1347.0342022399655,1350.9401845130192,1333.8478846293406,1336.1809271337677,1359.3652190432633,1370.7556277612853,1360.4566684618112,1343.0190747190877,1362.087907435929,1362.8510951116316,1378.2806529632253,1378.5604922849432,1391.8412433766673,1395.982142857143
394311,406,"Albertville, AL",msa,AL,,,,,,,,,,,,,,,,,,,,,,,,,,,,,,,,,,,,,,,,,,,,,,,,,,,,,,,,,,,,,,,,,,,,,,,,,,,,,,,,,,,,,,,,,,,,,,,,,,,,,,,,,,,,,,,,,,,,,,,,,,,,,,,,,,,,,,,,,,1531.692406141573,1544.1618278892172,1528.888888888889
394580,407,"Fairbanks, AK",msa,AK,,,,,,,,,,,,,,,,,,,,,,,,,,,,,,,,,,,,,,,,,,,,,,,,,,,,,,,,,,,,,,,,,,,,,,,,,,,,,,,,,,,,,,,,,,,,,,,,,,,,,,,,,,,,,,,1936.5097804985844,1937.2244949213468,1989.5412251003036,2007.4418077183811,2028.9635070833244,2054.390483183976,2060.2671167871013,2037.9709190706749,2005.6220810243387,2007.971356436599,,2055.8774465499937,2092.3916420921346,2099.309084143194,2110.9318307059557,2096.280362559462,2107.1144150055484,2115.424599305528,2120.1993853005147,2111.292472992353,2096.497232052286,2090.932839625291,2097.5809805593676,2122.565071139583,2127.8579529531717,2215.057825801564,2223.4958033201606,2272.6230066370586,2211.7284185210497,2220.555555555555
394410,408,"Brainerd, MN",msa,MN,,,,,,,,,,,,,,,,,,,,,,,,,,,,,,,,,,,,,,,,,,,,,,,,,,,,,,,,,,,,,,,,,,,,,,,,,,,,,,,,,,,,,,,,,,,,,,,,,,,,,,,,,,,,,,,,,,,,,,,,,,,,,,,,,,,,,,,1584.8099202257367,1643.8553812587486,1682.4488383290463,1710.7355360427123,1717.0641535333407,1731.1666666666667
394513,409,"Cumberland, MD",msa,MD,,,,,,,,,,,,,,,,,,,,,,,,,,,,,,,,,,,,,,,,,,,,,,,,,,,,,,,,,,,,,,,,,,,,,,,,,,,,,,,,,,,,,,,,,,,,,,,,,,,,,,,,,,,,,,,,,,,,,,,,,,,,,,,,,,,,,1214.3594192587184,1208.3001343048645,1189.244704402009,1148.4140610820298,1175.460213937442,1148.3740811771502,1190.7260815151099,1197.9166666666667
394928,410,"Ocean City, NJ",msa,NJ,,,,,,,,,,,,,,,,,,,,,,,,,,,,,,,,,,,,,,,,,,,,,,,,,,,,,,,,,,,,,,,,,,,,,,,,,,,,,,,,,,,,,,,,,,,,,,,,,,,,,,,,,,,,,,,,,,,,,,,,,,,,,,,,,,,,,,,,,1753.7905805150074,,2140.394520362583,2437.5
394505,411,"Corvallis, OR",msa,OR,,,,,,,,,,,,1300.73517178272,1327.9144014373935,1361.2342285790999,1375.3450108695001,1364.6772932410156,1371.7175159022659,1377.0021977087779,1394.456315328432,1404.9032711796747,1404.7940068080175,1376.5735725119212,1390.4773370963385,1392.3377698542272,1420.325093820331,1422.0237318466932,1447.1972617333113,1473.3586350362325,1475.5499248960805,1480.0808794211725,1497.8227085716514,1503.0988156300791,1486.7433280526288,1486.764763096129,1456.6886070002065,1465.000137087054,1467.0126055711762,1509.982898629947,1535.6044484950298,1546.3505816154513,1563.4487020462254,1582.7769192593282,1597.0312715786674,1597.261799792827,1583.9821956488493,1559.726818075855,1555.3489449807246,1571.238432287361,1586.675894638035,1594.754509093147,1605.3974329663033,1628.5746948448786,1644.3300229937836,1646.7817971363281,1662.8601690764858,1681.8282987361654,1673.3086287257295,1616.5883901117104,1599.1621020877055,1593.5012876637263,1642.282876167589,1651.0644995079072,1682.0157106631448,1666.8261943998525,1661.90947771292,1671.61472966203,1676.360542192693,1722.4950709980976,1716.7557235992242,1714.4522398254016,1689.6237201769925,1702.7860742920313,1738.6158861408946,1736.7713853487687,1749.4182598011682,1775.3682135053687,1826.419639050216,1845.1996304080374,1869.1986972608586,1898.3986928832455,1928.665815740558,1967.0209548981857,1954.6168042926165,1967.2267509566138,1933.7712082343646,1941.9617893748905,1936.2143344968993,1957.0498705605357,1974.4498693913274,2017.3587777426735,2042.8795489988552,2084.3154264763016,2101.3347046352114,2131.470488998144,2143.0971267008567,2146.3206389623133,2151.1671560190443,2132.7852959362403,2128.8163337322358,2129.0668851148534,2148.1319715053355,2181.5718024111707,2193.5726399905066,2228.8791644252865,2240.33747034229,2251.3444119437363,2237.0745758935896,2225.8037947516045,2242.0555190378554,2251.5150513415533,2286.0795182183742,2290.3966173312824,2310.8256801772723,2311.1764265339716,2326.1337944550364,2334.8061774499083,2331.1061267314167,2320.0306790822638,2293.0684079287203,2273.074921125505,2325.821193104518,2364.6881760945366,2407.624157309349,2387.9771433529127,2387.1745714270187,2384.980689562592,2389.2748466013886,2401.5987876273925,2423.592253082964,2398.696712037414,2362.716108338831,2382.232344070824,2476.0650875646243,2586.026599674625,2607.0182257852402,2560.027180848698,2519.668190144174,2490.2626923572034,2492.1631325946087,2489.2357843137256
394988,412,"Pocatello, ID",msa,ID,,,,,,,,,,,,,,,,,,,,,,,,,,,,,,,,,,,,,,,,,,,,,,,,,,,,,,,,,,,,,,,,,,,,,,,,,,,,,,,,,,,,,,,,,,,,,,,,,,1325.9010940792966,1335.0807002201784,1338.466733623815,1369.6236402562818,1379.1720857620562,1365.5487910723928,1352.407997528568,1343.3956395843418,1359.8573469885707,1368.1312520261126,1375.7812384526912,1353.735427056116,1356.517805634386,1364.5197969355195,1387.140313877781,1407.4379114590834,1421.4259951056588,1450.5631865476307,1454.6502943332455,1442.2303979609396,1427.7777832371867,1403.8009388350388,1391.252701022727,1392.3196030322533,1395.4134270239488,1408.4467865307045,1424.4995624405653,1458.7394140657261,1481.8843519879329,1491.059620896558,1499.6674051074626,1521.2689094986326,1490.9480583428108,1463.9216753225242,1448.3430890953366,1455.0368367044805,1462.0806865604097,1453.323941047635,1468.4359221346447,1484.804507790769,1532.3829998308186,1550.0722125997122,1553.5064935064936
395140,415,"Sunbury, PA",msa,PA,,,,,,,,,,,,,,,,,,,,,,,,,,,,,,,,,,,,,,,,,,,,,,,,,,,,,,,,,,,,,,,,,,,,,,,,,,,,,,,,,,,,,,,,,,,,,,,,,,,,,,,,,,,,,,,,,,,,,,,,,,,,,,,,,,,,,,,1011.9912271490086,1025.3240520008585,1071.194810387167,1078.125452352617,1060.1687862067774,1079.5
395175,416,"Ukiah, CA",msa,CA,,,,,,,,,,,,,,,,,,,,,,,,,,,,,,,,,,,,,,,,,,,,,,,,,,,,,,,,,,,,,,,,,,,,,,,,,,,,,,,,,,,,,,,,,,,,,,,,,,,,,,,,,,,,,,,,,,,,,,,2262.3404068261007,2247.7148171171984,2233.642796813203,2226.377879933368,2255.107167279919,2339.0261115970934,2355.0810064511384,2360.802779363425,2352.7630699128167,2344.5987196403253,2363.0223559244882,2351.103457792577,2371.9117510855494,2344.127776741701,2311.494473135958,2433.83077297198,2483.6701420686613,2545.0371493687203,2456.0016869817364,2398.8260659160956,,2444.444444444445
753887,417,"Hermiston, OR",msa,OR,,,,,,,,,,,,,,,,,,,,,,,,,,,,,,,,,,,,,,,,,,,,,,,,,,,,,,,,,,,,,,,,,,,,,,,,,,,,,,,,,,,,,,,,,,,,,,,,,,,,,,,,,,,,,,,,,,,,,1684.8271417732942,1662.3075014778174,1648.8927642329108,1662.422437147311,1662.7469973661593,1671.9936383218785,1652.5447778784476,1646.3320881135069,1621.8677902066518,1664.0574123746692,1702.1468448721482,1700.8085817470858,1677.8497845529123,1700.535417219343,1725.4316352294159,1715.0478754741373,1674.8568872399692,1676.7412805148867,1641.320855783775,1626.1394587181073,1653.890313789967,1707.5774876782712,1768.2218873342458,1762.111111111111
394469,418,"Clarksburg, WV",msa,WV,,,,,,,,,,,,,,,,,,,,,,,,,,,,,,,,,,,,,,,,,,,,,,,,,,,,,,,,,,,,,,,,,,,,,,,,,,,,,,,,,,,,,,,,,,,,,,,,,,,,,,,,,,,,,,,,,,,,,,,,,,,,,,,,,,,,,,,1227.428934642463,1248.7492282398437,1242.567350354224,1257.462991640444,1262.6277894286955,1254.6666666666667
394964,419,"Parkersburg, WV",msa,WV,,,,,,,,,,,,,,,,,,,,,,,,,,,,,,,,,,,,,,,,,,,,,,,,,,,,,,,,,,,,,,,,,,,,,,,,,,,,,,,,,,,,,,,,,,,,,,,,,,,,,,,,,,,,,,,,,,,,,,,,,,,,,,,,,,,,,,,,,,,,1312.5
394980,421,"Pine Bluff, AR",msa,AR,,,,,,,,,,,,,,,,,,,,,,,,,,,,,,,,,,,,,,,,,,,,,,,,,,,,,,,,,,,,,,,,,,,,,,,,,,,,,,,,,,,,,,,,,,,,,,,,,,,,,,,,,,,,,,,,,,,,,,,,,,,,,,,,,,,,,,,,,,,994.9207536836483,984.275
394641,422,"Grants Pass, OR",msa,OR,,,,,,,,,,,,,,,,,,,,,,,,,,,,,,,,,,,,,,,,,,,,,,,,,,,,,,,,,,,,,,,,,,,,,,,,,,,,,,,,,,,,,,,,,,,,,,,,,,,,,,,,,,,,,,,,,,1763.8647959097484,1736.6589856245366,1712.3461057637649,1688.4541490951435,1683.2489295253542,1681.075099948402,1658.1289271333583,1681.0115252680089,1711.8714844680999,1772.4764870026522,1782.647588198296,1822.4197571017269,1817.144744791733,1787.3197763396472,1752.0586257252785,1746.5872629891594,1775.1776588478654,1767.6203948006678,1789.6619651005458,1805.6127627909273,1798.7880133317315,1797.525410225264,1808.7842495889756,1838.7345202866054,1853.3481609199046,1831.1416074012989,1833.6507936507935
394511,424,"Cullman, AL",msa,AL,,,,,,,,,,,,,,,,,,,,,,,,,,,,,,,,,,,,,,,,,,,,,,,,,,,,,,,,,,,,,,,,,,,,,,,,,,,,,,,,,,,,,,,,,,,,,,,,,,,,,,,,,,,,,,,,,,,,,,,,,,,1441.372489431939,1465.3581857567156,1456.4395699309919,1462.7193405050334,1453.0819551049487,1477.2028559531875,1459.5582734756692,1455.5627405299695,1434.8856691802723,1447.1318571441968,1453.6143855251025,1465.8899488169807,1489.6831911835861,1477.2325444575922,1484.1380101401076,1503.9438062105958,1529.6259722698876,1540.5833333333333
394809,425,"Lufkin, TX",msa,TX,,,,,,,,,,,,,,,,,,,,,,,,,,,,,,,,,,,,,,,,,,,,,,,,,,,,,,,,,,,,,,,,,,,,,,,,,,,,,,,,,,,,,,,,,,,,,,,,,,,,,,,,,,,,,,,,,,,,,,,,,,,,,,,,,,,1460.62536339272,1484.7739383465641,1496.0704925545162,1472.5937624627124,1446.6708443269258,1447.3798789337732,1455.4008182255347,1483.7863615527722,1479.8797113610137,1456.6666666666667
395248,426,"Zanesville, OH",msa,OH,,,,,,,,,,,,,,,,,,,,,,,,,,,,,,,,,,,,,,,,,,,,,,,,,,,,,,,,,,,,,,,,,,,,,,,,,,,,,,,,,,,,,,,,,,,,,,,,,,,,,,,,,,,,,,,,,,,,,,,,,,,,,,,,,,,,,,,1140.4500876522259,1204.3112931134583,1235.9775597781588,1165.830670818106,1147.1345370776908,1176.6666666666667
394907,427,"New Castle, PA",msa,PA,,,,,,,,,,,,,,,,,,,,,,,,,,,,,,,,,,,,,,,,,,,,,,,,,,,,,,,,,,,,,,,,,,,,,,,,,,,,,,,,,,,,,,,,,,,,,,,,,,,,,,,,,,,,,,,,,,,,,,,,,1030.3269955565027,998.0991655048347,1035.3621348625707,1049.250612281806,1109.515394014941,1102.3997649426974,,1113.4745196277568,1085.5875813808823,1088.3647081049457,,1185.3226284026446,1218.7821616520894,1220.605098244478,1249.8619107418244,1230.1094073844886,1182.9415064226666,1174.5050451241957,1187.2415484979242,1193.75
394925,428,"Oak Harbor, WA",msa,WA,1183.390582391224,1210.7594945335784,1225.6015259914307,1269.1617535356254,1278.209394703751,1300.5016917632804,1286.4380414867114,1297.7138758241647,1303.7518548950525,1304.8143490639416,1313.8571414350056,1315.2845737185858,1335.9568606551666,1352.2890159520518,1382.650566953497,1413.5684010224647,1420.2528710956612,1431.5999800547359,1435.405244534813,1443.9574626152548,1444.963438986049,1449.4129489378697,1451.2151744478472,1464.741848850317,1466.8498405366847,1483.054222923197,1479.6078822371665,1520.401278039156,1546.3836484744784,1579.2746525056154,1582.149137789223,1573.4851823365495,1577.9176949990328,1562.5179099691165,1567.1402186312903,1567.188056257518,1577.3065719242454,1576.802353316075,1587.4885716555223,1596.467285335305,1623.2982937222732,1642.8251240817954,1638.3783148539471,1638.0942351196584,1634.893266473878,1659.9444049963076,1655.481566590778,1643.047395051336,1646.9479270945899,1657.4337283175032,1673.2630867080459,1660.052244842362,1674.2907003416894,1684.020065223912,1704.668328531995,1707.0120112893505,1739.7053176302684,1742.1951701999526,1763.2253846714164,1736.3490090737557,1742.4818545819485,1715.6413403277772,1712.4867500414734,1695.0392235622996,1723.1478881798957,1742.3619807703053,1793.4796305128164,1814.7788145781742,1841.8106439133396,1829.7974085934954,1812.935444575136,1825.5430442576169,1851.6478153426774,1862.277109034453,1858.4348002527904,1865.4671607643006,1922.8427966191928,1969.1329363586508,2041.5343989272892,2056.7864122455035,2084.552464277855,2049.9453678827954,2034.5073396611429,2024.0203433335728,2013.12677020684,2044.305048954115,2059.4927450736436,2127.913024613996,2135.7019251345046,2168.8350701231607,2199.8200762502265,2229.9459971584906,2211.3536767541727,2204.357628055348,2222.675230116004,2226.958366595152,2198.4264987272118,2201.036232438785,2257.26673308873,2307.4946021676956,2362.427329447081,2386.189835945537,2392.927458002811,2370.8228504839067,2334.3821525880403,2318.081460998563,2326.380918728498,2360.025134066308,2387.662011662118,2365.303586719903,2354.1222689994584,2380.5467962755474,2422.9942819999196,2459.387487491825,2478.246821043382,2488.364720219907,2493.7478699460407,2470.151469206899,2487.056515732718,2479.6246840876097,2479.450805536813,2461.108069243237,2477.7346303500003,2503.1353516150075,2534.0961072554146,2558.352274847692,2575.7303830035335,2570.4119868399175,2571.7197049632277,2603.0231560002203,2619.2122868223373,2600.674338588704,2580.1580360598255,2622.083082496335,2647.2719140448926,2669.302413947584,2635.5981543991174,2673.3128875498664,2677.523699085426,2687.842929292929
394942,429,"Orangeburg, SC",msa,SC,,,,,,,,,,,,,,,,,,,,,,,,,,,,,,,,,,,,,,,,,,,,,,,,,,,,,,,,,,,,,,,,,,,,,,,,,,,,,,,,,,,,,,,,,,,,,,,,,,,,,,,,,,,,,,,,,,,,,,,,,,,,,1228.2503066090096,1233.431368054343,,1195.8075513014683,1201.9586416416478,1222.2488685443027,1252.1816357935347,1211.8692157661226,1209.174815776999,1160.2270759523446,1184.9680155467267,1220.8592944823777,1245.6357384536252,1251.7212543122391,1264.7106854283106,1318.4166666666667
394644,433,"Great Falls, MT",msa,MT,,,,,,,,,,,,,,,,,,,,,,,,,,,,,,,,,,,,,,,,,,,,,,,,,,,,,,,,,,,,,,,,,,,,,,,,,,,,,,,,,,,,,,,,,,,,,,,,,,,1404.7924077797902,,1408.9433741518403,1396.8246656155127,1428.0462434590609,1444.9008039043595,1447.6663920591152,1448.663948462325,1443.6404332459988,1441.5065107129649,1429.9876124439645,1444.965970398295,1474.2008972151368,1482.8952997058655,1495.862234526397,1506.1566994048517,1552.0711501251683,1578.0252952967123,1567.7243214767761,1563.2459679620238,1525.4272858538845,1535.5214259422953,1535.8254004793864,1586.5737296498744,1590.3602742883504,1606.5141847073771,1595.3325072850414,1624.7186008057406,1639.786531897,1638.7284230278246,1649.8711534980328,1642.0228060965258,1634.472526278188,1649.9163515310086,1633.1332325063872,1664.7537695421554,1698.1056510163003,1728.244157808196,1761.9762841718407,1707.5360048842049,1705.0681025732165,1691.8333333333333
395042,435,"Russellville, AR",msa,AR,,,,,,,,,,,,,,,,,,,,,,,,,,,,,,,,,,,,,,,,,,,,,,,,,,,,,,,,,,,,,,,,,,,,,,,,,,,,,,,,,,,,,,,,,,,,,,,,,,,,,,,,,,,,,,,,,,,,,,,,,,,1228.9069248939015,1231.3058583960387,1239.4701006825787,1242.1970427227016,1244.9737059236581,1237.943396545284,1221.0796949838323,1227.0266979958246,1235.11051920211,1295.7251488547467,1306.5266095703444,1340.1049355581115,1299.0437964488883,1290.4786135520528,1271.4142543698956,1291.7063763110789,1311.463026102286,1319.4444444444443
394704,436,"Indiana, PA",msa,PA,,,,,,,,,,,,,,,,,,,,,,,,,,,,,,,,,,,,,,,,,,,,,,,,,,,,,,,,,,,,,,,,,,,,,,,,,,,,,,,,,,,,,,,,,,,,,,,,,,,,,,,,,,,,,,,,,,,,,,,,,,,,,,,,,,,,,,,,,,,1064.811014043503,1150.0
394859,437,"Midland, MI",msa,MI,,,,,,,,,,,,,,,,,,,,,,,,,,,,,,,,,,,,,,,,,,,,,,,,,,,,,,,,,,,,,,,,,,,,,,,,,,,,,,,,,,,,,,,,,,,,,,,,,,,,,,,,,,,,,,,1439.819410238936,1491.9153947712855,1520.4222184130301,1530.8688787174444,1542.6594955093203,1509.4076702519783,1542.5884903583642,1521.8667178673788,1554.3394668247633,1525.8218815900589,1558.1787514964797,1547.050059891361,1559.8459878357698,1616.634309949479,1645.2966543764067,1686.7284231452006,1676.2076380891474,1679.390530576565,1685.544551712296,1631.8574494419272,1589.1692947598258,1581.6961952105182,1600.1469751875036,1661.3288669721653,1649.240582941219,1642.404905854773,1636.9587940556955,1687.474490891111,1749.3944493091242,1779.4722222222224
394755,438,"Kokomo, IN",msa,IN,,,,,,,,,,,,,,,,,,,,,,,,,,,,,,,,,,,,,,,,,,,,,,,,,,,,,,,,,,,,,,,,,,,,,,,,,,,,,,,,,,,,,,,,,,,,985.9522388851254,981.4752702297363,972.905974135689,956.7531369772069,947.6284006745063,955.7860761477003,970.6712190613696,979.0741641454158,967.315184529986,982.5289162732327,996.5538235851272,1039.797136058257,1042.2309795106914,1067.3003370724905,1063.506638978381,1060.8318475920182,,1072.2110769009844,1093.8090904272112,1110.0309366810234,1119.315974004777,1154.6575576450848,1171.0010505081325,1203.6220439455333,1215.2969178157125,1212.3089456412972,1204.6570983325082,1193.9784291216633,1205.208649250014,1221.5198906990024,1238.2631398143674,1242.342003707242,1235.3390709618293,1225.4929030409583,1222.7580320642642,1219.7710640635107,1221.8424718831543,1232.2159746828893,1240.514170627432,1255.5520769634898,1241.1365682628127,1239.3899686585585,1220.4386193907126,1256.2095717836671,1275.0804162953912,1277.213703552444,1269.8659063837308,1283.0030071217886,1313.8690476190477
394395,439,"Bloomsburg, PA",msa,PA,,,,,,,,,,,,,,,,,,,,,,,,,,,,,,,,,,,,,,,,,,,,,,,,,,,,,,,,,,,,,,,,,,,,,,,,,,,,,,,,,,,,,,,,,,,,,,,,,,,,,,,,,,,,,,,,,,,,,,,,,1393.5531344632614,1364.1558381305622,1379.7760529221716,1377.9207459292036,1392.5778067864917,1355.7211358792717,1357.07018718098,1356.1222321965345,1330.6180229994218,1316.2476396481802,1373.1612600519047,1435.0790334091698,1460.135231638432,1443.783621218052,1455.0010374752178,1457.5346535148944,1440.5011977629363,1435.0529254558292,1433.056236568352,1438.3333333333333
394941,440,"Opelousas, LA",msa,LA,,,,,,,,,,,,,,,,,,,,,,,,,,,,,,,,,,,,,,,,,,,,,,,,,,,,,,,,,,,,,,,,,,,,,,,,,,,,,,,,,,,,,,,,,,,,,,,,,,,,,,,,,,,,,,,,,,,,,,,,,,,,,,,,,,,,,,,,,,,897.3382507032238,925.0
394675,441,"Helena, MT",msa,MT,,,,,,,,,,,,,,,,,,,,,,,,,,,,,,,,,,,,,,,,,,,,,,,,,,,,,,,,,,,,,,,,,,,,,,,,,,,,,,,,,,,,,,,,,,,,,,,,,,,,,,,,,,,,,,,,,,2010.9489846096556,2035.0931907968982,2049.7133442549225,2082.315472727915,2073.9974948556815,2085.008766289633,2033.9298367436832,2035.770866615784,2047.1415825176152,2069.7692321406694,2048.4902966549093,2062.7305764132334,2118.434755610926,2155.7456811203924,2181.695868194425,2139.2660977333194,2135.4722795476237,2100.7940236864692,2096.380486122468,2076.6164058066392,2070.564241515229,2116.5253926638056,2113.8234558814133,2147.3371884141256,2146.3468398023883,2176.8662478586534,2157.777777777778
394744,442,"Key West, FL",msa,FL,,,,,,,,,,,,,,,,,,,,,,,,,,,,,,,,,,,,,,,,,,,,,,,,,,,,,,,,,,,,,,,,,,,,,,,,,,,,,,,,,,,,3475.4583674546084,3416.6231465128153,3469.36612002054,3522.958715489494,3612.633408813998,3583.990575208699,3749.6690700947593,3746.9295606725345,3816.7888030144222,3868.018053169084,4036.7130865273953,4116.379465767618,4097.598872584591,4021.6605699521156,3941.05201095493,3910.2430843849957,3911.557686281948,3947.12545983476,3945.5909120045617,3897.514770600427,3916.987002703831,4035.4488916338732,4141.527223421389,4044.2123011191197,4023.9310821459912,4033.993410841337,4141.133753803586,4094.632218877795,4057.920063890972,4056.63438784472,4029.9526114759883,4058.1778001109924,4082.979571643507,4091.50147589711,4124.707118526963,4206.002113188037,4245.46051031736,4298.120881755182,4244.451314755915,4101.773453484275,3961.002254062293,3944.004311657402,4056.12629963906,4123.2277930311175,4137.902378159856,4173.098361240223,4212.86601944737,4229.197476787123,4250.514337858434,4237.05086487889,4185.792439382499,4206.776752234519,4281.822787296149,4311.866535633676,4296.293240006526,4248.402826854548,4247.171122994652
395145,443,"Talladega, AL",msa,AL,,,,,,,,,,,,,,,,,,,,,,,,,,,,,,,,,,,,,,,,,,,,,,,,,,,,,,,,,,,,,,,,,,,,,,,,,,,,,,,,,,,,,,,,,,,,,,,,,1232.017736393331,1244.814320283702,1252.9487855061634,1259.2954276336638,1249.4031797585706,1254.5952087456224,1248.1506605306176,1269.231046770056,1281.782589523679,1287.9218265104387,1302.6367189498153,1305.8031933773555,1313.9185874466198,1295.460701184826,1302.2425300875725,1310.3251917552493,1321.8399215487298,1321.3542782711716,1327.6645470945182,1317.9177256364774,1329.1731532456747,1332.4917728769533,1365.690993073357,1361.8616046041282,1367.9725747562413,1364.7836395009426,1376.886342139904,1380.9364100829268,1371.635686987899,1339.7422616887502,1339.1673246889384,1344.948278730241,1373.2867621334356,1370.808958172729,1372.6048241367903,1365.2058086160741,1361.140686968051,1354.3251171433517,1363.9148226249376,1369.1733112681181,1380.640299755157,1395.2097793410392,1402.4384455922404,1408.1944444444443
395133,444,"Stillwater, OK",msa,OK,,,,,,,,,,,,,,,,,,,,,,,,,,,,,,,,,,,,,,,,,,,,,,,,,,,,,,,,,,,,,,,,,,,,,,987.0533320644462,1018.7817818694441,1024.7338910307449,1028.4072512273128,1041.6070730662896,1048.5590870716262,1050.1384969664214,1045.8079348919412,1052.3897793081921,1061.5953238934676,1069.6132908358795,1069.8711582974165,1072.8053214323465,1076.7910944355597,1083.6194840034284,1108.2430635483947,1128.0145035376047,1129.7192026933235,1123.1870181674105,1126.4731952448547,1162.3875713319208,1162.2103281231748,1187.0899588270856,1171.6287907392,1189.1007706519656,1177.565273066616,1190.2097315649967,1196.0904205955505,1211.5432053244842,1214.2174223871743,1217.5480419434311,1196.015251221342,1200.8273516646793,1218.2477268790253,1246.7434901996282,1258.0511106488545,1273.040136125409,1268.374395389266,1261.3399334834892,1256.344090407576,1271.2931488284612,1289.4034626911696,1289.9570691817792,1283.7268897787703,1285.5438768955844,1288.550684854725,1307.595662008716,1306.2767629161096,1326.1337012014164,1333.9874267408827,1347.2622155486058,1347.9518880195153,1343.96374929157,1357.3633966749196,1358.4037203761968,1360.8254509255153,1367.059187605522,1381.1185803295757,1403.791430627102,1428.8871333661286,1421.7690624387992,1440.927439990844,1417.6341104274672,1435.472491646638,1424.1575494998785,1450.2197596478222,1453.9294935833714,1461.350066608085,1463.8918470062158,1477.9042529768483,1518.6858974358975
394489,445,"Columbus, IN",msa,IN,,,,,,,,,,,,,,,,,,,,,,,,,,,,,,,,,,,,,,,,,,,,,,,,,,,,,,,,,,,,,,,,,,,,,,,,,,,,,,,,1432.0016413311655,1450.6698341649546,1415.3014467293112,1427.4089412044395,1425.366057398473,1470.2968697395497,1424.3607107853586,1453.5872096628943,1444.1952345228897,1517.9883337993288,1520.2048179152832,1537.1166039831744,1524.6567277059244,1524.0216719885275,1530.2250455451542,1550.578593496578,1555.7492443362921,1570.4869536781619,1574.565524069912,1588.5891317963096,1602.371747848213,1606.6621313822493,1606.3388463749568,1603.9580051524702,1625.3508411440214,1651.474138321879,1664.8580514960222,1667.2187653711878,1643.9275415632308,1638.684387282461,1649.5904867151496,1654.8600006061627,1666.813360110568,1665.0539370758063,1697.76735309907,1720.807938090774,1714.7549195508145,1723.8486881008155,1720.6410839919708,1748.2425694485933,1738.2564177729314,1726.769903586828,1721.9672415883683,1737.2323156201426,1746.9117284802576,1746.5735481483525,1741.0649839620182,1761.5562257907525,1785.2110855066244,1783.2593022703986,1780.8654727715746,1763.5896151953496,1777.3582334467765,1761.7486243636574,1782.1240586932238,1790.9871583671304,1828.8015986693604,1818.677927945797,1809.2626752949725,1796.2284326713632,1805.2916666666667
394345,446,"Athens, TX",msa,TX,,,,,,,,,,,,,,,,,,,,,,,,,,,,,,,,,,,,,,,,,,,,,,,,,,,,,,,,,,,,,,,,,,,,,,,,,,,,,,,,,,,,,,,,,,,,,,,1421.7124185643504,1423.2271395950645,1413.1028926035026,1424.0176767670882,1416.4401557211113,1419.2344907562522,1414.508963382486,1416.4958402391806,1418.7041259645332,1430.4228532600207,1441.0778823626817,1456.7331494941213,1418.4440255659806,1419.6590803024883,1434.4996798344266,1485.6858346783783,1498.3852902802917,1475.2386557873947,1465.0132903659517,1475.9550907753207,1488.515804582837,1490.8816926167199,1474.177502290438,1459.1374558427335,1461.7454220251,1455.0427249201086,1473.0107807839584,1480.3029665420704,1521.6105793967395,1540.1721871990233,1544.1616755990683,1551.7792920736244,1545.7938850360588,1530.7132278160493,1501.2350641404996,1478.1672127675026,1475.4563326982448,1459.9288504854005,1440.54820552419,1434.4319003078415,1471.3312182308982,1545.5451635906613,1574.2975129849117,1536.8380715849323,1519.8181792410965,1555.9629629629628
394452,447,"Centralia, WA",msa,WA,,,,,,,,,,,,,,,,,,,,,,,,,,,,,,,,,,,,,,,,,,,,,,,,,,,,,,,,,,,,,,,,,,,,,,,,,,,,,,,,,,,,,,,,,,,,,,,,,,,,,,,,,,,,,,,,,,,,1733.116380768673,1750.7620283183637,1742.1077637883557,,1750.214510137765,1775.0803855536633,1793.517908707926,1750.2988312518246,1801.4264014735784,1824.141522786558,1833.7930053603359,1801.0153747443317,1811.7155314067152,1848.845563273604,1835.3724325873627,1805.4319947246083,1772.0032513262456,1806.2890977282173,1811.9996023445785,1841.6187646102267,1853.577742435969,1866.411623222289,1876.5337009518598,1878.9334628150405,1892.9166666666667
394822,448,"Manitowoc, WI",msa,WI,,,,,,,,,,,,,,,,,,,,,,,,,,,,,,,,,,,,,,,,,,,,,,,,,,,,,,,,,,,,,,,,,,,,,,,,,,,,,,,,,,,,,,,,,,,,,,,,,,,,,,,,,,,,,,,,,,,,,,,,,,,,,,,,,,,,,,,,,,1376.2349971117155,1344.80832323497,1375.0
394682,449,"Hinesville, GA",msa,GA,,,1007.5200705814821,1011.2473559124549,1014.0348442132957,1016.1913469761043,1017.2693473238892,1021.8776256392973,1013.5321695289075,1009.4778477584995,,1008.784643576429,1007.9174611800482,1008.0846531262868,1015.941594925384,1021.4430170102364,1022.8383378706206,1018.8447726757836,1023.9566588310887,1018.0414698327611,1024.2686760135805,1022.8266934761863,1024.2886490053313,1022.0515012322376,1023.4875177967887,1029.1764929223618,1031.852071629712,1025.4822613764788,1032.3500298894005,1032.9529892634064,1041.587923589206,1036.9747059776846,1044.1959030239752,1045.9840925794224,1048.671971038769,1047.291214976386,1050.1732220941824,1048.385896158133,1050.2444080857936,1054.7324514130762,1059.950754052548,1063.3882848992564,1059.6550013280455,1061.2853843911275,1065.5853266765046,1066.1301404666988,1066.9838622099035,1066.0066479587422,1071.1191642976773,1075.2522146594094,1077.1813845575653,1085.1349941107262,1096.8434594171986,1100.656705896982,1098.8094625325843,1098.8477408700628,1100.722070402083,1107.0346760577918,1103.9893839926553,1100.2771250931332,1096.1535721051855,1104.3555835698826,1122.2595392398323,1129.0380877616103,1132.8153214010947,1123.8141471021947,1146.4030602446378,1164.1534578033031,1191.9651197814378,1191.9430245770066,1188.2502046097154,1189.1730236291037,1203.0637237750686,1244.2210138775258,1250.4735593154642,1261.2140226106542,1275.3899134284368,1322.6346753380474,1370.3738205197221,1398.3234106405123,1433.3515729342807,1435.8275421401381,1469.8138465208212,1481.1549725827358,1508.5738886197446,1527.0491877310246,1520.0110974750705,1548.6782901732051,1544.899066951404,1585.0727594005145,1579.9877872823254,1600.8608114090096,1613.470514494248,1636.1364065601158,1637.8643989543227,1644.7894856211828,1662.360461059698,1664.4969901698569,1657.9297239932962,1659.7828411108965,1671.0168648998902,1674.331540905329,1651.5524214699803,1630.3490533195452,1639.2736203389154,1646.5387017982898,1667.8800366361738,1680.0884184302104,1689.4473127578765,1685.126908297226,1684.0519993537046,1708.448820709708,1730.9099950194106,1760.1659915248747,1771.1326891149884,1775.3876165866923,1763.3643373146817,1765.4583195614275,1781.3531196696347,1789.6550536937473,1801.6374416312478,1800.1311603049937,1802.0907371913997,1798.9849240082026,1801.938499428964,1801.2022070485918,1794.3337939140254,1797.6350128794743,1807.7391031138543,1822.0917826349241,1822.6276721130564,1815.083089660045,1813.776635251583,1826.306481765518,1844.0850519130395,1855.6285129460132,1846.8621066846626,1844.9595108013434,1840.8172736567028,1850.685347985348
395205,451,"Warsaw, IN",msa,IN,,,,,,,,,,,,,,,,,,,,,,,,,,,,,,,,,,,,,,,,,,,,,,,,,,,,,,,,,,,,,,,,,,,,,,,,,,,,,,,,,,,,,,,,,,,,,,,,,,,,,,,,,,,,,,,,,,,,,,,,,,,,,,,,,,,,,,1790.4585009808295,1831.2446917863122,1872.8511798215118,1866.4904928714402,1812.3419977890323,1809.3943259104512,1831.2
395126,453,"Statesboro, GA",msa,GA,,,,,,,,,,,,,,,,,,,,,,,,,,,,,,,,,,,,,,,,,,,,,,,,,,,,,,,,,,,,,,,,,,,,,,,,,,,,,,,,,,,,,,,,,,,,,,1306.7036082509094,1324.315452277972,1334.3758587224736,1366.9746101167264,1366.2203879294625,1372.0715904307442,1373.2234523889801,1370.1211259954032,1385.3758656893604,1410.243886176928,1427.480657804047,1426.5777842486734,1406.5784658814084,1432.9109082191812,1460.8470812568755,1474.2484050467133,1481.0883688961728,1482.4291999969955,1511.8334201221198,1521.8451139104568,1536.6237363611933,1538.270349420134,1526.5302781890364,1526.2319991783554,1521.5935115284694,1523.9764556149455,1550.214379231708,1566.8904042380266,1598.484536940797,1593.2060375795618,1596.5708564469144,1589.1427677810643,1575.4126897088152,1590.674994798609,1625.967643653164,1650.0473172202517,1638.8685738539552,1608.6603449937058,1615.7854528212456,1627.7068386032074,1640.5211694705183,1637.3987045127399,1627.260967089057,1634.0955512048681,1630.019267017972,1651.0183425289672,1651.1752136752136
394445,454,"Casper, WY",msa,WY,,,,,,,,,,,,,,,,,,,,,,,,,,,,,,,,,,,,,,,,,,,,,,,,,,,,,,,,,,,,,,,,,,,,,,,,,,,,,,,,,,,,,,,,,,,,,,,,,,,,,1451.6100731577153,1450.2363613835157,1457.1597237312858,1482.7531534079405,1498.312242503873,1498.127941554333,1502.8830212817413,1496.7742994653995,1496.413218148523,1501.9323194076544,1571.578911436979,1601.2449120118872,1606.1628196365689,1571.941221322946,1574.95834226913,1590.5099809938574,1582.8967247346523,1577.8205345961321,1579.0625596911339,1568.2977619641715,1548.1193719043551,1541.298998754589,1557.9490711165847,1594.2641176821332,1614.2341475206745,1633.0757852879558,1632.6728926800686,1635.2855784002472,1647.5023984584154,1672.1319319335876,1647.8726762544577,1616.3591171260844,1592.3456047494365,1646.0021960626439,1683.5371820229561,1701.269439220065,1689.5608751107961,1692.3936414203972,1692.376133982367,1669.4444444444443
395231,455,"Wilson, NC",msa,NC,,,,,,,,,,,,,,,,,,,,,,,,,,,,,,,,,,,,,,,,,,,,,,,,,,,,,,,,,,,,,,,,,,,,,,,,,,,,,,,,,,,,,,,,,,,,,,,,,,,,,,,,,,,,,,,,,,,,,,,,,,,,,,,,,,,,,1403.1041617581907,1407.0250420778186,1385.616131715431,1372.0998576324105,1374.3611763895972,1374.285630378499,1396.488768514611,1431.5555555555557
753881,456,"Glenwood Springs, CO",msa,CO,,,,,,,,,,,,,,,,,,,,,,,,,,,,,,,,,,,,,,,,,,,,,,,,,,,,,,,,,,,,,,,,,,,,,,,,,,,,,,,,,,,,,,,,,,,,,,,,,,,,,3495.52796922584,3490.145909332531,3389.1912363855063,3493.4842639368226,3618.400442288284,3618.0735811580116,3529.165680634574,3495.508798125333,3527.323179645702,3684.333212773856,3752.9623225346822,3817.9047214457455,3771.714745329729,3857.272754544802,3894.986866521095,3901.1107529265096,3803.110309004452,3765.8622497122965,3751.3427298365787,3685.539009025167,3782.851479484093,3741.456788907343,3910.607174583676,3825.7315299391894,4039.4819366123725,3984.400412138452,4159.19112947957,4107.158964186288,4206.909787408934,4164.552008327615,4151.584558902497,4084.2706617177428,4117.018842066709,4147.989856625109,4104.062270121688,4231.015550771174,4299.945568087389,4408.6391585751435,4279.121724696232,4412.36111111111
395085,457,"Seneca, SC",msa,SC,,,,,,,,,,,,,,,,,,,,,,,,,,,,,,,,,,,,,,,,,,,,,,,,,,,,,,,,,,,,,,,,,,,,,,,,,,,,,,,,,,,,,,,,,,,,,,,,,,,1293.6124810590945,1318.9527070894549,1347.30717252126,1356.0704462507917,1343.5467238795889,1339.0184606308935,1343.351458955202,1337.5530070351115,1360.070517514923,1382.8640362420258,1397.3256631055222,1405.9399513638214,1415.976368191717,1442.161206998268,1447.0688924502217,1445.5841458430307,1445.9036162846578,1434.3729828788412,1432.7096734779898,1440.9489400018604,1445.0306119236022,1454.009064740246,1456.5409550277695,1437.915968868758,1452.587299314731,1468.677169539113,1532.6707772089019,1553.9083819969217,1544.9848660255684,1531.7030608437315,1528.3409504154477,1516.6480695496014,1577.864494475863,1565.5125701434174,1581.3700375240003,1536.2673009012192,1549.1037943132212,1561.188768617029,1567.6093290859683,1568.5832830138984,1578.690767725789,1592.7380952380954
394866,458,"Minot, ND",msa,ND,,,,,,,,,,,,,,,,,,,,,,,,,,,,,,,,,,,,,,,,,,,,,,,,,,,,,,,,,,,,,,,,,,,,,,,,,,,,,,,,,,,,,,,,,,,,,,,,,,,,,1581.1500112039296,1608.9334784804605,1605.684978906161,1611.6451908103213,1610.4430234386816,1573.126431402665,1577.4882536681848,1546.3889333884822,1566.539467184957,1556.0899237093329,1625.963181798617,1650.0219755479661,1687.455655474637,1654.0310549775159,1662.012839277143,1652.261118680156,1687.3368442272304,1698.4528227848402,1702.8692395548762,1682.1294247894384,1681.4451867147727,1687.38808509856,1668.6281858541506,1661.2879916859613,1684.4915099944938,1739.600345489692,1755.9936355039172,1774.5566512606852,1765.027131257614,1769.681423335871,1762.928413028048,1742.9985301342174,1744.1665698395107,1749.0223307577212,1753.3116786432759,1763.0558092376048,1767.6134757519712,1790.3500808342283,1837.104358827097,1842.2222222222224
395077,461,"Searcy, AR",msa,AR,,,,,,,,,,,,,,,,,,,,,,,,,,,,,,,,,,,,,,,,,,,,,,,,,,,,,,,,,,,,,,,,,,,,,,,,,,,,,,,,,,,,,,,,,,,,,,,,,,,,,,,,,,,,,,,,,,,,,,,,,,,,1214.6676063318127,1188.2888396368417,1198.3578988043469,1195.0358638809744,1225.5870670242061,1220.6422982390784,1247.6982087129077,1253.0940059346262,1267.567154478171,1247.0945834274949,1232.0752734899104,1224.0963316110592,1227.6630181699136,1235.3368548015749,1235.0076216869625,1245.177467636431,1255.0
394638,462,"Grand Island, NE",msa,NE,,,,,,,,,,,,,,,,,,,,,,,,,,,,,,,,,,,,,,,,,,,,,,,,,,,,,,,,,,,,,,,,,,,,,,,,,,,,,,,,,,,,,,,,,,,,,,,,,,,,,,,,,,,,,,,,,,,,,,,,,,,,,,,,,,,,,,,,,,,,1507.3333333333335
394994,463,"Port Angeles, WA",msa,WA,,,,,,,,,,,,,,,,,,,,,,,,,,,,,,,,,,,,,,,,,,,,,,,,,,,,,,,,,,,,,,,,,,,,,,,,,,,,,,,,,,,,,,,,,,,,,,,,,,,,,,,,,,,,,,,,,,,,,,,,,,,1994.1763723302554,2102.1793759516104,2111.3304750268258,2120.460141105705,2124.6749669205415,2104.978284263289,2129.569037268807,2138.302242824106,2209.5386999837074,2168.3609836552014,2185.606854827639,2104.7474173319633,2123.9270250557374,2126.2400674456803,2180.7084331263927,2162.499736391962,2173.0724875171168,2198.6666666666665
394350,464,"Auburn, NY",msa,NY,,,,,,,,,,,,,,,,,,,,,,,,,,,,,,,,,,,,,,,,,,,,,,,,,,,,,,,,,,,,,,,,,,,,,,,,,,,,,,,,,,,,,,,,,,,,,,,,,,,,,,,,,,,,,,,,,,,,,,,,,,,,,,,,,,,,,,,,,,,,1400.0
394699,465,"Huntsville, TX",msa,TX,,,,,,,,,,,,,,,,,,,,,,,,,,,,,,,,,,,,,,,,,,,,,,,,,,,,,,,,,,,,,,,,,,,,,,,,,,,,,,,,,,,,,,,,,,,,,,,,,,,,,,,,,,,,,,,1494.6377942040092,1513.8734723787888,1523.5877163784614,1549.9358604333902,1556.2654164744624,1542.8134625976743,1546.2293178924594,1561.755447163749,1577.5874196397274,1556.494647074089,1557.2598736910713,1560.0528734581326,1583.5923496580822,1586.1841027277035,1578.6946350524483,1612.8118151781455,1601.9996806375075,1613.719831564982,1582.5744869178443,1573.5926652179928,1574.626469928376,1574.1161761851315,1590.059474159934,1580.334625491511,1583.6239737693227,1581.7211551884918,1597.5288689693305,1607.6998166511007,1627.2815924104311,1623.8095238095239
394738,466,"Keene, NH",msa,NH,,,,,,,,,,,,,,,,,,,,,,,,,,,,,,,,,,,,,,,,,,,,,,,,,,,,,,,,,,,,,,,,,,,,,,,,,,,,,,,,,,,,,,,,,,,,,,,,,,,,,,,,,,,,,,,,,,,,,,,,,,,,,,,,,,,,,,,,1487.1374808966234,,2338.7857852026054,2349.075183047827,2382.5
394674,467,"Heber, UT",msa,UT,,,,,,,,,,,,,,,,,,,,,,,,,,,,,,,,,,,,,,,,,,,,,,,,,,,,,,,,,,,,,,,,,,,,,,,,,,,3230.182687016811,3284.7231872824236,3336.271156441564,3295.7219652478434,3258.5000887846095,3318.6354915103284,3299.99913790205,3441.199348244155,3500.607885952426,3651.208414707787,3730.180409181112,3828.1634375316153,3840.066823543412,3815.049482675558,3802.924423274182,3783.1883035291944,3733.8779580449823,3743.80846880188,3796.8901624790783,3833.2486971905837,3811.4726060780076,3830.8476630562604,3842.8162492943597,3861.469480467853,3814.7539957372005,3820.9890566891863,3793.7710442730154,3735.868189163093,3708.865682846748,3685.989170882476,3747.134370817225,3763.299326256338,3816.073058333729,3825.5804200419684,3890.8441932888895,3892.5019759952283,3932.2234938108204,3874.8121788108283,3907.8085668539798,3868.0708309743304,3877.6439313494616,3864.7515105281364,3836.3390768075383,3793.1592846161607,3832.618933348381,3896.6525528804336,3979.3721163728314,3981.961594119375,3969.0685508287274,3999.789589503552,3966.635976420417,3971.9647864764834,3905.272260093361,3922.7124123438853,3954.562020094881,3953.4696820200415,3976.638064882518,4054.594158779431,4067.221295454195,4128.705021560167,4089.6119873696207,4340.277431008343,4285.87907633548,4334.575617931268,4174.854993394615,4301.549873737374
395010,468,"Quincy, IL",msa,IL,,,,,,,,,,,,,,,,,,,,,,,,,,,,,,,,,,,,,,,,,,,,,,,,,,,,,,,,,,,,,,,,,,,,,,,,,,,,,,,,,,,,,,,,,,,,,,,,,,,,,,,,,,,,,,,,,,,,,,,,,,,,,,,,,,,,,,,,,1218.6012272213009,1281.1971693111461,1312.3347711673946,1333.3333333333333
395062,469,"Sandusky, OH",msa,OH,,,,,,,,,,,,,,,,,,,,,,,,,,,,,,,,,,,,,,,,,,,,,,,,,,,,,,,,,,,,,,,,,,,,,,,,,,,,,,,,,,,,,,,,,,,,,,,,,,,,,,,,,,,,,,,,,,,,,,,,,,,,,,,,,,,,,,1505.8859811026439,1648.3469864731621,1706.6987025788408,1747.3469311320216,1790.6738784126508,1842.988898736597,1896.0222222222221
394593,470,"Findlay, OH",msa,OH,,,,,,,,,,,,,,,,,,,,,,,,,,,,,,,,,,,,,,,,,,,,,,,,,,,,,,,,,,,,,,,,,,,,,,,,,,,,,,,,,,,,,,,,,,,,,,,,,,,,,,,,,,,,,,,,,,,,,,,,,,,,1521.3934910997207,1472.4541340307294,1489.0664428362968,1468.770965135045,1464.939736731689,1419.0941154784675,1419.4989099987138,1446.479573448481,1481.1190258242214,1460.8682446209643,1446.994828348124,1451.5739748540732,1481.9088061854343,1476.8928191952612,1547.231061067737,1560.8360341071082,1603.611111111111
394614,471,"Frankfort, KY",msa,KY,,,,,,,,,,,,,,,,,,,,,,,,,,,,,,,,,,,,,,,,,,,,,,,,,,,,,,,,,,,,,,,,,,,,,,,,,,,,,,,,,,,,,,,,,,,,,,,,,,,,,,,,,,,,,,,,1253.940556896056,1277.5833937450861,1289.7777348417123,1294.0298035259648,1300.6187482245703,,1317.583925231164,1300.3094229515639,1308.7538422354517,1290.680677820799,1303.7376466429812,1327.4896881937652,1362.61953235841,1385.9285834781888,1420.0219491478617,1421.3198629886922,1419.2295072221689,1420.1928578229367,1424.4380357068405,1424.9724070879158,1418.3483426122743,1422.5491750985968,1430.0491119016656,1448.6520200637794,1488.4463357134048,1490.6069482796056,1494.9317390562155,1470.1833238335937,1485.5555555555554
394516,472,"Danville, IL",msa,IL,,,,,,,,,,,,,,,,,,,,,,,,,,,,,,,,,,,,,,,,,,,,,,,,,,,,,,,,,,,,,,,,,,,,,,,,,,,,,,,,,,,,,,,,,,,689.5609773484076,695.9845439135314,695.5395241163761,684.0700413567016,674.9212891376574,682.7630115670688,683.6796919736731,688.9201669162624,701.8232655752702,717.014738900246,736.3692969256589,735.3517831532633,733.2815469058577,730.5136552402817,735.9289547814648,739.9190645166135,744.9118834384453,738.7898022876615,746.3856098046313,747.1674352041309,769.0104150649485,829.8458325685683,888.7764213077613,922.1703498218312,889.3240277865192,859.5755369538766,835.9254974641891,821.5504856315661,813.018934616533,817.1127120486733,820.2009173093014,827.3643095697794,824.7860187787471,852.6506154898555,874.0390941568689,901.888620225015,899.1385360229891,906.2410164675558,891.863314261257,883.831584999261,857.6185832571601,847.7470130319601,849.2134124381342,875.9747960247428,889.7241656042278,892.4345545269275,894.110083890401,889.7463088364584,894.3905102029212,879.7222222222222
394298,473,"Aberdeen, WA",msa,WA,,,,,,,,,,,,,,,,,,,,,,,,,,,,,,,,,,,,,,,,,,,,,,,,,,,,,,,,,,,,,,,,,,,,,,,,,,,,,,,,,,,,,,,,,,,,,,,,,,,,,,,,,,,,1665.9538200770282,1659.9272181855006,1691.0604830228635,1694.0839129320887,1733.5138572250519,1742.4208730319347,1767.1704981529674,1750.299708484311,1738.2240784353148,1726.943505132113,1735.4981986494147,1737.4368029444374,1725.8441700514327,1703.9023455636093,1684.306072905314,1736.2150581746832,1763.498564940941,1809.4251743876596,1847.3579774195166,1870.345931566817,1881.06836737434,1864.0860491488606,1875.0362438193977,1858.4436155013038,1818.7651306454686,1777.6928909281921,1760.3761039138271,1774.5689878030576,1847.310017125105,1872.9597012652596,1932.1688757096117,1926.5144840889945,1952.6944444444443
753928,476,"Wisconsin Rapids, WI",msa,WI,,,,,,,,,,,,,,,,,,,,,,,,,,,,,,,,,,,,,,,,,,,,,,,,,,,,,,,,,,,,,,,,,,,,,,,,,,,,,,,,,,,,,,,,,,,,,,,,,,,,,,,,,,,,,,,,,,,,,,,,,,,,,,,,,,,,,,,,1361.2506778432703,1404.4400622605397,1425.3407103057298,1456.723353917533,1453.1666666666667
753893,477,"Jefferson, GA",msa,GA,,,,,,,,,,,,,,,,,,,,,,,,,,,,,,,,,,,,,,,,,,,,,,,,,,,,,,,,,,,,,,,,,,,,,,,,,,,,,,,,,,,,,,,,,,,,,,,,,2106.686793894445,2114.1834097618244,2097.607624203171,2080.18769605961,2070.5850210612507,2075.66612796078,2096.150746250749,2089.9302659654677,2077.396871190129,2058.9049760256094,2052.1856893278273,2071.2692038385226,2096.429400787089,2136.336345117138,2169.94203605738,2186.926288179667,2173.2001701070676,2148.26289654877,2149.887155178385,2152.208849872247,2162.9828731169705,2146.006027879164,2178.2081602131348,2186.5381889940327,2192.8220951970434,2182.1268528508112,2190.8043277153347,2204.1368344309844,2158.7645558079494,2156.56772517356,2161.3537994565654,2201.9356641017785,2203.6326402668938,2215.051620302496,2230.3699969485792,2225.125691348805,2196.559879203886,2182.063155106137,2196.9803567055696,2229.3287770965253,2230.497805326597,2229.5700814373577,2214.1414414477613,2255.5732600732604
394736,478,"Kapaa, HI",msa,HI,,,,,,,,,,,,,,,,,,,,,,,,,,,,,,,,,,,,,,,,,,,,,,,,,,,,,,,,,,,,,,,,,,,,,,,,,,,,,,,,,,,,,,,,,,,,,,,,,,,,,,,,,,,,,,,,,,,,,,,,,,,,,,,,,,,,,,,,,,,,5600.0
394955,479,"Palatka, FL",msa,FL,,,,,,,,,,,,,,,,,,,,,,,,,,,,,,,,,,,,,,,,,,,,,,,,,,,,,,,,,,,,,,,,,,,,,,,,,,,,,,,,,,,,,,,,,,,,,,,,,,,,,,,,,,,,,,,,,,,,,,,,,,,,,,,,,,,,,,,,,1467.6508137365,1502.640598349979,1568.7950365874449,1566.388888888889
395088,482,"Shawnee, OK",msa,OK,,,,,,,,,,,,,,,,,,,,,,,,,,,,,,,,,,,,,,,,,,,,,,,,,,,,,,,,,,,,,,,,,,,,,,,,,,,,,,,,,,,,,,,,,,,,,,,,,,,1028.8905811566922,1028.104014393562,1032.5281146966443,1041.53335364205,1052.1651237449414,1057.6763780552942,1062.123154555274,1048.8799187212371,1067.9517504793212,1069.3024328573824,1083.8710436351616,1080.4162779551752,1091.5836866911757,1101.9010781661386,1096.5442469397663,1094.2837066214136,1090.227944693016,1099.3029120841584,1112.5392881473488,1102.233636939345,1101.2727943819245,1108.4140623790418,1116.89049013066,1124.3159935023386,1119.7150667181193,1130.2811607271522,1129.1104902199515,1127.4760616146255,1125.7090739811742,1122.7740964266616,1121.2684657447967,1118.6255433079818,1121.4336758318389,1124.210177168715,1153.3503236241543,1158.220542230035,1164.1385128993925,1159.0761055986288,1163.80794535437,1175.4172745280707,1162.8754880463673,1163.5833333333333
395132,485,"Stevens Point, WI",msa,WI,,,,,,,,,,,,,,,,,,,,,,,,,,,,,,,,,,,,,,,,,,,,,,,,,,,,,,,,,,,,,,,,,,,,,,,,,,,,,,,,,,,,,,,,,,,,,,,,,,,,,,,,,,,,,,,,,,,,,,,,,,,,,,,,,,,,,,,,,1649.9474323858192,1661.0259813921982,1690.0488253225722,1655.5
394647,486,"Greeneville, TN",msa,TN,,,,,,,,,,,,,,,,,,,,,,,,,,,,,,,,,,,,,,,,,,,,,,,,,,,,,,,,,,,,,,,,,,,,,,,,,,,,,,,,,,,,,,,,,,,,,,,,,,,,,,,,,,,,,,,,,,,,,,,,,,,,,,,,,,,,,,,1377.022099120989,1428.216433787537,1358.4435496889537,1411.168669134876,1420.9298086474978,1485.7222222222224
394655,488,"Greenwood, SC",msa,SC,,,,,,,,,,,,,,,,,,,,,,,,,,,,,,,,,,,,,,,,,,,,,,,,,,,,,,,,,,,,,,,,,,,,,,,,,,,,,,,,,,,,,,,,,,,,,,,,,,,,,,,,,,,,,,,,,,,,,,,,,,,,,,,,,1287.8620281347098,1303.8806041642258,1292.7464231372885,1298.5528133947864,1284.9768637979032,1285.9087014959048,1304.5503389743624,1332.0126314997917,1361.4013995960313,1401.6923944115724,1400.69751547649,1405.0
394764,489,"Lake City, FL",msa,FL,,,,,,,,,,,,,,,,,,,,,,,,,,,,,,,,,,,,,,,,,,,,,,,,,,,,,,,,,,,,,,,,,,,,,,,,,,,,,,,,,,,,,,,,,,,,,,,,,,,,,,,,,,,,,,,,,,,,,1470.576251450729,1496.7536599248065,1469.4792368414762,1510.833450121469,1506.1283475232588,1561.600517696856,1605.9158308463138,,1631.0741628744152,1580.1636612336338,1569.5587929115438,1551.9006286150814,1546.7840553232697,1514.6416005198514,1573.0004754339623,1590.3697226475877,1626.1528573396454,1597.4311985659826,1608.6562963506337,1635.5817858096727,1638.0139627680217,1633.0339359234124,1600.9705748679899,1627.9166666666667
394752,490,"Klamath Falls, OR",msa,OR,,,,,,,,,,,,,,,,,,,,,,,,,,,,,,,,,,,,,,,,,,,,,,,,,,,,,,,,,,,,,,,,,,,,,,,,,,,,,,,,,,,,,,,,,,,,,,,,,,,,1386.5320258629567,1401.711080532804,1405.9718212831933,1398.0407310569065,1413.2739089820716,1418.8366301746084,1399.8737370963029,1400.9331163855247,1383.9953185653308,1389.8595030298457,1363.0113380546409,1373.832050103989,1406.1677427937072,1445.5407823388227,1469.1837546324755,1465.1941717365403,1461.867522277125,1467.3335946221416,1455.0955600467714,1454.1022881203908,1441.814883809277,1450.9945528756461,1466.6483270869205,1479.9595382229809,1484.701571181127,1490.885308043598,1502.904445493219,1516.3660305629878,1519.022504806705,1493.8570906199866,1490.641132942627,1496.2346680664157,1526.6188490672318,1516.264209748736,1510.976732047128,1509.6188222475316,1519.020332683553,1534.3382453639776,1545.7085873528742,1573.5063415739257,1576.7878787878788
394877,491,"Morehead City, NC",msa,NC,,,,,,,,,,,,,,,,,,,,,,,,,,,,,,,,,,,,,,,,,,,,,,,,,,,,,,,,,,,,,,,,,,,,,,,,,,,,,,,,,,,,,,,,,,1715.52809563536,1703.1211522141425,1693.4636578075124,1727.9908322635079,1741.3420053539962,1714.8049629395807,1771.157243550484,1760.6413999597012,1823.5229037775298,1793.0331322546313,1865.7406506716195,1886.2189039898683,1897.967464378512,1882.9686715142286,1881.7966047739887,1887.6249226915977,1935.363646489823,1963.9070474991436,1966.0519312053111,1936.762349397302,1921.5294497091222,1947.1562443528,1959.0068672632667,1977.599995571409,1984.2002991214124,2001.7049253916962,2008.3431709275244,2003.2348319105347,1999.7142225351965,1976.9034995925128,1990.6080487868583,2006.8723116888254,2033.0639393059655,2029.5117890795232,2054.263002513603,2056.738562431622,2084.8483345956233,2073.6633805508563,2087.333765621148,2114.823373845515,2141.401560125868,2129.9549595290223,2115.670666009708,2094.1704245970604,2128.6938810700303,2109.1759926495533,2140.316472129048,2117.2211601706226,2184.66765523742,2203.4869928797248,2254.5238095238096
394472,492,"Clearlake, CA",msa,CA,,,,,,,,,,,,,,,,,,,,,,,,,,,,,,,,,,,,,,,,,,,,,,,,,,,,,,,,,,,,,,,,,,,,,,,,,,,,,,,,,,,,,,,,,,,,,,,,,,,,,1651.5857006976503,1708.9713881114592,1731.6067795152505,1768.031818612225,1698.9018615332936,1713.9966469004369,1717.464501079318,1742.6956042321328,1722.833593800566,1731.9039980564376,1748.3896166430193,1783.4715531605511,1809.6193554583874,1808.1601529450718,1791.3115991004802,1761.0978082644058,1784.0746419561144,1818.0746144318591,1848.2658310401503,1856.763423678046,1825.2163910130528,1810.7233471157026,1805.1253300056258,1833.4688275016872,1830.8428384240915,1853.0253328341034,1805.8925961901064,1841.775334270271,1824.8259875767465,1967.1689037234346,1959.946425855992,1999.8700201443185,1916.1209388146442,1902.8356244270014,1915.4593018270114,1928.3039502084143,1950.5190998736082,1959.2251701625983,1935.4959904244292,1965.0
394305,493,"Alamogordo, NM",msa,NM,,,,,,,,,,,,,,,,,,,,,,,,,,,,,,,,,,,,,,,,,,,,,,,,,,,,,,,,,,,,,,,,,,,,,,,,,,,,,,,,,,,,,,,,,,,,,,,,,,,,,,,,,,,,,,,1531.0408346800048,1540.169969779615,1554.6720697070157,1577.404730476362,1574.4921675669377,1583.6487877108054,1559.2972866830244,1553.753870330467,1539.6623162016579,1553.4647188183992,1579.9115034845506,1575.907315831478,1622.6978903882793,1671.890148470396,1688.4509756038972,1671.915825325798,1616.0585930593536,1649.035628938947,1627.0590924163805,1648.9069559517739,1632.5025222762577,1654.0764520523385,1645.420761700887,1648.8715608421992,1649.9619107464682,1670.2718019327913,1677.811733962942,1700.6370893910791,1687.1990363568004,1692.8968253968253
394897,496,"Muskogee, OK",msa,OK,,,,,,,,,,,,,,,,,,,,,,,,,,,,,,,,,,,,,,,,,,,,,,,,,,,,,,,,,,,,,,,,,,,,,,,,,,,,,,,,,,,,,,,,,,,,,,748.715437237473,769.5869726610451,783.67858531053,816.5438756742972,808.5207662757764,799.438392678086,793.1344983191465,801.5261514607179,808.5089760348612,823.5714609027134,817.1168859464144,814.9224281281834,814.8497234736082,834.2129225955305,842.6391196132856,847.4576955608817,833.2051110737592,852.5840660696075,856.3532242127189,853.6217766239837,848.9440807484913,849.9776406395774,870.3052739864472,873.1477858915034,886.1863654330307,891.9785729901572,898.2130359898559,900.2794251473547,929.1617124901774,932.9711139866127,941.7433480412279,926.533910197526,920.8013338996628,927.531318245911,939.2103887071884,954.0464664883085,958.9936595995662,951.0538551918556,948.3970087938586,923.81104613035,985.9039605013327,1027.1089547664096,1087.7806710808654,1049.8130680656686,1039.3527382253696,1036.4209827642303,1045.4166666666667
394826,497,"Marion, IN",msa,IN,,,,,,,,,,,,,,,,,,,,,,,,,,,,,,,,,,,,,,,,,,,,,,,,,,,,,,,,,,,,,,,,,,,,,,,,,,,,,,,,,,,,,,,,,,,,,,,,,,,,,,,,,,,,,,,,,,,,,,,,,,,,,,,,,,,,,,,,1418.7603545799234,1674.818029850683,,1658.6122795163858,1661.1111111111113
394586,498,"Faribault, MN",msa,MN,,,,,,,,,,,,,,,,,,,,,,,,,,,,,,,,,,,,,,,,,,,,,,,,,,,,,,,,,,,,,,,,,,,,,,,,,,,,,,,,,,,,,,,,,,,,,,,,,,,,,,,,,,,,,,,,,,,,,,,,,,,,,,,,,,,,,,,,,1900.069509813499,1939.065720611604,1939.9273939931525,1928.3333333333333
395021,499,"Richmond, IN",msa,IN,,,,,,,,,,,,,,,,,,,,,,,,,,,,,,,,,,,,,,,,,,,,,,,,,,,,,,,,,,,,,,,,,,,,,,,,,,,,,,,,,,,,,,,,,,,,,,,,,,,,,,,,,,,,,,,,,,,,,,,,,,,,,,,,,,,,1035.2953863544737,1034.6089951492374,1037.8126421538045,1064.5399114801137,1056.1590545167323,1077.725132136251,1071.2683189356453,1079.7206200504143,1072.7777777777778
394829,500,"Marquette, MI",msa,MI,,,,,,,,,,,,,,,,,,,,,,,,,,,,,,,,,,,,,,,,,,,,,,,,,,,,,,,,,,,,,,,,,,,,,,,,,,,,,,,,,,,,,,,,,,,,,,,,,,,,,,,,,,,,,,,,,,,,,,,,,,,,,,,,,,,,,1558.4227534961435,1728.751550807795,1767.8356006047466,1790.1991452875754,1882.205791899565,1879.115349140798,1871.689506083897,1798.888888888889
395016,506,"Red Bluff, CA",msa,CA,,,,,,,,,,,,,,,,,,,,,,,,,,,,,,,,,,,,,,,,,,,,,,,,,,,,,,,,,,,,,,,,,,,,,,,,,,,,,,,,,,,,,,,,,,,,,,,,,,,,,,,,,,,,,,,,,,,,,,,,,,1610.5007118018948,1654.228898512722,1614.8712478032182,1610.5864899490891,1601.150820162012,1632.3298927573837,,1696.1769454820653,1711.9650236112338,1691.0178800673455,1711.0421558166206,1685.9895103617478,1693.1272025822716,1656.6267225958613,1650.970869152074,1652.6426413191482,1658.3425463917765,1685.3111268622747,1706.8333333333333
845163,508,"Jasper, AL",msa,AL,,,,,,,,,,,,,,,,,,,,,,,,,,,,,,,,,,,,,,,,,,,,,,,,,,,,,,,,,,,,,,,,,,,,,,,,,,,,,,,,,,,,,,,,,,,,,,,,,,,,,,,,,,,,,,,,,,,,,,,,,,,,,,,,,,,,,,,1279.0572564049144,1284.8010885274955,1299.7695824978186,1299.4613665627005,,1320.2777777777776
395040,509,"Roswell, NM",msa,NM,,,,,,,,,,,,,,,,,,,,,,,,,,,,,,,,,,,,,,,,,,,,,,,,,,,,,,,,,,,,,,,,,,,,,,,,,,,,,,,,,,,,,,,,,,,,,,,,,,,,,,,,,,,,,,,,,,,1530.5426354811148,1544.9856833357464,1523.1550158547934,1529.969248537234,1530.0082649183043,1549.276358355346,1577.0205040268359,1576.5262426504512,1606.1357800101348,1575.3606927546684,1591.4964294270019,1578.8456551982492,1567.4756779719803,1561.666479374135,1606.7935122877775,1631.1053370195773,1630.75504446895,1600.3643885717124,1598.1880155089043,1626.6124873271667,1626.6189369384683,1645.7406523439001,1656.6189134129497,1663.4814431097186,1622.705051961796,1600.0
395092,510,"Shelton, WA",msa,WA,,,,,,,,,,,,,,,,,,,,,,,,,,,,,,,,,,,,,,,,,,,,,,,,,,,,,,,,,,,,,,,,,,,,,,,,,,,,,,,,,,,,,,,,,,,,,,,,,,,,,,,,,,,,,,,1970.697115338076,2007.1590259959173,1982.6511377497345,1988.210025024332,2010.9291979938828,2051.741891875524,2077.6286152898297,2047.0980022296574,2064.670884116332,2055.375078519622,2103.4622094799884,2099.9933837606236,2125.054959356614,2062.3816123936513,2046.511104600533,2049.1788680557806,2079.386399769024,2111.4361838611258,2126.3450009181865,2127.3654036411717,2130.4696439437535,2124.55809406255,,2105.4899061235633,2088.8039432704536,2188.597832563988,2160.4123872726955,2199.9289602127515,2175.002496413723,2177.3611111111113
394540,511,"Dublin, GA",msa,GA,,,,,,,,,,,,,,,,,,,,,,,,,,,,,,,,,,,,,,,,,,,,,,,,,,,,,,,,,,,,,,,,,,,,,,,,,,,,,,,,,,,,,,,,,,,,,,,,,,,,,,,,,,,,,,,,,,,,,,,,,,,,,,,,,,,,,,,,1495.6203477558,1487.021593043461,1571.9941793532441,1577.0638238774065,1582.5
395105,513,"Somerset, KY",msa,KY,,,,,,,,,,,,,,,,,,,,,,,,,,,,,,,,,,,,,,,,,,,,,,,,,,,,,,,,,,,,,,,,,,,,,,,,,,,,,,,,,,,,,,,,,,,,,,,,,,,,,,,,,,,,,,,,,,,,,,,,,,,,,,,,,,,,,,,,1631.2448187502362,1598.3120807227358,1569.026491313784,1547.6787695345413,1533.3333333333333
394496,514,"Coos Bay, OR",msa,OR,,,,,,,,,,,,,,,,,,,,,,,,,,,,,,,,,,,,,,,,,,,,,,,,,,,,,,,,,,,,,,,,,,,,,,,,,,,,,,,,,,,,,,,,,,,,,,,,,,,,,,,,,,,,,,,,,,,,,,,,,,,,,,,,,,,,,,,,,2118.4847236070254,2171.290090750697,2201.0122701004225,2164.972222222222
395020,517,"Rexburg, ID",msa,ID,,,,,,,,,,,,,,,,,,,,,,,,,,,,,,,,,,,,,,,,,,,,,,,,,,,,,,,,,,,,,,,,,,,,,,,,,,,,,,,,,,,,,,,,,,,,,,,,,,,,,,,,,,,,,,,,,,,,,,,,,,1478.9495539373447,1480.2834411452404,1471.5830373242666,1474.8710084943368,1488.7914491975869,1499.3519293670086,1508.638673681888,1522.2279084181462,1505.201370446248,1530.6390413568815,1535.1968899699564,1578.4181627638684,1559.414242922567,1567.1061143849204,1555.7391563006179,1563.4421370643304,1561.8968634792463,1556.5927551274979,1553.9682539682537
394787,518,"Lewiston, ID",msa,ID,,,,,,,,,,,,,,,,,,,,,,,,,,,,,,,,,,,,,,,,,,,,,,,,,,,,,,,,,,,,,,,,,,,,,,,,,,,,,,,,,,,,,,,,,,,,,,,,,,,,,,,,,,,,,,,,,,,,,,,,,,,,,,,,,,,,,,,,,,,,2600.0
394759,519,"Laconia, NH",msa,NH,,,,,,,,,,,,,,,,,,,,,,,,,,,,,,,,,,,,,,,,,,,,,,,,,,,,,,,,,,,,,,,,,,,,,,,,,,,,,,,,,,,,,,,,,,,,,,,,,,,,,,,,,,,,,,,,,,,,,,,,,,,,,,,,,,,,,,,,,,,2495.978086274909,2370.0
394629,520,"Georgetown, SC",msa,SC,,,,,,,,,,,,,,,,,,,,,,,,,,,,,,,,,,,,,,,,,,,,,,,,,,,,,,,,,,,,,,,,,,,,,,,,,,,,,,,,,,,,,,,,,,,,,,,,,,,,,,,,,,,,,,,,,,,,,,,,,,,,,,,,,,,,,,,,,,,,1687.5
394343,521,"Athens, OH",msa,OH,,,,,,,,,,,,,,,,,,,,,,,,,,,,,,,,,,,,,,,,,,,,,,,,,,,,,,,,,,,,,,,,,,,,,,,,,,,,,,,,,,,,,,,,,,,,,,,,,,,,,,,,,,,,,,,,,,,,,,,,,,,,,,,,,,,,,,,1401.200105059235,1398.9874692670712,1455.1266915110612,1506.9848554675016,1496.0082121192174,1516.6666666666667
395063,522,"Sanford, NC",msa,NC,,,,,,,,,,,,,,,,,,,,,,,,,,,,,,,,,,,,,,,,,,,,,,,,,,,,,,,,,,,,,,,,,,,,,,,,,,,,,,,,,,,,,,,,,,,,,,,,,,,,,,1705.5492671380714,1676.400041419629,1703.305258835332,1689.3385527309508,1715.9636359461774,1685.9086028312722,1706.4251773564147,1681.1227495659361,1706.6914204644013,1711.1470212569516,1732.4788031513478,1759.206630450597,1775.5085611737293,1810.7546150327746,1805.1361718629157,1806.9316454049394,1783.911221403845,1783.2186100625247,1770.2934192602236,1749.8176449252264,,1754.1718382716392,1768.939416311003,1794.5638444083866,1785.2376885583592,1800.8635827008618,1823.6394869559808,1822.9916921114811,1844.6287081361424,1817.8131391545044,1838.458914563555,1829.1622662132634,1831.4893555600836,1837.0299054580285,1854.9415861048037,1868.115574704012,1866.1716436806203,1839.6468842033528,1849.75
394570,523,"Enid, OK",msa,OK,,,,,,,,,,,,,,,,,,,,,,,,,,,,,,,,,,,,,,,,,,,,,,,,,,,,,,,,,,,,,,,,,,,,,,,,,,,,,,,,,,,,,,,,,1055.0816510907487,1072.172485286326,1084.261311304585,1094.2923576685528,1098.6221996168163,1082.2117170568706,1077.0375819716335,1065.7056974545653,1093.6983713458187,1097.6947301769533,1107.7112215512248,1095.590455083557,1099.9073124095587,1098.893554165165,1103.6725221599233,1103.017168356333,1107.7909955472817,1119.779817896009,1122.3952571372406,1125.6470714123368,1127.9481990148877,1130.6357132003895,1138.6940897491763,1138.4806680657173,1155.4176650380407,1161.3253327929062,1162.5384036195585,1159.27474447838,1155.4593347133184,1150.6112381906723,1166.2508381691985,1173.846823614966,1206.0384871281778,1206.5721718523298,1205.4067721530594,1199.1624681606388,1202.788974889813,1219.9704610608185,1210.823159270024,1211.2468562267516,1219.3770341517952,1223.7115146819485,1208.498543286745,1200.650901159343,1212.4611778944675,1233.719170199276,1243.0603135737795,1253.0716662991642,1253.8447427985245,1248.9386785838535,1242.7412752139473,1247.7546296296296
395199,525,"Walla Walla, WA",msa,WA,,,,,,,,,,,,,,,,,,,,,,,,,,,,,,,,,,,,,,,,,,,,,,,,,,,,,,,,,,,,,,,,,,,,,,,,,,,,,,,,,,,,,,,,,,,,,,,,,,,,,,,,,,,,,,,,,,,,,,,,1975.6848904050407,1991.512911533493,1992.5592879315443,2013.8316793364306,2008.2642782292935,2019.4032070246565,2019.1695861979108,2008.3785022942143,1969.774719607365,1984.1743547287338,1995.2688989668463,1996.8414495752331,1931.7906718730069,1955.513290118836,1979.6772506494992,2031.8165024483894,2013.2572583522176,2054.633488239363,2087.8302870929383,2076.0319915316836,2059.5873015873017
394309,526,"Albemarle, NC",msa,NC,,,,,,,,,,,,,,,,,,,,,,,,,,,,,,,,,,,,,,,,,,,,,,,,,,,,,,,,,,,,,,,,,,,,,,,,,,,,,,,,,,,,,,,,,,,,,,,,,,,,,,,,,,,,,,,,,,,,,,,,1449.634223637248,1457.1821069372172,1435.5232726942097,1458.8016127220426,1508.5560345835077,1537.379355237224,1525.768768290841,1506.8254149243307,1490.2214366944781,1503.039498306939,1499.842038673198,1524.5251119699242,1501.9513307556695,1503.720968835908,1490.822270041297,1515.744897791424,1543.9575883287275,1578.067720946921,1610.0341653029525,1589.7041807636804,1562.1666666666667
394701,527,"Hutchinson, KS",msa,KS,,,,,,,,,,,,,,,,,,,,,,,,,,,,,,,,,,,,,,,,,,,,,,,,,,,,,,,,,,,,,,,,,,,,,,,,,,,,,,,,,,,,,682.8517107610191,704.9957984395206,695.8665290355591,707.5144223894375,703.0476757899163,709.0310425851889,,733.8157713183159,726.6943800051287,724.5572019079009,718.5908455695935,730.8961577614164,734.8352157140175,752.8313116889681,767.07912394884,767.619600744235,768.6357711802965,773.0207735793412,777.3748316225838,782.8163186450558,779.0297696374416,784.2168468224918,782.577068778189,776.6994994101193,777.0398445384822,776.1733279246923,793.1734795432421,788.9681229891812,800.0123212014927,799.5621330741029,814.0358792389754,815.3733106866628,816.068009175061,811.1919983635863,809.3677860717687,813.9578176895046,806.8428269262154,819.4357730224589,835.2916428376432,857.1741230104795,858.0679458853941,852.4633872828776,853.6416869197486,852.0437519365012,841.5687760395225,843.128347033159,839.124512048423,857.6329276936236,854.859062032879,868.7585258036291,868.6318384358946,880.9952841259436,901.1489319081702,903.5755981966408,906.1996527884594,887.7777777777778
394693,528,"Hudson, NY",msa,NY,,,,,,,,,,,,,,,,,,,,,,,,,,,,,,,,,,,,,,,,,,,,,,,,,,,,,,,,,,,,,,,,,,,,,,,,,,,,,,,,,,,,,,,,,,,,,,,,,,,,,,,,,,,,,,,,,,,,,,,,,,,,,,,,,,,,,,,,2928.155346908989,2988.656953127527,2922.740086942256,3008.6218242559476,2957.2222222222226
395124,529,"Starkville, MS",msa,MS,,,,,,,,,,,,,,,,,,,,,,,,,,,,,,,,,,,,,,,,,,,,,,,,,,,,,,,,,,,,,,,,,,,,,,,,,,,,,,,,,,,,,,,,,,,,,,,,,,,,,,,,,,,,,,,,,,,,,,,,,,,,,,,,,,,1573.9187635801698,1620.8073026177133,1583.8688498289112,1678.2253099203062,1695.2448325846976,1706.351284360422,1599.0930405976956,1606.1032454162073,1610.1262969807035,1661.6666666666667
394443,530,"Carlsbad, NM",msa,NM,,,,,,,,,,,,,,,,,,,,,,,,,,,,,,,,,,,,,,,,,,,,,,,,,,,,,,,,,,,,,,,,,,,,,,,,,,,,,,,,,,,,,,,,,,,,,,,,,,,,,,,,,,,,,,,,,,,,,,,,,,,,,,,,,,,,,,,,,,,2035.4193619508774,2058.3333333333335
394509,534,"Crossville, TN",msa,TN,,,,,,,,,,,,,,,,,,,,,,,,,,,,,,,,,,,,,,,,,,,,,,,,,,,,,,,,,,,,,,,,,,,,,,,,,,,,,,,,,,,,,,,,,,,,,,,,,,,,,,,,,,,,,,,,,,,,,,,,,,,,,,,,,,,,,,,1705.1691245428792,1749.9162649292437,1801.4357649677984,1791.6252124486448,1763.9199991146795,1714.2857142857144
845162,535,"Granbury, TX",msa,TX,,,,,,,,,,,,,,,,,,,,,,,,,,,,,,,,,,,,,,,,,,,,,,,,1322.1522635164692,1354.2367680571492,1396.709042458712,1429.8404033965292,1431.0514386171062,1411.2896207388021,1420.428866026281,1435.3552565284401,1440.6947978826227,1435.4432171012672,1417.3608916666492,1427.3224524250484,1426.0905613089483,1446.8065607316048,1442.4010469246662,1460.9643121759136,1460.136105589256,1480.8306710484806,1487.184091128732,1491.0659806959618,1470.4003640226247,1466.1239143068751,1479.4784231893113,1508.6609481607484,1526.9948763229766,1538.1831676206557,1515.1093881721777,1527.74497785829,1548.9096823944788,1595.2180645928368,1594.9403011985776,1635.2548139774042,1638.8368376459373,1670.9291815776655,1635.8638288612387,1690.0104597003342,1712.4277249195943,1750.6182977203362,1751.0057769336136,1770.8859939951442,1780.784762531405,1779.8194153475822,1785.925909637524,1809.4703775616283,1820.689758655392,1849.787254039634,1850.7714293827487,1861.2296455819976,1864.8158493687636,1865.2996351068925,1865.2941311733384,1862.072729017304,1858.2036738331863,1845.8662030715532,1848.759814027669,1862.4226448014292,1896.46897430366,1870.9099482900328,1861.4081601083024,1848.9164330743683,1863.2505812420682,1879.7635181127803,1881.712697612522,1891.8810640214363,1899.056263216709,1909.1602994170266,1895.609557146096,1915.420158161271,1918.2368578394523,1934.9506534002999,1913.8262414630674,1905.1121425520464,1920.2355514326566,1935.2632239536194,1934.2277940765587,1919.7400304559449,1909.458471749553,1912.7052301974563,1932.099576028455,1959.9505692553569,1962.267655822582,1958.1947462502162,1940.3180496850111,1944.611906817584,1944.9347459327298,1957.6058678490233,1990.2747784337491,1994.915375782308,1976.2687316326303,1968.5530654003505,2012.5631012571687,2033.0567747662535,2047.6000000000001
395049,537,"Salina, KS",msa,KS,,,,,,,,,,,,,,,,,,,,,,,,,,,,,,,,,,,,,,,,,,,,,,,,,,,,,,,,,,,,,,,,,,,,,,,,,,,,,,,,,,,,,,,,,,,,,,,,,,,,,920.1141310516434,948.6059879647431,949.2482988589088,941.9762781593228,939.0835833590344,949.1890264797848,946.0909111790006,956.6793135778943,960.2472543844509,964.8250625005522,965.9746838561598,969.3437386100703,982.7620187871551,979.566460713405,982.7787451785421,985.9165494651028,990.1202731760322,1015.8177174463614,1027.8232208864945,1028.243595077609,1006.7597078616126,997.8470434703805,1006.1380630946844,1006.4613006211648,1015.6020823173071,1035.7759842328871,1048.7577248071877,1049.6960032529641,1036.0627921004839,1028.090311908975,1024.0589046298235,1036.3093225928742,1036.0484994721653,1068.824520383252,1067.548048774132,1103.4553354324044,1084.4333594922182,1114.6735159754696,1112.8790269032522,1127.7083333333333
394939,542,"Oneonta, NY",msa,NY,,,,,,,,,,,,,,,,,,,,,,,,,,,,,,,,,,,,,,,,,,,,,,,,,,,,,,,,,,,,,,,,,,,,,,,,,,,,,,,,,,,,,,,,,,,,,,,,,,,,,,,,,,,,,,,,,,,,,,,,,,,,,,,,,,,,,,,,,,,2037.6366542082799,2023.3333333333333
394490,543,"Columbus, MS",msa,MS,,,,,,,,,,,,,,,,,,,,,,,,,,,,,,,,,,,,,,,,,,,,,,,,,,,,,,,,,,,,,,,,,,,,,,,,,,,,,,,,,,,,,,,,,,,,,,,,,,,,,,,,,,,,,,,,,,,,,,,,1470.3060928391023,1461.667961230643,1459.7199086539265,1445.5073547892966,1483.672917793868,1489.972163649132,1502.6605400474596,1492.3745005042924,1498.677008805435,1520.0981369341687,1540.786447505413,1545.6788413250174,1529.8587324800708,1503.6840696126246,1537.8063976953415,1553.9253043157184,1567.2522182232124,1513.9411055287312,1578.145390033543,1593.2651553810113,1665.9166666666667
394923,544,"Norwalk, OH",msa,OH,,,,,,,,,,,,,,,,,,,,,,,,,,,,,,,,,,,,,,,,,,,,,,,,,,,,,,,,,,,,,,,,,,,,,,,,,,,,,,,,,,,,,,,,,,,,,,,,,,,,,,,,,,,,,,,,,,,,,,,,,,,,,,,,,,,,,,,,,,,1645.867873690866,1682.0
394365,545,"Batavia, NY",msa,NY,,,,,,,,,,,,,,,,,,,,,,,,,,,,,,,,,,,,,,,,,,,,,,,,,,,,,,,,,,,,,,,,,,,,,,,,,,,,,,,,,,,,,,,,,,,,,,,,,,,,,,,,,,,,,,,,,,,,,,,,,,,,,,,,,,,,,,,,,,,,2000.0
394336,546,"Ardmore, OK",msa,OK,,,,,,,,,,,,,,,,,,,,,,,,,,,,,,,,,,,,,,,,,,,,,,,,,,,,,,,,,,,,,,,,,,,,,,,,,,,,,,,,,,,,,,,,,,,,,,,,,,,,,,,,,,,,,,,,,,,,,,,,,,1109.3826073336224,1127.9599231992804,1127.8587969859366,1119.9904032948946,1100.997592267942,1130.6699338189792,1147.5603048739663,1188.71077392369,1156.5176037474346,1165.8433513764705,1122.5449319888758,1144.61322879436,1145.8694420955624,1167.0820749168738,1187.6431346609825,1203.3504255359292,1189.6423595273204,1170.0025591504796,1170.0317460317463
394592,550,"Fernley, NV",msa,NV,,,,,,,,,,,,,,,,,,,,,,,,,,,,,,,,,,,,,,,,,,,,,,,,,,,,,,,,,,,,,,,,,,,,,,,,,,,,,,,,,,,,,,,,,,,,,,,,,,,,,,,,,,,,,,,,,,,,,,,,,,,,,,,,,,,,,,,,,2274.5308519191817,2308.2872396362213,2343.617109869472,2307.1111111111113
394444,551,"Carson City, NV",msa,NV,,,,,,,,,,,,,,,,,,,,,,,,,,,,,,,,,,,,,,,,,,,,,,,,,,,,,,,,,,,,,,,,,,,,,,,,,,,,,,,,,,,,,,,,,,,,,,,,,,,,,,2100.606394173833,2083.2501930537455,2127.314508743622,2187.9085461342793,2163.9346979711763,2166.7569571039953,2121.7547126267755,2156.04619749754,2190.0002344676805,2192.796310767368,2185.39548642892,2181.1561841276325,2210.607603561432,2231.464037914383,2267.7402162169356,2264.9290475088533,2273.0269983034623,2247.266902770261,2279.031653339862,2265.8055812141365,2269.5438825527403,2278.2683615771825,2313.014803958414,2340.2923731451183,2326.2989935927612,2337.643207095824,2319.821710175366,2335.3966690519032,2357.5290249574423,2362.9162655963146,2347.2995752458864,2321.3765352165724,2343.0677491524643,2373.0291921547678,2425.5368980152075,2430.0229158236784,2455.833177021316,2440.3840900577006,2455.178571428571
394432,553,"Calhoun, GA",msa,GA,,,,,,,,,,,,,,,,,,,,,,,,,,,,,,,,,,,,,,,,,,,,,,,,,,,,,,,,,,,,,,,,,,,,,,,,,,,,,,,,,,,,,,,,,,,,,,,,,,,,,,,,,,,,,,,1582.9571025487012,1584.8180384210384,,1575.982831131649,1594.7327061386993,,1618.374496756122,1628.590111081985,1624.5084506968547,1690.0381630930533,,,1680.7878774557253,1693.7211161063328,,1681.4632006393952,1689.7155169873301,1689.2386175012311,1696.1832741978697,1712.2611532311107,1721.1785217121715,1719.0724601629993,1688.5322471121342,1658.5439615356286,1650.893800770767,1658.5741706557162,1681.4465045764866,1677.9098054381,1696.9080112951722,1727.5
753877,554,"Cullowhee, NC",msa,NC,,,,,,,,,,,,,,,,,,,,,,,,,,,,,,,,,,,,,,,,,,,,,,,,,,,,,,,,,,,,,,,,,,,,,,,,,,,,,,,,,,,,,,,,,,,,,,,,,,,,,,,,,,,,,,,,,,,,,,,,,,,,,,,,,,,,,,,,,,,,1937.5
394582,556,"Fairmont, WV",msa,WV,,,,,,,,,,,,,,,,,,,,,,,,,,,,,,,,,,,,,,,,,,,,,,,,,,,,,,,,,,,,,,,,,,,,,,,,,,,,,,,,,,,,,,,,,,,,,,,,,,,,,,,,,,,,,,,,,,,,,,,,,,,,,,,,,,,,,,,1183.247067329961,1163.3459924012395,1183.8311342099814,1216.400830657475,1306.6694195011019,1331.9444444444443
394621,558,"Gaffney, SC",msa,SC,,,,,,,,,,,,,,,,,,,,,,,,,,,,,,,,,,,,,,,,,,,,,,,,,,,,,,,,,,,,,,,,,,,,,,,,,,,,,,,,,,,,,,,,,,,,,,,,,,,,,,,,,,,,,,,,,,,,,,,,,,,,,,,,,,,,,,,,,,,1266.449542431072,1257.0
394977,559,"Picayune, MS",msa,MS,,,,,,,,,,,,,,,,,,,,,,,,,,,,,,,,,,,,,,,,,,,,,,,,,,,,,,,,,,,,,,,,,,,,,,,,,,,,,,,,,,,,,,,,,,,,,,,,,,,,,,,,,,,,,,,,,,,,,,,,,,,,,,,,,,,,,,,,,,,,1200.0
394411,561,"Branson, MO",msa,MO,,,,,,,,,,,,,,,,,,,,,,,,,,,,,,,,,,,,,,,,,,,,,,,,,,,,,,,,,,,,,,,,,,,,,,,,,,,,,,,,,,,,,,,,,,,,,,,,,,,,,,1427.9859654117558,1433.2776663331128,1445.2443142925993,1450.2851581603545,1447.189042883817,1448.4614222395135,1451.6955140343048,1453.080538219161,1459.6587335023246,1495.7583155601542,1501.7375597004843,1503.3980352157416,1492.588805217218,1505.1894333117123,1504.92992731804,1477.0215336880374,1469.8309924862242,1443.214774401716,1469.5667574672905,1425.157198562774,1475.8458485270808,1481.9792081388837,1553.0693258182832,1533.601849703913,1559.4757811361833,1563.9401221134008,1583.7163263238328,1560.3914136542614,1553.2892682667925,1529.3378312414072,1579.233264246012,1553.878037587638,1606.693884373971,1589.734952458597,1652.4128374345614,1650.4171730705434,1662.995600511038,1677.0112154741896,1677.7777777777776
394446,562,"Cedar City, UT",msa,UT,,,,,,,,,,,,,,,,,,,,,,,,,,,,,,,,,,,,,,,,,,,,,,,,,,,,,,,,,,,,,,,,,,,,,,,,,,,,,,,,,,,,,,,,,,,,,,,,,,,1481.5211157704525,1509.8668231124832,1535.8630519573492,1533.5968577715926,1554.6554064756012,1530.4538838512728,1561.3582978776856,1566.6040186303794,,1545.505408333917,1532.8931102356705,1549.2273987165422,1557.3723840286975,1571.6955536620571,1568.4539288602555,1577.633523549649,1581.8944830159733,1577.611264915546,1590.919539884392,1590.5060383326302,1595.5650466298353,1575.8153672216245,1569.5536076696626,1566.2423384696817,1569.393469724611,1583.3863747957419,1593.2686696112914,1601.3405456097119,1597.3243927015624,1612.0524443029954,1617.5264072497896,1619.8351290896649,1604.999353916625,1607.775293144758,1626.3165266637313,1629.6616861140367,1634.1729310817032,1646.4928083183192,1649.084662881152,1652.004770837695,1637.1918807524687,1647.6666666666667
394951,564,"Oxford, MS",msa,MS,,,,,,,,,,,,,,,,,,,,,,,,,,,,,,,,,,,,,,,,,,,,,,,,,,,,,,,,,,,,,,,,,,,,,,,,,,,,,,,,,,,,,,,,,,,,,,,,,,,,,,,,,1732.784366619754,1737.8129015149057,1717.0375168798673,1666.7076322878136,1648.331753409457,1683.3293919490004,1762.1143588007842,1790.4259357431245,1821.176845083027,1826.2120791120135,1897.9773416909945,1973.153972907899,2026.9332190235243,2049.6944705762726,2016.070491687431,1991.8910922205625,1962.2500903847993,1961.2708119821261,2005.5669840667993,2026.054019723706,2020.8557812702418,2018.463500842659,2015.9186592994383,2047.968120120493,2053.8934376430407,2105.0128341012723,2124.1410877036114,2148.082973755666,2124.0258693029823,2112.7165737168593,2119.4292892252615,2117.249687501281,2096.973816467371,2142.7778481805503,2151.508520274701,2237.5396825396824
394556,566,"Edwards, CO",msa,CO,,,,,,,,,,,,,,,,,,,,,,,,,,,,,,,,,,,,,,,,,,,,,,,,,,,,,,,,,,,,,,,,,,,,,,,,,,,,,,,,,,,,,,,,,,,,,,,,,,,,,,,,,,,,,,,,,,,,,,,,,,,,,,,,,,,,,5131.298756800114,5216.952437626181,5192.704955963892,5585.913943220463,5599.849435675293,5630.500263941857,5313.900190849262,5233.333333333333
394547,567,"Durango, CO",msa,CO,,,,,,,,,,,,,,,,,,,,,,,,,,,,,,,,,,,,,,,,,,,,,,,,,,,,,,,,,,,,,,,,,,,,,,,,,,,,,,,,,,,,,,,,,,,,,,,,,,,,,,,,,,,,,,,,,,,,,,,,,2633.4235846156243,2639.976814028349,2613.9890762582913,2644.063981186529,2643.5615731472762,2642.1735467774306,2646.94632455065,2656.721735273135,2700.1596576773522,2637.661973633524,2597.604377351655,2497.6613887929066,2514.6281544174535,2614.576932441368,2656.8040568286588,2732.269036935635,2667.588951204285,2729.357605762436,2710.491477466129,2797.5
394750,568,"Kinston, NC",msa,NC,,,,,,,,,,,,,,,,,,,,,,,,,,,,,,,,,,,,,,,,,,,,,,,,,,,,,,,,,,,,,,,,,,,,,,,,,,,,,,,,,,,,,,,,,,,,,,,,,,,,,,,,,,,,,,,,,,,,,,,,,,,,,,,,,,,,,,,1194.880062664895,1242.510280574453,1240.1306340879355,1282.7448469651083,1335.905738973156,1333.3333333333333
753920,569,"Sonora, CA",msa,CA,,,,,,,,,,,,,,,,,,,,,,,,,,,,,,,,,,,,,,,,,,,,,,,,,,,,,,,,,,,,,,,,,,,,,,,,,,,,,,,,,,,,,,,,,,,,,,,,,,,,,,,,,,,,,,,,,,,,,,,,,,,,,,,,,,,,,,,,,,,,1693.75
394366,571,"Batesville, AR",msa,AR,,,,,,,,,,,,,,,,,,,,,,,,,,,,,,,,,,,,,,,,,,,,,,,,,,,,,,,,,,,,,,,,,,,,,,,,,,,,,,,,,,,,,,,,,,,,,,,,,,,,,,,,,,,,,,,,,,,,,,,,,,,,,,,,,,,,,,,,,,,923.7483211044116,975.0
394566,573,"Elko, NV",msa,NV,,,,,,,,,,,,,,,,,,,,,,,,,,,,,,,,,,,,,,,,,,,,,,,,,,,,,,,,,,,,,,,,,,,,,,,,,,,,,,,,,,,,,,,,,,,,,,,,,,,,,,,,,,,,,,,,,,,,,,,,,,,,,,,,,,,,,,,,,,,,2225.0
395122,576,"St. Marys, GA",msa,GA,,,,,,,,,,,,,,,,,,,,,,,,,,,,,,,,,,,,,,,,,,,,,,,,,,,,,,,,,,,,,,,,,,,,,,,,,,,,,,,,,,,,,,,1395.8045455793479,,,,1524.5263997475145,1521.8479108370063,1556.1488786928653,1597.433315378212,1586.9685719771662,1595.138054052916,1601.8558431331433,1625.70194439302,1651.4124442467696,1682.4126897771632,1723.0168944141926,1693.524949161787,1678.1702454417634,1655.084676132003,1638.0797539098992,1642.060276156828,1635.661710701947,1674.1918494385775,1694.4286023438551,1702.0774245215473,1725.4018572086477,1719.8601507349406,1735.7721798886073,1732.529442100946,1740.9379590073538,1739.0776257446662,1724.9577608317863,1723.5218545853265,1735.7889490543803,1745.5704274346604,1742.6410539326182,1773.0247141215298,1780.673501920438,1807.678411879665,1774.6409615860753,1789.5018708521063,1779.7237192407695,1780.9069410312754,1801.0489668513248,1818.8961190645791,1820.141223710636,1797.592444180234,1788.5626439157513,1801.4057474343967,1811.8632123392747,1812.547266266857,1820.0206060749513,1816.3446806070444,1851.6567139993879,1867.306818181818
394402,577,"Boone, NC",msa,NC,,,,,,,,,,,,,,,,,,,,,,,,,,,,,,,,,,,,,,,,,,,,,,,,,,,,,,,,,,,,,,,,,,,,,,,,,,,,,,,,,,,,,,,,,,,,,,,,,,,,,,,,,,,,,,,,,,,,,,,,,,,,,,,,,,2620.5475511591007,2653.227571340048,2613.070871501873,2596.9951758491716,2688.0710717997013,2671.3039431068287,2666.3038047219316,2637.783508625444,2701.6894274134243,2674.984548320619,2674.5833333333335
395204,578,"Warrensburg, MO",msa,MO,,,,,,,,,,,,,,,,,,,,,,,,,,,,,,,,,,,,,,,,,,,,,,,,,,,,,,,,,,,,,,,,,,,,,,,,,,,,,,,,,,,,,,,1131.3647413420454,1134.818407135758,1116.7017867782567,1107.3707900512086,1110.5907425329642,1102.6685338796435,1119.3326741490885,1130.0741541046434,1140.0268168640932,1145.8322559139342,1169.5714526727352,1187.3897921088721,1190.6304116020651,1185.469332330861,1187.161411584837,1168.8335918999724,1182.3144454947628,1188.6992798862436,1213.9134783151992,1207.6502588309002,1204.4107165961627,1218.361152970618,1220.541009244614,1243.3898898317327,1247.5973019948833,1263.074372693929,1261.943043852838,1267.6115451583987,1284.3217402672942,1279.6997498769751,1283.2523962220587,1261.9936528514668,1275.5660125300549,1277.8179641216402,1291.9166840846128,1299.21622318174,1307.3797106887732,1314.455160685052,1318.5835609158992,1337.6088103663756,1345.3189768406978,1358.422937309101,1361.4729412978716,1340.077776468939,1341.6509022830676,1349.0270460122586,1383.9738717903153,1378.3849570041373,1367.040619886695,1376.7137812772755,1368.5493901567427,1379.2658833829942,1388.750462159267,1430.4814814814815
394604,580,"Fort Leonard Wood, MO",msa,MO,,,,,,,,,,,,,,,,,,,,,,,,,,,,,,,,,,,,,,,,,,,,,,,,,,,,,,,,,,,,,,,,,,,,,,,,,,,,,,,,,,,,,,,,,,,,,,,,,,,,1287.1457576694108,1262.6614977505176,1283.2619366418073,1283.62179249918,1314.4186454631817,1318.7670084213491,1330.080052536087,1325.115212323534,1350.6901100777566,1350.4916389313407,1376.2922138740516,1370.4688219894392,1380.2520266562378,1380.5844667221472,1392.744199759197,1420.4258379331393,1427.7532188379125,1444.5735022708354,1447.4138740127614,1447.1903791151642,1450.2962373403197,1445.0258166542003,1450.077765442903,1486.4541242167588,1499.2461446022342,1525.8926539260158,1519.5401424824179,1531.288144672061,1529.9413560500407,1530.6273014341914,1548.6189000249565,1547.0370070972708,1551.8455057486763,1608.950468386057,1622.7302138375776,1653.5789824184271,1625.9332532821625,1640.2224867102998,1637.752212678884,1640.8507139879364,1665.7651515151513
394562,582,"Elizabeth City, NC",msa,NC,,,,,,,,,,,,,,,,,,,,,,,,,,,,,,,,,,,,,,,,,,,,,,,,,,,,,,,,,,,,,,,,,,,,,,,,,,,,,,,,,,,,,,,,,,,,,,,,,,,,,,,,,,,,,,,,,1482.058507807855,1491.5209367765667,1508.2998917749537,1479.6341674278958,1488.1619983813296,1499.0367020244591,1504.9408081525037,1497.8077249887504,1514.7232721200828,1506.7873754477223,1541.8421583496809,1551.7777731170174,1560.9428897860648,1552.901512168184,1566.668056299858,1560.248008678543,1555.5419070690427,1547.1398715232085,1583.9991211237755,1588.1013108365157,1565.140728116855,1565.5051065145112,1587.387121255431,1632.3447333750455,1638.757531893998,1647.2713832840811,1623.3436075288241,1629.9166666666667
394344,584,"Athens, TN",msa,TN,,,,,,,,,,,,,,,,,,,,,,,,,,,,,,,,,,,,,,,,,,,,,,,,,,,,,,,,,,,,,,,,,,,,,,,,,,,,,,,,,,,,,,,,,,,,,,,,,,,,,,,,,,,,,,,,,,,,,,,,,,,,,,,,,,,,,,1320.4336362625486,1303.7054761767129,1329.9649507974023,1307.0724964665387,1302.3678189435261,1275.64146369961,1286.6666666666667
394571,585,"Enterprise, AL",msa,AL,851.1592726225493,851.3313988652409,849.0302885368562,848.7556050628,852.2876875212631,853.7022591325904,859.7911087988373,854.9818223570763,857.4608412331236,858.2099868073385,862.3742226537005,861.9962005205562,856.9234309480951,856.2385716174454,858.1930376983441,859.7923370184964,858.8709829057473,856.6204549541474,858.1683298807914,861.1218865035331,862.9640834543366,866.9085289722004,868.9504340472006,872.6787956679809,877.9398695492209,879.2418646849742,882.127473883323,883.0926403180549,886.5547573501625,885.3581381424301,883.007232442461,884.0189650969361,887.1237171737507,887.4227903163724,886.5309526579481,885.7329483453972,879.1187473116397,877.2925374022867,874.1940208881017,883.8269881843721,890.047140837633,899.747364659064,904.5434528512152,914.7160257929744,912.4146573265126,914.3560377214848,907.0006107145891,913.8613477944095,917.8032601076427,924.3835008202436,920.3188722355259,919.737816731534,924.9876597054308,934.6538291565093,939.26095103482,939.9855133035549,947.3501010245843,946.7114688014296,949.9609520792112,939.9962030710194,943.5476409081789,945.3905717360939,957.7933069131757,965.2256660318029,973.7233560357519,983.156654189918,,995.6136539173655,998.205492767573,1005.7158270248466,1004.4940692328854,1025.9226495204202,,1102.8791654336242,1102.292279439719,1082.871846886274,1084.762333425143,1107.150813668535,1110.6295083393711,1116.4939881440957,1103.6625494306995,1114.9889127700358,1126.101946610879,1134.6660543721723,1167.2869557035153,1197.3875977224861,1242.0640232556766,1251.1508600653872,1262.9669193633372,1280.1724375832728,1267.8336565359878,1263.900855934591,1253.6283624604123,1265.4641253790874,1276.3054189341358,1278.2286455338885,1280.8718279993827,1281.6218577764864,1301.3183790477126,1308.2682884122476,1322.761139671796,1322.6965923286584,1336.0023741917519,1336.5111489383387,1323.6977630839676,1323.0500789490004,1318.2826267684213,1336.0704100386868,1343.9363487609048,1351.7275837442485,1337.0618792744929,1337.099769753064,1344.3856844985933,1365.7164248781103,1367.5934839672354,1370.0440416897168,1380.8769453999298,1384.808560549851,1392.4621710917143,1389.0423439680974,1389.4402568457556,1390.0057298327256,1387.688826315447,1391.851682522071,1390.0401076398684,1395.2538391233252,1402.2792198413956,1410.3169698947668,1424.4259016804097,1434.2648680058867,1440.2752868718408,1425.7060310159275,1414.022879415344,1412.368240950136,1438.5843573113536,1451.7574138930606,1461.327484911987,1449.6637957234532,1458.3697312759957,1469.1666666666667
394339,586,"Ashland, OH",msa,OH,,,,,,,,,,,,,,,,,,,,,,,,,,,,,,,,,,,,,,,,,,,,,,,,,,,,,,,,,,,,,,,,,,,,,,,,,,,,,,,,,,,,,,,,,,,,,,,,,,,,,,,,,,,,,,,,,,,,,,,,,,,,,,,,,,,,,,,,,,,1245.4279728645643,1275.0
395073,587,"Scottsboro, AL",msa,AL,,,,,,,,,,,,,,,,,,,,,,,,,,,,,,,,,,,,,,,,,,,,,,,,,,,,,,,,,,,,,,,,,,,,,,,,,,,,,,,,,,,,,,,,,,,,,,,,,,,,,,,,,,,,,,,,,,,,,,,,,,,,,,,,,,,,,,,,,,1337.0513167926229,1329.1142334403569,1348.3333333333333
394861,588,"Milledgeville, GA",msa,GA,,,,,,,,,,,,,,,,,,,,,,,,,,,,,,,,,,,,,,,,,,,,,,,,,,,,,,,,,,,,,,,,,,,,,,,,,,,,,,,,,,,,,,,,,,,,,,,,,,,,,,,,,,,,,,,,,,,,,,,,1457.6276145500092,1433.5378569973286,1458.2921231275104,1459.636857635261,1519.2179437324455,1523.8726215089239,1549.474298373449,1549.5200895999455,1583.9582484010282,1635.2908277004037,1603.4796278360689,1565.6174905211878,1547.2841657062243,1545.367926466056,1551.5957420304442,1538.4861826771453,1525.506813802151,1530.3100517220703,1595.930554763848,1659.7042561239787,1730.222222222222
394742,589,"Kerrville, TX",msa,TX,,,,,,,,,,,,,,,,,,,,,,,,,,,,,,,,,,,,,,,,,,,,,,,,,,,,,,,,,,,,,,,,,,,,,,,,,,,,,,,,,,,,,,,,,,,,,,,,,,,,1752.9303142738709,1736.042598432227,1749.1795593590937,1774.0491411927082,1789.5358671165864,1768.5576640977606,1764.651845193801,1781.1073508850152,1764.979163521991,1745.977458005451,1764.9574602683865,1808.5306927854583,1824.7554201574399,1798.5916207237408,1783.6465921427316,1788.4960110173904,1787.0185601921125,1777.654549949653,1781.8777290879602,1812.554253803671,1824.523650259176,1830.8882240828646,1814.656391197254,1800.2261091435646,1778.233666050343,1789.097465291083,1800.8428671835866,1838.728834550609,1827.3444094262359,1841.9868724742087,1809.1003224245865,1834.2901874549066,1830.2960014789653,1818.2308137281802,1806.1532508208245,1839.9495899754988,1872.451100663515,1894.021627346632,1870.8943378779502,1888.6569565676211,1877.9166666666667
394363,590,"Bartlesville, OK",msa,OK,,,,,,,,,,,,,,,,,,,,,,,,,,,,,,,,,,,,,,,,,,,,,,,,,,,,,,,,,,,,,,,,,,,,,,,,,,,,,,,,,,,,,,,,,,,,,,,,,,1110.130059492376,1139.737060384095,1145.31695515982,1153.4768692383573,1182.4328819035459,1189.8903624482173,1192.9040408468923,1173.669680560614,1175.910448226747,1171.5070730638292,1176.1996171915257,1156.480882891452,1153.1461899513483,1180.21491373526,1214.554605665979,1230.587055229443,1246.5555011158906,1256.7149960641211,1292.1439239058718,1274.6300171385874,1259.7626023179516,1247.0098192108703,1283.2363493063858,1288.413347311924,1283.8638285981233,1256.310531939882,1292.0190639770435,1315.5328713910615,1320.8396753554805,1312.2673874277996,1317.3983164751728,1325.739775933243,1317.3703832919955,1307.648789284385,1302.2873104603927,1256.3230047634015,1268.4379972271895,1280.9605022571516,1353.9342599909367,1354.8658055723997,1359.6037820836384,1359.4074094418684,1363.611111111111
394503,592,"Corsicana, TX",msa,TX,,,,,,,,,,,,,,,,,,,,,,,,,,,,,,,,,,,,,,,,,,,,,,,,,,,,,,,,,,,,,,,,,,,,,,,,,,,,,,,,,,,,,,,,,,,,,,,,,,,,,,,,,,,,,,,,,,,,,,,,,,,,,,,,,,,,,,,,,,1731.9332377842827,1767.7704889443833,1776.5
394838,598,"Mason City, IA",msa,IA,,,,,,,,,,,,,,,,,,,,,,,,,,,,,,,,,,,,,,,,,,,,,,,,,,,,,,,,,,,,,,,,,,,,,,,,,,,,,,,,,,,,,,,,,,,,,,,,,,,,,,,,,,,,,,,,,,,,,,,,,,,,,,,,,,,,,,,,,,,,1265.0
394954,601,"Pahrump, NV",msa,NV,,,,,,,,,,,,,,,,,,,,,,,,,,,,,,,,,,,,,,,,,,,,,,,,,,,,,,,,,,,,,,,,,,,,,,,,,,,,,,,,,,,,,,,,,,,,,,,,,,,,,,,,,,,,,,,,,,,,,,,,,,,,,,,,,,,,,,,1694.1731093183414,1706.9498048671937,1692.444893601591,,1708.7311763383047,1694.75
394963,602,"Paris, TX",msa,TX,,,,,,,,,,,,,,,,,,,,,,,,,,,,,,,,,,,,,,,,,,,,,,,,,,,,,,,,,,,,,,,,,,,,,,,,,,,,,,,,,,,,,,,,,,,,,,,,,,,,,,,,,,,,,,,,,,,,,,,,,,,,,,,,,,,,,,,,,,,,1723.75
395234,603,"Winona, MN",msa,MN,,,,,,,,,,,,,,,,,,,,,,,,,,,,,,,,,,,,,,,,,,,,,,,,,,,,,,,,,,,,,,,,,,,,,,,,,,,,,,,,,,,,,,,,,,,,,,,,,,,,,,,,,,,,,,,,,,,,,,,,,,,,,,,,,,,,,,,,,,,,1775.0
753905,604,"Newport, OR",msa,OR,,,,,,,,,,,,,,,,,,,,,,,,,,,,,,,,,,,,,,,,,,,,,,,,,,,,,,,,,,,,,,,,,,,,,,,,,,,,,,,,,,,,,,,,,,,,,,,,,,,,,,,,,,,,,,,,,,,,,,,,,2171.456269775539,2195.7081555581376,2195.4776019770443,2237.518308807946,2238.0765347318757,2215.4274662673033,2174.2903065651963,2178.914781060281,2185.8374994284004,2279.6645899536156,2324.965345292833,2392.7744789624676,2350.123843994493,2322.678194178123,2316.450037014176,2424.7807572890188,2477.8545465979146,2452.656056004414,2327.554521681646,2317.3611111111113
753911,608,"Ozark, AL",msa,AL,,,,,,,,,,,,,,,,,,,,,,,,,,,,,,,,,,,,,,,,,,,,,,,,,,,,,,,,,,,,,,,,,,,,,,,,,,,,,,,,,,,,,,,,,,,,,,,,,,,,,,,,,,,,,,,,,,,,,,,,,1479.7078867264865,1484.4994165821297,,1458.686852710896,1449.0712784299794,1449.8039063746332,1449.4219112939259,1439.8155320739518,1455.6058963678379,1484.330123327265,1496.7837213533107,1496.1159271497972,1471.3754242435978,1470.7578101578354,1439.8826659456433,1444.4379521871701,1485.4619480651206,1511.0796841210208,1532.8341959426825,1484.4444444444443
394628,610,"Gardnerville Ranchos, NV",msa,NV,,,,,,,,,,,,,,,,,,,,,,,,,,,,,,,,,,,,,,,,,,,,,,,,,,,,,,,,,,,,,,,,,,,,,,,,,,,,,,,,,,,,,,,,,,,,,,,,,,,,2529.8760105333963,2646.75616415604,2468.7823602146027,2498.3736916626176,2447.9339383179713,2434.5158757678764,2419.559095392093,2453.7474633017123,2512.776353720779,2505.6503668179694,2503.184162726597,2518.759862131306,2526.820485663864,2542.683976666018,2545.5790520215373,2548.031486720155,2513.5134457635927,2512.966810269091,2471.5045247400203,2473.1232893676693,2431.109681477815,2477.910452790855,2495.892025311207,2558.013977139066,2555.2167100831584,2591.4704794281847,2586.8049934162837,2634.418594477869,2633.8289158163766,2592.6598856600854,2576.8133532583515,2554.361009452626,2678.8504203683865,2678.5684326988653,2685.888448647352,2626.892605781341,2769.959299576328,2858.5196639068618,2897.578097652394,2786.5535232152984,2799.0634920634925
394608,611,"Fort Polk South, LA",msa,LA,,,,,,,,,,,,,,,,,,,,,,,,,,,,,,,,,,,,,,,,,,,,,,,,,,,,,,,,,,,,,,,,,,,,,,,,,,,,,,,,,,,,,,,,,,,,,,,,,,,1080.4611001758,1110.4316725181243,1110.073853850401,1131.120386072435,1103.0740666401714,1106.194302849041,1109.8672339002758,1119.1642403176158,1100.4668969558677,1128.6908288583807,1142.5193057290292,1154.5958746234226,1135.4627666531944,1134.8305313387355,1141.4409592359868,1149.8107830549754,1139.5810242815671,1149.8054020648462,1167.2980108645813,1171.720079328358,1170.7629026483307,1160.0273110437831,1150.69318395232,1151.7092664242246,1134.4923269896808,1162.0840261410913,1166.2029062884596,1175.158193178356,1185.3070124864873,1187.3185470473522,1219.501799499224,1213.8614348558203,1210.9482298791945,1192.1090422293337,1195.6194891914652,1221.1421504414975,1251.5359317723821,1231.7785185044443,1225.6646667279929,1213.5975193676647,1260.2769708437272,1278.888888888889
394437,612,"Ca±on City, CO",msa,CO,,,,,,,,,,,,,,,,,,,,,,,,,,,,,,,,,,,,,,,,,,,,,,,,,,,,,,,,,,,,,,,,,,,,,,,,,,,,,,,,,,,,,,,,,,,,,,,,,,,,,,,,,,,,,,,,,,,,,,,,,,,,,,,,,,,,,,1723.4597529808955,1748.8206621559975,1746.3994109679272,1732.7935370579303,1752.4284886302237,1756.1962051649377,1780.2777777777776
394478,615,"Clovis, NM",msa,NM,,,,,,,,,,,,,,,,,,,,,,,,,,,,,,,,,,,,,,,,,,,,,,,,,,,,,,,,,,,,,,,,,,,,,,,,,,,,,,,,,,,,,,,,,,1185.495083822714,1198.2781465286464,1203.1903974431295,1194.681953346884,1198.5247764329363,1215.4985421575861,1246.356857731491,1243.9257639694858,1256.5966603008717,1254.1297879807075,1264.0057553482654,1246.1678002809108,1239.744975555611,1241.808408365764,1259.2634475632606,1264.1260311484648,1285.6737772010104,1302.5397971900454,1314.7673921746566,1310.791332050554,1303.4275614185954,1305.9088787318806,1309.9800025351424,1312.3815882026856,1314.5503996341522,1314.5144310126955,1317.7692135670359,1312.1516650697133,1320.8584717944218,1317.7664651883322,1316.8287235392538,1314.1527838997645,1323.9134643248294,1331.4729728649245,1341.5190107501544,1340.9295216780467,1356.9674802598222,1353.1802189295686,1365.9836903931825,1374.7219513592252,1389.942298809599,,1365.7908182180508,1369.7352874663238,1378.0833651352216,1407.992937497039,1417.2513928233186,1421.4560241895292,1416.9497781383056,1419.2583099003346,1430.0132275132275
394919,616,"Norfolk, NE",msa,NE,,,,,,,,,,,,,,,,,,,,,,,,,,,,,,,,,,,,,,,,,,,,,,,,,,,,,,,,,,,,,,,,,,,,,,,,,,,,,,,,,,,,,,,,,,,,,,,,,,,,,,,,,,,,,,,,,,,,,,,,,,,,,,,,,,,,,,,,,,,1602.1700491317326,1547.5
395043,618,"Ruston, LA",msa,LA,,,,,,,,,,,,,,,,,,,,,,,,,,,,,,,,,,,,,,,,,,,,,,,,,,,,,,,,,,,,,,,,,,,,,,,,,,,,,,,,,,,,,1076.622424095375,1079.4905930107054,1097.4097963973707,1097.6800038874608,1096.781537881079,1107.686932814829,1129.8859709300489,1134.97128106135,1139.4811214382246,1128.1790867030786,1120.7659155581011,1123.726878275842,1143.9364195846915,,1147.8485886142225,1141.7277586165449,1158.2208184620526,1154.9882878387082,1159.0214857993053,1164.3590049446414,1189.2243459268948,1189.6433762722952,1185.3705867290319,1166.4758221017314,1170.0064299681317,1170.1207799292872,1184.6856351901226,1184.8406710861934,1186.1252724572148,1175.200634806589,1185.6175550061498,1196.8896486506155,1213.2239372496801,1205.862101835866,1203.0702786544002,1188.3781286647022,1180.1544483313462,1181.2202604141219,1194.5264151890296,1225.2043869850113,1231.0498211716447,1235.8890508706636,1233.254122997019,1246.2819929604786,1243.4942691968945,1240.3924989760728,1262.975976525463,1270.9611534833664,1268.3176899199054,1250.461255941984,1236.6226711594002,1253.585350645547,1247.557063029043,1267.9503247260823,1279.1455394140512,1309.9761904761906
395008,620,"Pullman, WA",msa,WA,,,,,,,,,,,,,,,,,,,,,,,,,,,,,,,,,,,,,,,,,,,,,,,,,,,,,,,,,,,,,,,,,,,,,,,,,,,,,,,,,,,,,,,,,,,,,,,,,,,,,,,,,,,,,,,,,,,,,,,,,,,,,,,,,,,1995.367306076052,2012.1341117871368,2059.8596966518076,2004.9868031350502,1978.6788688398299,1936.0858186476535,2065.468187849071,2048.574203288555,2120.168923368897,2029.1666666666667
394527,622,"Del Rio, TX",msa,TX,,,,,,,,,,,,,,,,,,,,,,,,,,,,,,,,,,,,,,,,,,,,,,,,,,,,,,,,,,,,,,,,,,,,,,,,,,,,,,,,,,,,,,,,,,,,,,,,,,,,,,,,,,,,,,,,,,,,,,,,,,,,,,,,,,,,,1528.0786399344051,1554.6927324289084,1576.813662165834,1627.195080261218,1589.8422685595613,1589.524587801697,1597.5001330962916,1696.388888888889
395017,624,"Red Wing, MN",msa,MN,,,,,,,,,,,,,,,,,,,,,,,,,,,,,,,,,,,,,,,,,,,,,,,,,,,,,,,,,,,,,,,,,,,,,,,,,,,,,,,,,,,,,,,,,,,,,,,,,,,,,,,,,,,,,,,,,,,,,,,,,,,,,,,,,,,,,,,,,,,1547.86164832286,1562.25
394918,625,"Nogales, AZ",msa,AZ,,,,,,,,,,,,,,,,,,,,,,,,,,,,,,,,,,,,,,,,,,,,,,,,,,,,,,,,,,,,,,,,,,,,,,,,,,,,,,,,,,,,,,,,,,,,,,,,,,,,,,,,,,,,,,,,,,,,,,,,,,,,,,,,,,,,,,,,,,,,2000.0
395144,626,"Tahlequah, OK",msa,OK,,,,,,,,,,,,,,,,,,,,,,,,,,,,,,,,,,,,,,,,,,,,,,,,,,,,,,,,,,,,,,,,,,,,,,,,,,,,,,,,,,,,,,,,,,,,,,,,,,,,,,,,,,,,,,,,,,,,,,,,,,,,,,,,,,,,1452.842771776206,1486.4396526467829,1534.3336908855297,1455.5417235596585,1467.607694139462,1530.270551054269,1592.4757540387602,1587.3310509029602,1499.1666666666667
394739,627,"Kendallville, IN",msa,IN,,,,,,,,,,,,,,,,,,,,,,,,,,,,,,,,,,,,,,,,,,,,,,,,,,,,,,,,,,,,,,,,,,,,,,,,,,,,,,,,,,,,,,,,,,,,,,,,,,,,,,,,,,,,,,,,,,,,,,,,,,,,,,,,,,,,,,,,,,,,1150.0
394876,628,"Montrose, CO",msa,CO,,,,,,,,,,,,,,,,,,,,,,,,,,,,,,,,,,,,,,,,,,,,,,,,,,,,,,,,,,,,,,,,,,,,,,,,,,,,,,,,,,,,,,,,,,,,,,,,,,,,,,,,,,,,,,,,,,,,,,,,,,,,,,,,,,,,,1947.2199962245993,1939.7327525021083,1981.6360293566968,2089.219326400893,2124.9452052639026,2140.751698767078,2062.6602601751842,2116.031746031746
753916,632,"Sandpoint, ID",msa,ID,,,,,,,,,,,,,,,,,,,,,,,,,,,,,,,,,,,,,,,,,,,,,,,,,,,,,,,,,,,,,,,,,,,,,,,,,,,,,,,,,,,,,,,,,,,,,,,,,,,,,,,,,,,,,,,,,,,,,,,,,,,2145.2386006943943,2183.0841087930266,2201.856491028927,2214.763393918264,2216.9192289335615,2202.160250471385,2205.1008556559673,2188.898917284748,2128.0918180003787,2103.0761615708097,2083.4051696419383,2172.055197456775,2199.4236970069737,2213.574458673908,2221.7470746542463,2258.0887685312136,2319.1553954417914,2312.3809523809523
753865,633,"Bardstown, KY",msa,KY,,,,,,,,,,,,,,,,,,,,,,,,,,,,,,,,,,,,,,,,,,,,,,,,,,,,,,,,,,,,,,,,,,,,,,,,,,,,,,,,,,,,,,,,,,,,,,,,,,,,,,,,,,,,,,,,,,,,,,,,,,,,,,,,,,,,,,,,,,,1123.2399964155304,1118.75
394426,640,"Burley, ID",msa,ID,,,,,,,,,,,,,,,,,,,,,,,,,,,,,,,,,,,,,,,,,,,,,,,,,,,,,,,,,,,,,,,,,,,,,,,,,,,,,,,,,,,,,,,,,,,,,,,,,,,,,,,,,,,,,,,,,,,,,,,,,,,,,,,,,,,,,,,,,,1430.3064900036095,1444.750808601198,1515.8333333333333
394548,641,"Durant, OK",msa,OK,,,,,,,,,,,,,,,,,,,,,,,,,,,,,,,,,,,,,,,,,,,,,,,,,,,,,,,,,,,,,,,,,,,,,,,,,,,,,,,,,,,,,,,,,,,,,,,,,,,,,,,,,,,,,,,,1465.9269365065588,1463.6681270877461,1451.553182953857,1432.333522084449,1418.2956978729173,1432.3416753205163,1452.6141660717171,1461.8429571436066,1459.0658167868417,1450.3941700441294,1467.7026479186343,1482.8355104330462,1497.690179429721,1483.8707002629749,1473.410724757947,1454.6483819184998,1461.7491719789084,1470.3233111136535,1462.9468996894175,1473.8033005823634,,1518.6974451446915,1511.1218268749817,1506.9608444041776,1519.8783057220849,1523.7795562582385,1516.3699456019592,1478.7794304620625,1489.6464646464647
395155,646,"Thomasville, GA",msa,GA,,,,,,,,,,,,,,,,,,,,,,,,,,,,,,,,,,,,,,,,,,,,,,,,,,,,,,,,,,,,,,,,,,,,,,,,,,,,,,,,,,,,,,,,,,,,,,,,,,,,,,,,,,,,,,,,,,,,,,1616.1259642663279,1611.8152052588239,1633.4017491596028,1607.1230874978883,1615.0376332040219,,1655.182037131338,1662.5158010251014,1658.589954704582,1675.8602496528383,1713.2169418448964,1696.0320639424629,1698.6063279496043,1681.4937252495226,1698.191652588848,1758.494596170071,1775.3966440452252,1806.2518609429499,1756.9113185377255,1767.4540934268307,1754.8957904661222,1781.563974533411,1780.5555555555554
394961,647,"Paragould, AR",msa,AR,,,,,,,,,,,,,,,,,,,,,,,,,,,,,,,,,,,,,,,,,,,,,,,,,,,,,,,,,,,,,,,,,,,,,,,,,,,,,,,,,,,,,,,,,,,,,,,,,,,,,,,,,,,,,,,,,,,,,,,,,,,,,,,,,,,,,,,,,1266.868973458148,1281.7430196846021,1294.6571034932967,1308.4722222222224
394427,649,"Burlington, IA",msa,IA,,,,,,,,,,,,,,,,,,,,,,,,,,,,,,,,,,,,,,,,,,,,,,,,,,,,,,,,,,,,,,,,,,,,,,,,,,,,,,,,,,,,,,,,,,,,,,,,,,,,,,,,,,,,,,,,,,,,,,,,,,,,,,,,,,,,,,,,,,,,995.0
394850,651,"Menomonie, WI",msa,WI,,,,,,,,,,,,,,,,,,,,,,,,,,,,,,,,,,,,,,,,,,,,,,,,,,,,,,,,,,,,,,,,,,,,,,,,,,,,,,,,,,,,,,,,,,,,,,,,,,,,,,,,,,,,,,,,,,,,,,,,,,,,,,,,,,,,,,,,,,,1513.7302047419707,1542.8260869565217
394375,654,"Bedford, IN",msa,IN,,,,,,,,,,,,,,,,,,,,,,,,,,,,,,,,,,,,,,,,,,,,,,,,,,,,,,,,,,,,,,,,,,,,,,,,,,,,,,,,,,,,,,,,,,,,,,,,,,,,,,,,,,,,,,,,,,,,,,,,,,,,,,,,,,,,,,,,,,,,1600.0
395037,659,"Rolla, MO",msa,MO,,,,,,,,,,,,,,,,,,,,,,,,,,,,,,,,,,,,,,,,,,,,,,,,,,,,,,,,,,,,,,,,,,,,,,,,,,,,,,,,,,,,,,,,,,,,,,,,,,,,,,,,,,,,,,,,,,,,,,,,,,,,,,,,,,,,1020.8520570304445,984.1565946953191,969.4582759479523,958.6893605487072,971.42858241278,974.3111900401153,968.8819468426656,978.9914039417936,990.7777777777778
753904,661,"Marion, NC",msa,NC,,,,,,,,,,,,,,,,,,,,,,,,,,,,,,,,,,,,,,,,,,,,,,,,,,,,,,,,,,,,,,,,,,,,,,,,,,,,,,,,,,,,,,,,,,,,,,,,,,,,,,,,,,,,,,,,,,,,,,,,,,,,,,,,,,,,,,,,,,,,1950.0
394567,663,"Ellensburg, WA",msa,WA,,,,,,,,,,,,,,,,,,,,,,,,,,,,,,,,,,,,,,,,,,,,,,,,,,,,,,,,,,,,,,,,,,,,,,,,,,,,,,,,,,,,,,,1788.353331337984,1838.3076682011138,1884.5994189171204,1873.9897670516089,1865.525161090349,1852.8698592838334,1872.391091892455,1893.181897655631,1862.984774609059,1953.5659225239845,1945.7964571627408,2031.8028669293685,1957.1094709488777,2004.1706820697675,2026.7341391241412,2043.3125497516805,2041.6963076981447,2014.4765293901812,1991.7920004377563,1954.4466389908955,1935.5861694777814,1946.3931966116165,2002.4660708548865,2045.2255923958855,2077.3514141258916,2068.2098580431875,2069.975046877099,2074.3077148635975,2077.4329032060946,2046.9322347727218,2011.858528401529,2002.8031890753678,2047.9270011200972,2106.019411526708,2121.731409024642,2143.7713352747564,2134.3482780383833,2141.200934731716,2112.141433664975,2120.1732210365462,2138.133699893272,2138.2628789315527,2134.3444487133734,2141.692734269847,2147.0944367878114,2123.5588915597123,2074.3739343314182,2041.680761695678,2069.670968017551,2095.2030795299133,2151.725645254393,2159.1811932233004,2200.0625359545857,2171.010101010101
394886,667,"Mount Pleasant, TX",msa,TX,,,,,,,,,,,,,,,,,,,,,,,,,,,,,,,,,,,,,,,,,,,,,,,,,,,,,,,,,,,,,,,,,,,,,,,,,,,,,,,,,,,,,,,,,,,,,,,,,,,,,,,,,,,,,,,,,,,,,,,,,,,,,,,,,,,,,,,,,,,1575.8553410963268,1650.0
394545,673,"Duncan, OK",msa,OK,,,,,,,,,,,,,,,,,,,,,,,,,,,,,,,,,,,,,,,,,,,,,,,,,,,,,,,,,,,,,,,,,,,,,,,,,,,,,,,,,,,,,,,,,,,,,,,,,,,,,,,,,,,,,,,,,,,,,,,,,,,,,,,,,,927.2998673436061,940.3628943069718,930.0371175025113,911.8000016850375,897.9983881426571,917.7535016372544,937.8330457974005,963.6607574378938,942.1458339301512,947.9806491727921,937.5
395081,674,"Sedalia, MO",msa,MO,,,,,,,,,,,,,,,,,,,,,,,,,,,,,,,,,,,,,,,,,,,,,,,,,,,,,,,,,,,,,,,,,,,,,,,,,,,,,,,,,,,,,,,,,,,,,,,,,,,,,,,,,,,,,,,,,,,,,,,,,,,,,,,,,,,,,,,,,,1256.9187407193174,1273.2162862637315,1280.9444444444443
394677,676,"Henderson, NC",msa,NC,,,,,,,,,,,,,,,,,,,,,,,,,,,,,,,,,,,,,,,,,,,,,,,,,,,,,,,,,,,,,,,,,,,,,,,,,,,,,,,,,,,,,,,,,,,,,,,,,,,,,,,,,,,,,,,,,,,,,,,,,,,,1014.3110274192583,1029.6739074492666,1025.9643118862466,1018.4494929823657,1035.0458903394172,1023.2544983118685,1024.3165066079516,1009.7038169104346,993.8753028724226,1008.1225206952081,1012.1298815658299,1085.9675840555165,1079.2684180175104,1090.7409497064964,1026.2319038920105,1021.6530883350482,1020.4166666666666
395129,680,"Stephenville, TX",msa,TX,,,,,,,,,,,,,,,,,,,,,,,,,,,,,,,,,,,,,,,,,,,,,,,,,,,,,,,,,,,,,,,,,,,,,,,,,,,,,,,,,,,,,,,,,,,,,,,,,,,,,,,,,,,,,,,,,,,,,,,,,,,,,,,,,,,,1666.1992546143736,1660.6822474893338,1727.2137977014074,1762.4784393292957,1798.1571968319267,1786.6913509547,1808.9599950878687,1767.028976419449,1779.6666666666667
394891,686,"Mountain Home, AR",msa,AR,,,,,,,,,,,,,,,,,,,,,,,,,,,,,,,,,,,,,,,,,,,,,,,,,,,,,,,,,,,,,,,,,,,,,,,,,,,,,,,,,,,,,,,,,,,,,,,,,,,,,,,,,,,,,,,,,,,,,,,,,,,,,,,,,,,,,,,,,,,1340.222268971176,1350.0
394624,687,"Gainesville, TX",msa,TX,,,,,,,,,,,,,,,,,,,,,,,,,,,,,,,,,,,,,,,,,,,,,,,,,,,,,,,,,,,,,,,,,,,,,,,,,,,,,,,,,,,,,,,,,,,,,,,,,,,,,,,,,,,,,,,,,,,,,,,,,,,,,,,,,,,,,,1662.2778462446722,1705.1218965469093,1720.2609161882124,1739.079013554119,1727.9788166946269,1714.5673724781682,1738.0833333333333
394397,689,"Blytheville, AR",msa,AR,,,,,,,,,,,,,,,,,,,,,,,,,,,,,,,,,,,,,,,,,,,,,,,,,,,,,,,,,,,,,,,,,,,,,,,,,,,,,,,,,,,,,,,,,,,,,,,,,,,,,,,,,,,,,,,,,,,,,,,,,,,,,,,,,,,,,,,,,,,,1100.0
394341,691,"Astoria, OR",msa,OR,,,,,,,,,,,,,,,,,,,,,,,,,,,,,,,,,,,,,,,,,,,,,,,,,,,,,,,,,,,,,,,,,,,,,,,,,,,,,,,,,,,,,,,,,,,,,,,,,,,,,,,,,,,,,,,,,,,,,,,,,,,,,,2136.8301714013705,2161.4881057325783,2218.7558640690786,2153.2390287646394,2128.030924242971,2088.77203583288,,2043.0593309861158,2102.3138912940785,2265.8308115864947,2307.302449302246,2326.42905347771,2383.723656305511,2303.7922288015743,2240.0
394833,696,"Marshalltown, IA",msa,IA,,,,,,,,,,,,,,,,,,,,,,,,,,,,,,,,,,,,,,,,,,,,,,,,,,,,,,,,,,,,,,,,,,,,,,,,,,,,,,,,,,,,,,,,,,,,,,,,,,,,,,,,,,,,,,,,,,,,,,,,,,,,,,,,,,,,,,,,,,,,1125.0
394384,697,"Big Rapids, MI",msa,MI,,,,,,,,,,,,,,,,,,,,,,,,,,,,,,,,,,,,,,,,,,,,,,,,,,,,,,,,,,,,,,,,,,,,,,,,,,,,,,,,,,,,,,,,,,,,,,,,,,,,,,,,,,,,,,,,,,,,,,,,,,,,,,,,,,,,,,,,,,,,1495.0
394934,701,"Okeechobee, FL",msa,FL,,,,,,,,,,,,,,,,,,,,,,,,,,,,,,,,,,,,,,,,,,,,,,,,,,,,,,,,,,,,,,,,,,,,,,,,,,,,,,,,,,,,,,,,,,,,,,,,,,,,,,,,,,,,,,,,,,,,,,,,,,,,,,,,,,,,,,,,,,,,1962.5
394881,703,"Moscow, ID",msa,ID,,,,,,,,,,,,,,,,,,,,,,,,,,,,,,,,,,,,,,,,,,,,,,,,,,,,,,,,,,,,,,,,,,,,,,,,,,,,,,,,,,,,,,,,,,,,,,,,,,,,,,,,,,,,,,,,,,,,,,,,,,,,,,,,,,,,,,2263.2963006546684,2408.8952849685443,2295.8668639439393,2361.4425843772087,2263.148624086323,2350.5174365654148,2308.3333333333335
394476,704,"Clewiston, FL",msa,FL,,,,,,,,,,,,,,,,,,,,,,,,,,,,,,,,,,,,,,,,,,,,,,,,,,,,,,,,,,,,,,,,,,,,,,,,,,,,,,,,,,,,,,,,,,,,,,,,,,,,,,,,,,,,,,,,,,,,,,,,,,,,,,,,,,,,,,,,,,1950.356363450317,1935.0187446401114,1926.111111111111
395026,705,"Riverton, WY",msa,WY,,,,,,,,,,,,,,,,,,,,,,,,,,,,,,,,,,,,,,,,,,,,,,,,,,,,,,,,,,,,,,,,,,,,,,,,,,,,,,,,,,,,,,,,,,,,,,,,,,,,,,,,,,,,,,,,,,,,,,,,,,,,,,,,,,,,,1318.4167485222708,1325.226817998657,1369.1194285956046,1356.0093410973777,,1318.186223147628,1325.9994897600025,1344.4444444444443
394981,708,"Pittsburg, KS",msa,KS,,,,,,,,,,,,,,,,,,,,,,,,,,,,,,,,,,,,,,,,,,,,,,,,,,,,,,,,,,,,,,,,,,,,,,,,,,,,,,,,,,,,,,,,,,,,,,,,,,,,,,,,,,,,,,,,,,,,,,,,,871.1283970456398,871.9666847193681,887.4780709304806,900.3656801917238,916.9979338329543,922.1417089837535,932.7888962531674,,926.1062351110027,,943.9455572595822,960.0722441451653,972.4375302305735,1006.4553214980032,997.5807383261014,967.4249210092239,963.4288069076275,960.7719384201215,989.8465539352658,970.8333333333334
394315,711,"Alexandria, MN",msa,MN,,,,,,,,,,,,,,,,,,,,,,,,,,,,,,,,,,,,,,,,,,,,,,,,,,,,,,,,,,,,,,,,,,,,,,,,,,,,,,,,,,,,,,,,,,,,,,,,,,,,,,,,,,,,,,,,,,,,,,,,,,,,,,,,,,,,,,,,,,,,2000.0
394300,720,"Ada, OK",msa,OK,,,,,,,,,,,,,,,,,,,,,,,,,,,,,,,,,,,,,,,,,,,,,,,,,,,,,,,,,,,,,,,,,,,,,,,,,,,,,,,,,,,,,,,,,,,,,984.8847393833281,993.5700015897081,,1009.4295267046625,1021.5737623285258,1067.4820002197312,1051.0050140208568,1050.3183893654002,1047.3209252099139,1067.7795072657102,1079.632839523751,1078.304719500382,1054.2842905836787,1046.8312107169875,1055.4696269766876,1073.1505078071407,1074.3971459961579,1098.2901641548406,1131.708057848416,1155.7224929523804,1138.4125725973897,1137.4868445846282,1135.1849987326625,1147.5759886944516,1145.6437042401342,1146.3517365058692,1127.6464844490852,1115.8232196352253,1124.4513543233684,1140.4423143519107,1156.7374481656002,1165.4169706666505,1166.2102938105618,1166.7617156139722,1167.1332109870873,1170.5472239529558,1186.2188031301275,1165.7431253211194,1154.64151129698,1134.844592597944,1165.8676392892223,1181.0179566742484,1213.8821323117165,1207.3541558786185,1219.1201035083766,1213.5211155689663,1221.9882825834763,1207.7083333333333
394422,721,"Brownwood, TX",msa,TX,,,,,,,,,,,,,,,,,,,,,,,,,,,,,,,,,,,,,,,,,,,,,,,,,,,,,,,,,,,,,,,,,,,,,,,,,,,,,,,,,,,,,,,,,,,,,,,,,,,,,,,,,,,,,,,,,,,,,,,,,,,,,,,,,,,,,,,,,,,,1399.5
394554,729,"Easton, MD",msa,MD,,,,,,,,,,,,,,,,,,,,,,,,,,,,,,,,,,,,,,,,,,,,,,,,,,,,,,,,,,,,,,,,,,,,,,,,,,,,,,,,,,,,,,,,,,,,,,,,,,,,,,,,,,,,,,,,,,,,,,,,,,,,,,,,,,,,,,2406.938620079444,2338.0664865790136,2279.7315029487613,2370.790541840306,2467.9331450203545,2542.783796025783,2426.3888888888887
394771,733,"Laramie, WY",msa,WY,,,,,,,,,,,,,,,,,,,,,,,,,,,,,,,,,,,,,,,,,,,,,,,,,,,,,,,,,,,,,,,,,,,,,,,,,,,,,,,,,,,,,,,,,,,,,,,,,,,,,,,,,,,,,,,,,,,,,,,1645.1358966321588,1655.7015399031995,1684.2465100782085,1702.3972958286547,1710.6302938624024,1725.1452061456887,1747.1587234734784,1752.0554246070665,1751.5850012891574,1776.7774926331408,1759.1139892255217,1697.9395162723556,1688.2599998695462,1696.8220160517546,1752.1568705095142,1743.0556935174766,1772.3423927516608,1776.1067303474117,1765.3818253657578,1771.4172544838254,1765.1656330431604,1808.1357142857141
394894,734,"Murray, KY",msa,KY,,,,,,,,,,,,,,,,,,,,,,,,,,,,,,,,,,,,,,,,,,,,,,,,,,,,,,,,,,,,,,,,,,,,,,,,,,,,,,,,,,,,,,,,,,,,,,,,,,,,,,,,,,,,,,,,,,,,,,,,,,,,,,,,,,,1261.872335388404,1280.7836595493766,,1312.576237314425,1327.8882833359016,1365.4502659131151,1356.2872334724657,1370.3796737447692,1358.6707271268565,1349.1666666666667
394617,735,"Fremont, NE",msa,NE,,,,,,,,,,,,,,,,,,,,,,,,,,,,,,,,,,,,,,,,,,,,,,,,,,,,,,,,,,,,,,,,,,,,,,,,,,,,,,,,,,,,,,,,,,,,,,,,,,,,,,,,,,,,,,,,,,,,,1465.9793298620061,1501.0536695180128,1481.7702487094084,1505.6247360053262,1475.2992399885652,1503.2010632808274,1521.5141257038317,1531.5564285535654,1563.3726643820255,1573.722252373251,1595.6904270281848,1584.2483158483703,1567.1463947411814,1545.7563000877692,1544.511857239723,1528.30654736468,1533.2256115287812,1495.6881127984425,1514.2241457779414,1524.1821861776486,1567.9648712634216,1567.7602745014487,1588.0784884029883,1605.0
394603,737,"Fort Dodge, IA",msa,IA,,,,,,,,,,,,,,,,,,,,,,,,,,,,,,,,,,,,,,,,,,,,,,,,,,,,,,,,,,,,,,,,,,,,,,,,,,,,,,,,,,,,,,,,,,,,,,,,,,,,,,,,,,,,,,,,,,,,,,,,,,,,,,,,891.6647175716554,886.4200773571149,880.5580490442986,886.9189807579171,891.9900623853334,844.4293381883385,826.8878244916845,844.5828283562203,900.7062316572044,934.5114472899594,912.828429440528,924.2393860209054,900.0
394745,744,"Kill Devil Hills, NC",msa,NC,,,,,,,,,,,,,,,,,,,,,,,,,,,,,,,,,,,,,,,,,,,,,,,,,,,,,,,,,,,,,,,,,,,,,,,,,,,,,,,,,,,,,,,,,,,,,,,,,,,,,,,,,,,,,,,,,,,,,,,,,,,,,,,,,,,,,,,,,,,,2600.0
395137,745,"Sulphur Springs, TX",msa,TX,,,,,,,,,,,,,,,,,,,,,,,,,,,,,,,,,,,,,,,,,,,,,,,,,,,,,,,,,,,,,,,,,,,,,,,,,,,,,,,,,,,,,,,,,,,,,,,,,,,,,,,,,,,,,,,,,,,,,,,,,,,,,,,,,,,,,,,,,,1618.702075559478,,1600.0
394522,749,"DeRidder, LA",msa,LA,,,,,,,,,,,,,,,,,,,,,,,,,,,,,,,,,,,,,,,,,,,,,,,,,,,,,,,,,,,,,,,,,,,,,,,,,,,,,,,,,,,,,,,,,,,,,,,,,,,,,,,,,,,,,,,,,,,,,,,,,,,,,,,,,,,,,,,,1425.4564283458576,1459.9249689469675,1461.8350745223756,1488.5806799387115,1469.4444444444443
394920,752,"North Platte, NE",msa,NE,,,,,,,,,,,,,,,,,,,,,,,,,,,,,,,,,,,,,,,,,,,,,,,,,,,,,,,,,,,,,,,,,,,,,,,,,,,,,,,,,,,,,,,,,,,,,,,,,,,,,,,,,,,,,,,,,,,,,,,,,,,,,,,,,,,,,,,,,,1509.4578624521373,1546.4315726633397,1447.2222222222224
394781,755,"Lebanon, MO",msa,MO,,,,,,,,,,,,,,,,,,,,,,,,,,,,,,,,,,,,,,,,,,,,,,,,,,,,,,,,,,,,,,,,,,,,,,,,,,,,,,,,,,,,,,,,,,,,,,,,,,,,,,,,,,,,,,,,,,,,,,,,,,,,,,,,,,,,,,,,,,,1018.8065530741001,1008.3333333333333
395191,758,"Vidalia, GA",msa,GA,,,,,,,,,,,,,,,,,,,,,,,,,,,,,,,,,,,,,,,,,,,,,,,,,,,,,,,,,,,,,,,,,,,,,,,,,,,,,,,,,,,,,,,,,,,,,,,,,,,,,,,,,,,,,,,,,,,,,,,,,,,,,,,,,,,,,,,,,,,,1184.375
394413,759,"Brenham, TX",msa,TX,,,,,,,,,,,,,,,,,,,,,,,,,,,,,,,,,,,,,,,,,,,,,,,,,,,,,,,,,,,,,,,,,,,,,,,,,,,,,,,,,,,,,,,,,,,,,,,,,,,,,,,,,,,,,,,,,,,,,,,,,,,,,,,,,,,,,,,,1668.5763809710145,1715.300620299926,1779.9718074006307,1793.1106785638895,1781.9444444444443
786252,761,"Bonham, TX",msa,TX,,,,,,,,,,,,,,,,,,,,,,,,,,,,,,,,,,,,,,,,,,,,,,,,,,,,,,,,,,,,,,,,,,,,,,,,,,,,,,,,,,,,,,,,,,,,,,,,,,,,,,,,,,,,,,,,,,,,,,,,,,,,,,,,,,1527.5751116208678,1564.0743020133662,1535.9868480528064,1526.5135649018473,1493.528207690112,1516.399102543948,1543.2643663359827,1544.1502953021152,1536.103028436721,1550.0587488041551,1553.611111111111
394430,764,"Butte, MT",msa,MT,,,,,,,,,,,,,,,,,,,,,,,,,,,,,,,,,,,,,,,,,,,,,,,,,,,,,,,,,,,,,,,,,,,,,,,,,,,,,,,,,,,,,,,,,,,,,,,,,,,,,,,,,,,,,,,,,,,,,,,,,,1328.5940967671704,1333.7031164833052,1387.6037767106172,1372.3478657885591,1384.7711060323945,1415.6901303249872,1428.795210191601,1411.4157099508857,1360.4162269586932,1409.030681731713,1435.4023228656056,1475.2738834437644,1456.1175876939753,1471.2217762257492,1501.8023156045367,1503.0402564924102,1477.6345781621144,1463.787174787194,1494.4444444444443
394569,767,"Emporia, KS",msa,KS,,,,,,,,,,,,,,,,,,,,,,,,,,,,,,,,,,,,,,,,,,,,,,,,,,,,,,,,,,,,,,,,,,,,,,,,,,,,,,,,,,,,,,,,,,,,,,,,,,,,,,,,,,,,,,,,,,,,,,,,,,,,,,,,,,,,,,,1122.4472014421813,1144.6549195510188,1087.1647807120755,1120.3974608890517,1102.4112510173863,1119.4444444444443
394713,768,"Jackson, WY",msa,WY,,,,,,,,,,,,,,,,,,,,,,,,,,,,,,,,,,,,,,,,,,,,,,,,,,,,,,,,,,,,,,,,,,,,,,,,,,,,,,,,,,,,,,,,,,,,,,,,,,,,,,,,,,,,,,,,,,,,,,,,,,,,,,,,,,,,,,,4039.7698592798097,3987.300999164505,4184.3944852927,4321.005797261208,4114.250148529749,4091.6666666666665
394385,770,"Big Spring, TX",msa,TX,,,,,,,,,,,,,,,,,,,,,,,,,,,,,,,,,,,,,,,,,,,,,,,,,,,,,,,,,,,,,,,,,,,,,,,,,,,,,,,,,,,,,,,,,,,,,,,,,,,,,,,,,,,,,,,,,,,,,,,,,,,,,,,,,,,,,,,,,,1391.5681645207642,1402.667877274234,1447.2222222222224
395149,777,"Taos, NM",msa,NM,,,,,,,,,,,,,,,,,,,,,,,,,,,,,,,,,,,,,,,,,,,,,,,,,,,,,,,,,,,,,,,,,,,,,,,,,,,,,,,,,,,,,,,,,,,,,,,,,,,,,,,,,,,,,,,,,,,,,,,,,,,,,,,,,,,,,,,,2122.1628778001314,,2136.9556583327762,2207.6737256273695,2175.0
394419,778,"Brookings, SD",msa,SD,,,,,,,,,,,,,,,,,,,,,,,,,,,,,,,,,,,,,,,,,,,,,,,,,,,,,,,,,,,,,,,,,,,,,,,,,,,,,,,,,,,,,,,,,,,,,,,,,,,,,,,,,,,,,,,,,,,,,,,,,,,,,,,,,,,,,,,,,,1686.9930464246306,1787.4246114480504,1652.2222222222224
394533,785,"Dickinson, ND",msa,ND,,,,,,,,,,,,,,,,,,,,,,,,,,,,,,,,,,,,,,,,,,,,,,,,,,,,,,,,,,,,,,,,,,,,,,,,,,,,,,,,,,,,,,,,,,,,,,,,,,,,,,,,,,,,,,,,,,,,,,,,,,,,,,,,,,,,,,1477.2168478231806,1462.7816189188993,1447.535681193696,1484.6230896295735,1445.1236992728147,1463.5846640735267,1566.5555555555557
394414,792,"Brevard, NC",msa,NC,,,,,,,,,,,,,,,,,,,,,,,,,,,,,,,,,,,,,,,,,,,,,,,,,,,,,,,,,,,,,,,,,,,,,,,,,,,,,,,,,,,,,,,,,,,,,,,,,,,,,,,,,,,,,,,,,,,,,,,,,,,,,,,,,,,,,2152.1703045509003,2187.143199318156,2200.094527025321,,2211.8905030515893,2160.548279337655,2193.037977588445,2240.277777777778
394433,799,"Cambridge, MD",msa,MD,,,,,,,,,,,,,,,,,,,,,,,,,,,,,,,,,,,,,,,,,,,,,,,,,,,,,,,,,,,,,,,,,,,,,,,,,,,,,,,,,,,,,,,,,,,,,,,,,,,,,,,,,,,,,,,,,,,,,,,,,,,,,,,,,,,,,,,,,,,,2025.0
394962,800,"Paris, TN",msa,TN,,,,,,,,,,,,,,,,,,,,,,,,,,,,,,,,,,,,,,,,,,,,,,,,,,,,,,,,,,,,,,,,,,,,,,,,,,,,,,,,,,,,,,,,,,,,,,,,,,,,,,,,,,,,,,,,,,,,,,,,,,,,,,,,,,,,,,,,,,,,1300.0
394730,802,"Juneau, AK",msa,AK,,,,,,,,,,,,,,,,,,,,,,,,,,,,,,,,,,,,,,,,,,,,,,,,,,,,,,,,,,,,,,,,,,,,,,,,,,,,,,,,,,,,,,,,,,,,,,,,,,,,,,,,,,,,,,,,,,,,,,,,,,,,,,,,,,,,,,,,,,,,2950.0
394749,809,"Kingsville, TX",msa,TX,,,,,,,,,,,,,,,,,,,,,,,,,,,,,,,,,,,,,,,,,,,,,,,,,,,,,,,,,,,,,,,,,,,,,,,,,,,,,,,,,,,,,,,,,,,,,,,,,,,,,,,,,,,,,,,,,,,,,,,,,,,,,,,,,,,,,,,,1636.5606486416611,1664.0210482428652,1682.418437840087,1706.97126702233,1683.0
753871,811,"Breckenridge, CO",msa,CO,,,,,,,,,,,,,,,,,,,,,,,,,,,,,,,,,,,,,,,,,,,,,,,,,,,,,,,,,,,,,,,,,,,,,,,,,,,,,,,,,,,,,,,,,,,,,,,,,,,,,,,,,,,,,,,,,,,,,,,,,4092.047291579951,4142.990909660084,4216.520503231546,4130.45741047627,4184.17779118106,4186.124705511537,4231.721138775426,4219.470591115652,4183.707411751588,4249.117204293417,4504.601633409824,4526.571407994707,4502.9787801714265,4342.658671602709,4253.952193196079,4384.937720712485,4274.502317340756,4396.487612746941,4336.1465285342265,4452.777777777777
394310,814,"Albert Lea, MN",msa,MN,,,,,,,,,,,,,,,,,,,,,,,,,,,,,,,,,,,,,,,,,,,,,,,,,,,,,,,,,,,,,,,,,,,,,,,,,,,,,,,,,,,,,,,,,,,,,,,,,,,,,,,,,,,,,,,,,,,,,,,,,,,,,,,,,,,,,,,,,,,,1275.0
395093,815,"Sheridan, WY",msa,WY,,,,,,,,,,,,,,,,,,,,,,,,,,,,,,,,,,,,,,,,,,,,,,,,,,,,,,,,,,,,,,,,,,,,,,,,,,,,,,,,,,,,,,,,,,,,,,,,,,,,,,,,,,,,,,,,,,,,,,,,,,,,,,,,,,,,,,,,,,,2094.9309620147133,2100.0
394751,821,"Kirksville, MO",msa,MO,,,,,,,,,,,,,,,,,,,,,,,,,,,,,,,,,,,,,,,,,,,,,,,,,,,,,,,,,,,,,,,,,,,,,,,,,,,,,,,,,,,,,,,,,,,,,,,,,,,,,,,,,,,,,,,,,,,,,,,,,,,,,,,,,,,,,,,,,,,,900.0
394606,827,"Fort Morgan, CO",msa,CO,,,,,,,,,,,,,,,,,,,,,,,,,,,,,,,,,,,,,,,,,,,,,,,,,,,,,,,,,,,,,,,,,,,,,,,,,,,,,,,,,,,,,,,,,,,,,,,,,,,,,,,,,,,,,,,,,,,,,,,,,,,,,,,,,,,,,,,,,,,,1488.3333333333333
394892,832,"Mountain Home, ID",msa,ID,,,,,,,,,,,,,,,,,,,,,,,,,,,,,,,,,,,,,,,,,,,,,,,,,,,,,,,,,,,,,,,,,,,,,,,,,,,,,,,,,,,,,,,,,,,,,,,,,,,,,,,,,,,,,,,,,,,,,,,,,1898.7121968089507,1838.4043981532102,1844.1262704969702,1861.4483285087354,1885.0199183652167,1898.3814666997373,1914.6293573774765,1941.0265139735016,1932.565891561932,,1909.0747368841003,1908.5164449606323,1918.6833756031594,1946.6652110565722,1972.2520941878429,2004.1445114424419,2002.6456449312527,2021.4203689865371,2025.7311340847293,2034.1666666666667
394864,833,"Mineral Wells, TX",msa,TX,,,,,,,,,,,,,,,,,,,,,,,,,,,,,,,,,,,,,,,,,,,,,,,,,,,,,,,,,,,,,,,,,,,,,,,,,,,,,,,,,,,,,,,,,,,,,,,,,,,,,,,,,,,,,,,,,,,,,,,,,,,,,,,,,,,,,,,,,,,,1600.0
394812,838,"Macomb, IL",msa,IL,,,,,,,,,,,,,,,,,,,,,,,,,,,,,,,,,,,,,,,,,,,,,,,,,,,,,,,,,,,,,,,,,,,,,,,,,,,,,,,,,,,,,,,,,,,,,,,,,,,,,,,,,,,,,,,,,,,,,,,,,,,,,,,,,,,,,,,,,,,,968.75
394508,840,"Crescent City, CA",msa,CA,,,,,,,,,,,,,,,,,,,,,,,,,,,,,,,,,,,,,,,,,,,,,,,,,,,,,,,,,,,,,,,,,,,,,,,,,,,,,,,,,,,,,,,,,,,,,,,,,,,,,,,,,,,,,,,,,,,,,,,,,,,,,,,,,,,,,,,,,,,,2175.0
394615,847,"Fredericksburg, TX",msa,TX,,,,,,,,,,,,,,,,,,,,,,,,,,,,,,,,,,,,,,,,,,,,,,,,,,,,,,,,,,,,,,,,,,,,,,,,,,,,,,,,,,,,,,,,,,,,,,,,,,,,,,,,,,,,,,,,,,,,,,,,,,,,,,,,,,,,,2450.0389503479473,2419.8580508595246,2394.9053352743567,2425.0733182589306,2420.0872039623628,2422.8642467771692,2424.110896531871,2415.5
753923,849,"The Dalles, OR",msa,OR,,,,,,,,,,,,,,,,,,,,,,,,,,,,,,,,,,,,,,,,,,,,,,,,,,,,,,,,,,,,,,,,,,,,,,,,,,,,,,,,,,,,,,,,,,,,,,,,,,,,,,,,,,,,,,,,,,,,,,,,,,,,,,,,,,,,,,,,,1967.5091394416215,2032.8243542578118,2031.3891334636828,2070.0
394758,852,"La Grande, OR",msa,OR,,,,,,,,,,,,,,,,,,,,,,,,,,,,,,,,,,,,,,,,,,,,,,,,,,,,,,,,,,,,,,,,,,,,,,,,,,,,,,,,,,,,,,,,,,,,,,,,,,,,,,,,,,,,,,,,,,,,,,,,,,,,,,,,,,,,,,,,,,,,1900.0
395110,858,"Spearfish, SD",msa,SD,,,,,,,,,,,,,,,,,,,,,,,,,,,,,,,,,,,,,,,,,,,,,,,,,,,,,,,,,,,,,,,,,,,,,,,,,,,,,,,,,,,,,,,,,,,,,,,,,,,,,,,,,,,,,,,,,,,,,,,,,,,,,,,,,,,,,,,,,,2080.1430163489717,1798.2770979508493,1716.5
394322,864,"Altus, OK",msa,OK,,,,,,,,,,,,,,,,,,,,,,,,,,,,,,,,,,,,,,,,,,,,,,,,,,,,,,,,,,,,,,,,,,,,,,,,,,,,,,,,,,,,,,,,,,,,,,,,,,,,,,,,,,,,,,,,,,,,,,,,,,,,,,,,,,,,,,,,,,,,1408.3333333333335
753884,866,"Hailey, ID",msa,ID,,,,,,,,,,,,,,,,,,,,,,,,,,,,,,,,,,,,,,,,,,,,,,,,,,,,,,,,,,,,,,,,,,,,,,,,,,,,,,,,,,,,,,,,,,,,,,,,,,,,,,,,,,,,,,,,,,,,,,,,,,,,,,,,,,,,,,,,,,,3694.4981193284425,3731.25
753921,867,"Steamboat Springs, CO",msa,CO,,,,,,,,,,,,,,,,,,,,,,,,,,,,,,,,,,,,,,,,,,,,,,,,,,,,,,,,,,,,,,,,,,,,,,,,,,,,,,,,,,,,,,,,,,,,,,,,,,,,,,,,,,,,,,,,,,,,,,,,,,,,,,,,,,,,,,,4196.9339146576785,4052.233190161528,3910.1093358834555,3845.994499837102,3820.1160810688016,3853.8888888888887
395004,872,"Prineville, OR",msa,OR,,,,,,,,,,,,,,,,,,,,,,,,,,,,,,,,,,,,,,,,,,,,,,,,,,,,,,,,,,,,,,,,,,,,,,,,,,,,,,,,,,,,,,,,,,,,,,,,,,,,,,,,,,,,,,,,,,,,,,,,,,,,,,,,,,,,,,,,,,,2059.3463893250096,2033.3333333333333
845169,874,"Rockport, TX",msa,TX,,,,,,,,,,,,,,,,,,,,,,,,,,,,,,,,,,,,,,,,,,,,,,,,,,,,,,,,,,,,,,,,,,,,,,,,,,,,,,,,,,,,,,,,,,,,,,,,,,,,,,,,,,,,,,,,,,,,,,,,,,,,,,,,,,,,,,,1758.9252469312048,1776.4119075616127,1863.308043914138,1876.4288527874432,1870.8423887635795,1913.8888888888887
394687,875,"Hood River, OR",msa,OR,,,,,,,,,,,,,,,,,,,,,,,,,,,,,,,,,,,,,,,,,,,,,,,,,,,,,,,,,,,,,,,,,,,,,,,,,,,,,,,,,,,,,,,,,,,,,,,,,,,,,,,,,,,,,,,,,,,,,,,,,,,,,,,,,,,,,,,,2819.8331008933433,3099.2151110437694,3312.238679989299,2967.936185270223,3003.75
395130,890,"Sterling, CO",msa,CO,,,,,,,,,,,,,,,,,,,,,,,,,,,,,,,,,,,,,,,,,,,,,,,,,,,,,,,,,,,,,,,,,,,,,,,,,,,,,,,,,,,,,,,,,,,,,,,,,,,,,,,,,,,,,,,,,,,,,,,,,,,,,,,,,,,,,,,,,,,1171.882940594509,1216.6666666666665
786263,913,"Ruidoso, NM",msa,NM,,,,,,,,,,,,,,,,,,,,,,,,,,,,,,,,,,,,,,,,,,,,,,,,,,,,,,,,,,,,,,,,,,,,,,,,,,,,,,,,,,,,,,,,,,,,,,,,,,,,,,,,,,,,,,,,,,,,,,,,,,,,,,,,,,,,,,,,,,1700.6285615926618,,1975.0
394996,915,"Portales, NM",msa,NM,,,,,,,,,,,,,,,,,,,,,,,,,,,,,,,,,,,,,,,,,,,,,,,,,,,,,,,,,,,,,,,,,,,,,,,,,,,,,,,,,,,,,,,,,,,,,,,,,,,,,997.2527095764713,999.8209940340313,1002.6846699367078,982.4404351216732,992.8034795909618,974.5453180041311,1008.5062903906069,1003.9164862548325,1008.3471479040317,994.8704313240004,1008.438134017249,1025.4697913538712,1046.4336697884983,1050.6070644383472,1053.367239740052,1051.249170683748,1044.6807194069092,1050.612351296924,1050.8664998247307,1072.22753151939,1061.330911504576,1032.8833958925359,1030.9140834119212,1050.8518730684166,1087.3083464450806,1086.625364898408,1076.9822383937956,1082.8454631117627,1092.6892788558803,1104.515914227699,1082.2790305287804,1094.1589449453513,1089.8980228357254,1121.6430369998866,1123.9283343033392,1135.6897697516727,1144.9232480279381,1134.7856258283832,1141.821396517041,1135.8333333333333
395142,933,"Sweetwater, TX",msa,TX,,,,,,,,,,,,,,,,,,,,,,,,,,,,,,,,,,,,,,,,,,,,,,,,,,,,,,,,,,,,,,,,,,,,,,,,,,,,,,,,,,,,,,,,,,,,,,,,,,,,,,,,,,,,,,,,,,,,,,,,,,,,,,,,,,,,,,,,,,,,1525.0
